target	threshold	strategy	method	sequence	family_id	score	score_type	experimental_label	assay_measurement	assay_units	context	assay_training_count	training_sequences
tg2	0.7	family	kmer_ridge	AACAAGAGATGGTAGGCCTAACCATGCTTT	fam_7059637e87cf91b2	-1.1013313072978406	predicted_log2_enrichment	1	82.2	RU	harmonized_benchmark	0	569
tg2	0.7	family	kmer_ridge	AACAAGAGATGGTAGGCCTACGTAATGTTT	fam_7059637e87cf91b2	-0.3408216963038355	predicted_log2_enrichment	1	127.8	RU	harmonized_benchmark	0	569
tg2	0.7	family	kmer_ridge	AACGAGAGATGGTAGGCCTCAAATACAGTC	fam_7059637e87cf91b2	-0.4170997330264704	predicted_log2_enrichment	1	244.6	RU	harmonized_benchmark	0	569
tg2	0.7	family	kmer_ridge	AACGAGAGATGGTAGGCCTCCAAGCTCACG	fam_7059637e87cf91b2	-0.6557024807411398	predicted_log2_enrichment	1	40.4	RU	harmonized_benchmark	0	569
tg2	0.7	family	kmer_ridge	AACGAGAGATGGTAGGCCTCGCCTTCTAAA	fam_7059637e87cf91b2	-0.9406907080669017	predicted_log2_enrichment	1	211.3	RU	harmonized_benchmark	0	569
tg2	0.7	family	kmer_ridge	AACGAGAGATGGTAGGCCTTTGATGATGCT	fam_7059637e87cf91b2	-1.4076886689112047	predicted_log2_enrichment	1	127.4	RU	harmonized_benchmark	0	569
tg2	0.7	family	kmer_ridge	ACACACGAGAGATGTTGCCTGCTACCCACA	fam_7059637e87cf91b2	-1.5225834405068714	predicted_log2_enrichment	1	105.5	RU	harmonized_benchmark	0	569
tg2	0.7	family	kmer_ridge	ACACACGAGAGATGTTGCCTGCTACCCGCA	fam_7059637e87cf91b2	-0.5020563475870916	predicted_log2_enrichment	0	0.7	RU	harmonized_benchmark	0	569
tg2	0.7	family	kmer_ridge	ATACGAGAGATGTAACCCGTCCTGCAATCA	fam_7059637e87cf91b2	0.24234163914414	predicted_log2_enrichment	1	46.2	RU	harmonized_benchmark	0	569
tg2	0.7	family	kmer_ridge	GCGGAGATTCTGAGGGTTCTCCTGTTCCAG	fam_f7ce10ee4a77d219	-0.1049529808793763	predicted_log2_enrichment	1	115.9	RU	harmonized_benchmark	0	569
tg2	0.7	family	kmer_ridge	GTCGAGACTTTGAGGGTTCTCCTGCTGTAA	fam_f7ce10ee4a77d219	-1.8447511555183729	predicted_log2_enrichment	1	59.8	RU	harmonized_benchmark	0	569
tg2	0.7	family	kmer_ridge	GTCGAGATTCTGAGGGTTCTCCTGGTGGCT	fam_f7ce10ee4a77d219	-1.6235814479206687	predicted_log2_enrichment	1	340.2	RU	harmonized_benchmark	0	569
tg2	0.7	family	kmer_ridge	GTCGAGATTTTGAGGGTTCTCCGCTCCAGG	fam_f7ce10ee4a77d219	0.10671905266966572	predicted_log2_enrichment	1	85.1	RU	harmonized_benchmark	0	569
tg2	0.7	family	kmer_ridge	TGTAGGGAATGACCGGGGTCCTTAACGCTT	fam_9f73b35ec4821216	-0.0846858778673534	predicted_log2_enrichment	1	315.7	RU	harmonized_benchmark	0	569
tg2	0.7	family	kmer_ridge	TGTAGGGAATGACCGGGTTCCTGGTGCCCG	fam_9f73b35ec4821216	0.8713577061252852	predicted_log2_enrichment	1	277.0	RU	harmonized_benchmark	0	569
tg2	0.7	family	frequency	AACAAGAGATGGTAGGCCTAACCATGCTTT	fam_7059637e87cf91b2	0.0	relative_frequency	1	82.2	RU	harmonized_benchmark	0	569
tg2	0.7	family	frequency	AACAAGAGATGGTAGGCCTACGTAATGTTT	fam_7059637e87cf91b2	0.0	relative_frequency	1	127.8	RU	harmonized_benchmark	0	569
tg2	0.7	family	frequency	AACGAGAGATGGTAGGCCTCAAATACAGTC	fam_7059637e87cf91b2	0.0	relative_frequency	1	244.6	RU	harmonized_benchmark	0	569
tg2	0.7	family	frequency	AACGAGAGATGGTAGGCCTCCAAGCTCACG	fam_7059637e87cf91b2	0.0	relative_frequency	1	40.4	RU	harmonized_benchmark	0	569
tg2	0.7	family	frequency	AACGAGAGATGGTAGGCCTCGCCTTCTAAA	fam_7059637e87cf91b2	0.0	relative_frequency	1	211.3	RU	harmonized_benchmark	0	569
tg2	0.7	family	frequency	AACGAGAGATGGTAGGCCTTTGATGATGCT	fam_7059637e87cf91b2	0.0	relative_frequency	1	127.4	RU	harmonized_benchmark	0	569
tg2	0.7	family	frequency	ACACACGAGAGATGTTGCCTGCTACCCACA	fam_7059637e87cf91b2	0.0	relative_frequency	1	105.5	RU	harmonized_benchmark	0	569
tg2	0.7	family	frequency	ACACACGAGAGATGTTGCCTGCTACCCGCA	fam_7059637e87cf91b2	0.0	relative_frequency	0	0.7	RU	harmonized_benchmark	0	569
tg2	0.7	family	frequency	ATACGAGAGATGTAACCCGTCCTGCAATCA	fam_7059637e87cf91b2	0.0	relative_frequency	1	46.2	RU	harmonized_benchmark	0	569
tg2	0.7	family	frequency	GCGGAGATTCTGAGGGTTCTCCTGTTCCAG	fam_f7ce10ee4a77d219	0.0	relative_frequency	1	115.9	RU	harmonized_benchmark	0	569
tg2	0.7	family	frequency	GTCGAGACTTTGAGGGTTCTCCTGCTGTAA	fam_f7ce10ee4a77d219	0.0	relative_frequency	1	59.8	RU	harmonized_benchmark	0	569
tg2	0.7	family	frequency	GTCGAGATTCTGAGGGTTCTCCTGGTGGCT	fam_f7ce10ee4a77d219	0.0	relative_frequency	1	340.2	RU	harmonized_benchmark	0	569
tg2	0.7	family	frequency	GTCGAGATTTTGAGGGTTCTCCGCTCCAGG	fam_f7ce10ee4a77d219	0.0	relative_frequency	1	85.1	RU	harmonized_benchmark	0	569
tg2	0.7	family	frequency	TGTAGGGAATGACCGGGGTCCTTAACGCTT	fam_9f73b35ec4821216	0.0	relative_frequency	1	315.7	RU	harmonized_benchmark	0	569
tg2	0.7	family	frequency	TGTAGGGAATGACCGGGTTCCTGGTGCCCG	fam_9f73b35ec4821216	0.0	relative_frequency	1	277.0	RU	harmonized_benchmark	0	569
tg2	0.7	family	enrichment	AACAAGAGATGGTAGGCCTAACCATGCTTT	fam_7059637e87cf91b2	-0.9323874728569614	log2_enrichment	1	82.2	RU	harmonized_benchmark	0	569
tg2	0.7	family	enrichment	AACAAGAGATGGTAGGCCTACGTAATGTTT	fam_7059637e87cf91b2	-0.9323874728569614	log2_enrichment	1	127.8	RU	harmonized_benchmark	0	569
tg2	0.7	family	enrichment	AACGAGAGATGGTAGGCCTCAAATACAGTC	fam_7059637e87cf91b2	-0.9323874728569614	log2_enrichment	1	244.6	RU	harmonized_benchmark	0	569
tg2	0.7	family	enrichment	AACGAGAGATGGTAGGCCTCCAAGCTCACG	fam_7059637e87cf91b2	-0.9323874728569614	log2_enrichment	1	40.4	RU	harmonized_benchmark	0	569
tg2	0.7	family	enrichment	AACGAGAGATGGTAGGCCTCGCCTTCTAAA	fam_7059637e87cf91b2	-0.9323874728569614	log2_enrichment	1	211.3	RU	harmonized_benchmark	0	569
tg2	0.7	family	enrichment	AACGAGAGATGGTAGGCCTTTGATGATGCT	fam_7059637e87cf91b2	-0.9323874728569614	log2_enrichment	1	127.4	RU	harmonized_benchmark	0	569
tg2	0.7	family	enrichment	ACACACGAGAGATGTTGCCTGCTACCCACA	fam_7059637e87cf91b2	-0.9323874728569614	log2_enrichment	1	105.5	RU	harmonized_benchmark	0	569
tg2	0.7	family	enrichment	ACACACGAGAGATGTTGCCTGCTACCCGCA	fam_7059637e87cf91b2	-0.9323874728569614	log2_enrichment	0	0.7	RU	harmonized_benchmark	0	569
tg2	0.7	family	enrichment	ATACGAGAGATGTAACCCGTCCTGCAATCA	fam_7059637e87cf91b2	-0.9323874728569614	log2_enrichment	1	46.2	RU	harmonized_benchmark	0	569
tg2	0.7	family	enrichment	GCGGAGATTCTGAGGGTTCTCCTGTTCCAG	fam_f7ce10ee4a77d219	-0.9323874728569614	log2_enrichment	1	115.9	RU	harmonized_benchmark	0	569
tg2	0.7	family	enrichment	GTCGAGACTTTGAGGGTTCTCCTGCTGTAA	fam_f7ce10ee4a77d219	-0.9323874728569614	log2_enrichment	1	59.8	RU	harmonized_benchmark	0	569
tg2	0.7	family	enrichment	GTCGAGATTCTGAGGGTTCTCCTGGTGGCT	fam_f7ce10ee4a77d219	-0.9323874728569614	log2_enrichment	1	340.2	RU	harmonized_benchmark	0	569
tg2	0.7	family	enrichment	GTCGAGATTTTGAGGGTTCTCCGCTCCAGG	fam_f7ce10ee4a77d219	-0.9323874728569614	log2_enrichment	1	85.1	RU	harmonized_benchmark	0	569
tg2	0.7	family	enrichment	TGTAGGGAATGACCGGGGTCCTTAACGCTT	fam_9f73b35ec4821216	-0.9323874728569614	log2_enrichment	1	315.7	RU	harmonized_benchmark	0	569
tg2	0.7	family	enrichment	TGTAGGGAATGACCGGGTTCCTGGTGCCCG	fam_9f73b35ec4821216	-0.9323874728569614	log2_enrichment	1	277.0	RU	harmonized_benchmark	0	569
tg2	0.7	family	frequency_observed	AACAAGAGATGGTAGGCCTAACCATGCTTT	fam_7059637e87cf91b2	2.4634789249377972e-05	relative_frequency	1	82.2	RU	observational_reference	0	569
tg2	0.7	family	frequency_observed	AACAAGAGATGGTAGGCCTACGTAATGTTT	fam_7059637e87cf91b2	0.0007020914936072722	relative_frequency	1	127.8	RU	observational_reference	0	569
tg2	0.7	family	frequency_observed	AACGAGAGATGGTAGGCCTCAAATACAGTC	fam_7059637e87cf91b2	0.00048037839036287045	relative_frequency	1	244.6	RU	observational_reference	0	569
tg2	0.7	family	frequency_observed	AACGAGAGATGGTAGGCCTCCAAGCTCACG	fam_7059637e87cf91b2	0.0012810090409676545	relative_frequency	1	40.4	RU	observational_reference	0	569
tg2	0.7	family	frequency_observed	AACGAGAGATGGTAGGCCTCGCCTTCTAAA	fam_7059637e87cf91b2	0.0004434262064888035	relative_frequency	1	211.3	RU	observational_reference	0	569
tg2	0.7	family	frequency_observed	AACGAGAGATGGTAGGCCTTTGATGATGCT	fam_7059637e87cf91b2	2.4634789249377972e-05	relative_frequency	1	127.4	RU	observational_reference	0	569
tg2	0.7	family	frequency_observed	ACACACGAGAGATGTTGCCTGCTACCCACA	fam_7059637e87cf91b2	0.00038183923336535853	relative_frequency	1	105.5	RU	observational_reference	0	569
tg2	0.7	family	frequency_observed	ACACACGAGAGATGTTGCCTGCTACCCGCA	fam_7059637e87cf91b2	4.9269578498755944e-05	relative_frequency	0	0.7	RU	observational_reference	0	569
tg2	0.7	family	frequency_observed	ATACGAGAGATGTAACCCGTCCTGCAATCA	fam_7059637e87cf91b2	0.0006651393097332053	relative_frequency	1	46.2	RU	observational_reference	0	569
tg2	0.7	family	frequency_observed	GCGGAGATTCTGAGGGTTCTCCTGTTCCAG	fam_f7ce10ee4a77d219	0.0	relative_frequency	1	115.9	RU	observational_reference	0	569
tg2	0.7	family	frequency_observed	GTCGAGACTTTGAGGGTTCTCCTGCTGTAA	fam_f7ce10ee4a77d219	0.0	relative_frequency	1	59.8	RU	observational_reference	0	569
tg2	0.7	family	frequency_observed	GTCGAGATTCTGAGGGTTCTCCTGGTGGCT	fam_f7ce10ee4a77d219	2.4634789249377972e-05	relative_frequency	1	340.2	RU	observational_reference	0	569
tg2	0.7	family	frequency_observed	GTCGAGATTTTGAGGGTTCTCCGCTCCAGG	fam_f7ce10ee4a77d219	0.0	relative_frequency	1	85.1	RU	observational_reference	0	569
tg2	0.7	family	frequency_observed	TGTAGGGAATGACCGGGGTCCTTAACGCTT	fam_9f73b35ec4821216	2.4634789249377972e-05	relative_frequency	1	315.7	RU	observational_reference	0	569
tg2	0.7	family	frequency_observed	TGTAGGGAATGACCGGGTTCCTGGTGCCCG	fam_9f73b35ec4821216	0.0	relative_frequency	1	277.0	RU	observational_reference	0	569
tg2	0.7	family	enrichment_observed	AACAAGAGATGGTAGGCCTAACCATGCTTT	fam_7059637e87cf91b2	-2.310899096110691	log2_enrichment	1	82.2	RU	observational_reference	0	569
tg2	0.7	family	enrichment_observed	AACAAGAGATGGTAGGCCTACGTAATGTTT	fam_7059637e87cf91b2	-1.7089492413689624	log2_enrichment	1	127.8	RU	observational_reference	0	569
tg2	0.7	family	enrichment_observed	AACGAGAGATGGTAGGCCTCAAATACAGTC	fam_7059637e87cf91b2	-2.2210637619479385	log2_enrichment	1	244.6	RU	observational_reference	0	569
tg2	0.7	family	enrichment_observed	AACGAGAGATGGTAGGCCTCCAAGCTCACG	fam_7059637e87cf91b2	-1.125895148756827	log2_enrichment	1	40.4	RU	observational_reference	0	569
tg2	0.7	family	enrichment_observed	AACGAGAGATGGTAGGCCTCGCCTTCTAAA	fam_7059637e87cf91b2	-1.7537901694001983	log2_enrichment	1	211.3	RU	observational_reference	0	569
tg2	0.7	family	enrichment_observed	AACGAGAGATGGTAGGCCTTTGATGATGCT	fam_7059637e87cf91b2	-1.7803843794119112	log2_enrichment	1	127.4	RU	observational_reference	0	569
tg2	0.7	family	enrichment_observed	ACACACGAGAGATGTTGCCTGCTACCCACA	fam_7059637e87cf91b2	-1.9663348047802987	log2_enrichment	1	105.5	RU	observational_reference	0	569
tg2	0.7	family	enrichment_observed	ACACACGAGAGATGTTGCCTGCTACCCGCA	fam_7059637e87cf91b2	-2.154779894193409	log2_enrichment	0	0.7	RU	observational_reference	0	569
tg2	0.7	family	enrichment_observed	ATACGAGAGATGTAACCCGTCCTGCAATCA	fam_7059637e87cf91b2	-2.052946396978294	log2_enrichment	1	46.2	RU	observational_reference	0	569
tg2	0.7	family	enrichment_observed	GCGGAGATTCTGAGGGTTCTCCTGTTCCAG	fam_f7ce10ee4a77d219	-0.9323874728569614	log2_enrichment	1	115.9	RU	observational_reference	0	569
tg2	0.7	family	enrichment_observed	GTCGAGACTTTGAGGGTTCTCCTGCTGTAA	fam_f7ce10ee4a77d219	-3.2543155677443236	log2_enrichment	1	59.8	RU	observational_reference	0	569
tg2	0.7	family	enrichment_observed	GTCGAGATTCTGAGGGTTCTCCTGGTGGCT	fam_f7ce10ee4a77d219	-3.895861596831847	log2_enrichment	1	340.2	RU	observational_reference	0	569
tg2	0.7	family	enrichment_observed	GTCGAGATTTTGAGGGTTCTCCGCTCCAGG	fam_f7ce10ee4a77d219	-2.5173499735781175	log2_enrichment	1	85.1	RU	observational_reference	0	569
tg2	0.7	family	enrichment_observed	TGTAGGGAATGACCGGGGTCCTTAACGCTT	fam_9f73b35ec4821216	-4.225169222084807	log2_enrichment	1	315.7	RU	observational_reference	0	569
tg2	0.7	family	enrichment_observed	TGTAGGGAATGACCGGGTTCCTGGTGCCCG	fam_9f73b35ec4821216	-5.019850314107301	log2_enrichment	1	277.0	RU	observational_reference	0	569
tg2	0.7	family	kmer_logistic	AACAAGAGATGGTAGGCCTAACCATGCTTT	fam_7059637e87cf91b2	0.9357465201624685	decision_function	1	82.2	RU	harmonized_benchmark	8	569
tg2	0.7	family	kmer_logistic	AACAAGAGATGGTAGGCCTACGTAATGTTT	fam_7059637e87cf91b2	0.7803755509354231	decision_function	1	127.8	RU	harmonized_benchmark	8	569
tg2	0.7	family	kmer_logistic	AACGAGAGATGGTAGGCCTCAAATACAGTC	fam_7059637e87cf91b2	0.7315857833427873	decision_function	1	244.6	RU	harmonized_benchmark	8	569
tg2	0.7	family	kmer_logistic	AACGAGAGATGGTAGGCCTCCAAGCTCACG	fam_7059637e87cf91b2	1.9564343656047936	decision_function	1	40.4	RU	harmonized_benchmark	8	569
tg2	0.7	family	kmer_logistic	AACGAGAGATGGTAGGCCTCGCCTTCTAAA	fam_7059637e87cf91b2	2.715486617576491	decision_function	1	211.3	RU	harmonized_benchmark	8	569
tg2	0.7	family	kmer_logistic	AACGAGAGATGGTAGGCCTTTGATGATGCT	fam_7059637e87cf91b2	2.2645189044848064	decision_function	1	127.4	RU	harmonized_benchmark	8	569
tg2	0.7	family	kmer_logistic	ACACACGAGAGATGTTGCCTGCTACCCACA	fam_7059637e87cf91b2	1.2179034313464239	decision_function	1	105.5	RU	harmonized_benchmark	8	569
tg2	0.7	family	kmer_logistic	ACACACGAGAGATGTTGCCTGCTACCCGCA	fam_7059637e87cf91b2	2.089549252916405	decision_function	0	0.7	RU	harmonized_benchmark	8	569
tg2	0.7	family	kmer_logistic	ATACGAGAGATGTAACCCGTCCTGCAATCA	fam_7059637e87cf91b2	0.7481497876908372	decision_function	1	46.2	RU	harmonized_benchmark	8	569
tg2	0.7	family	kmer_logistic	GCGGAGATTCTGAGGGTTCTCCTGTTCCAG	fam_f7ce10ee4a77d219	4.003329378124095	decision_function	1	115.9	RU	harmonized_benchmark	8	569
tg2	0.7	family	kmer_logistic	GTCGAGACTTTGAGGGTTCTCCTGCTGTAA	fam_f7ce10ee4a77d219	3.9647485077427467	decision_function	1	59.8	RU	harmonized_benchmark	8	569
tg2	0.7	family	kmer_logistic	GTCGAGATTCTGAGGGTTCTCCTGGTGGCT	fam_f7ce10ee4a77d219	4.633352438620827	decision_function	1	340.2	RU	harmonized_benchmark	8	569
tg2	0.7	family	kmer_logistic	GTCGAGATTTTGAGGGTTCTCCGCTCCAGG	fam_f7ce10ee4a77d219	4.245781020496986	decision_function	1	85.1	RU	harmonized_benchmark	8	569
tg2	0.7	family	kmer_logistic	TGTAGGGAATGACCGGGGTCCTTAACGCTT	fam_9f73b35ec4821216	2.74228507715443	decision_function	1	315.7	RU	harmonized_benchmark	8	569
tg2	0.7	family	kmer_logistic	TGTAGGGAATGACCGGGTTCCTGGTGCCCG	fam_9f73b35ec4821216	3.5136286601210736	decision_function	1	277.0	RU	harmonized_benchmark	8	569
tg2	0.7	random	kmer_ridge	AACAAGAGATGGTAGGCCTAACCATGCTTT	fam_7059637e87cf91b2	-0.12530798093715012	predicted_log2_enrichment	1	82.2	RU	harmonized_benchmark	0	1882
tg2	0.7	random	kmer_ridge	AACAAGAGATGGTAGGCCTACGTAATGTTT	fam_7059637e87cf91b2	-0.0572742331138581	predicted_log2_enrichment	1	127.8	RU	harmonized_benchmark	0	1882
tg2	0.7	random	kmer_ridge	AACGAGAGATGGTAGGCCTCAAATACAGTC	fam_7059637e87cf91b2	-0.5543396495600464	predicted_log2_enrichment	1	244.6	RU	harmonized_benchmark	0	1882
tg2	0.7	random	kmer_ridge	AACGAGAGATGGTAGGCCTCCAAGCTCACG	fam_7059637e87cf91b2	-0.10860300557201091	predicted_log2_enrichment	1	40.4	RU	harmonized_benchmark	0	1882
tg2	0.7	random	kmer_ridge	AACGAGAGATGGTAGGCCTCGCCTTCTAAA	fam_7059637e87cf91b2	-0.8762448671035982	predicted_log2_enrichment	1	211.3	RU	harmonized_benchmark	0	1882
tg2	0.7	random	kmer_ridge	AACGAGAGATGGTAGGCCTTTGATGATGCT	fam_7059637e87cf91b2	-0.9350843728142714	predicted_log2_enrichment	1	127.4	RU	harmonized_benchmark	0	1882
tg2	0.7	random	kmer_ridge	ACACACGAGAGATGTTGCCTGCTACCCACA	fam_7059637e87cf91b2	-0.28322942481046554	predicted_log2_enrichment	1	105.5	RU	harmonized_benchmark	0	1882
tg2	0.7	random	kmer_ridge	ACACACGAGAGATGTTGCCTGCTACCCGCA	fam_7059637e87cf91b2	-0.06451442514338035	predicted_log2_enrichment	0	0.7	RU	harmonized_benchmark	0	1882
tg2	0.7	random	kmer_ridge	ATACGAGAGATGTAACCCGTCCTGCAATCA	fam_7059637e87cf91b2	-0.346781140126049	predicted_log2_enrichment	1	46.2	RU	harmonized_benchmark	0	1882
tg2	0.7	random	kmer_ridge	GCGGAGATTCTGAGGGTTCTCCTGTTCCAG	fam_f7ce10ee4a77d219	-0.6203313928153749	predicted_log2_enrichment	1	115.9	RU	harmonized_benchmark	0	1882
tg2	0.7	random	kmer_ridge	GTCGAGACTTTGAGGGTTCTCCTGCTGTAA	fam_f7ce10ee4a77d219	-0.7572291781986294	predicted_log2_enrichment	1	59.8	RU	harmonized_benchmark	0	1882
tg2	0.7	random	kmer_ridge	GTCGAGATTCTGAGGGTTCTCCTGGTGGCT	fam_f7ce10ee4a77d219	-0.700434622611045	predicted_log2_enrichment	1	340.2	RU	harmonized_benchmark	0	1882
tg2	0.7	random	kmer_ridge	GTCGAGATTTTGAGGGTTCTCCGCTCCAGG	fam_f7ce10ee4a77d219	-0.5907358487627477	predicted_log2_enrichment	1	85.1	RU	harmonized_benchmark	0	1882
tg2	0.7	random	kmer_ridge	TGTAGGGAATGACCGGGGTCCTTAACGCTT	fam_9f73b35ec4821216	0.1831420554637676	predicted_log2_enrichment	1	315.7	RU	harmonized_benchmark	0	1882
tg2	0.7	random	kmer_ridge	TGTAGGGAATGACCGGGTTCCTGGTGCCCG	fam_9f73b35ec4821216	0.5657727309373997	predicted_log2_enrichment	1	277.0	RU	harmonized_benchmark	0	1882
tg2	0.7	random	frequency	AACAAGAGATGGTAGGCCTAACCATGCTTT	fam_7059637e87cf91b2	0.0	relative_frequency	1	82.2	RU	harmonized_benchmark	0	1882
tg2	0.7	random	frequency	AACAAGAGATGGTAGGCCTACGTAATGTTT	fam_7059637e87cf91b2	0.0	relative_frequency	1	127.8	RU	harmonized_benchmark	0	1882
tg2	0.7	random	frequency	AACGAGAGATGGTAGGCCTCAAATACAGTC	fam_7059637e87cf91b2	0.0	relative_frequency	1	244.6	RU	harmonized_benchmark	0	1882
tg2	0.7	random	frequency	AACGAGAGATGGTAGGCCTCCAAGCTCACG	fam_7059637e87cf91b2	0.0	relative_frequency	1	40.4	RU	harmonized_benchmark	0	1882
tg2	0.7	random	frequency	AACGAGAGATGGTAGGCCTCGCCTTCTAAA	fam_7059637e87cf91b2	0.0	relative_frequency	1	211.3	RU	harmonized_benchmark	0	1882
tg2	0.7	random	frequency	AACGAGAGATGGTAGGCCTTTGATGATGCT	fam_7059637e87cf91b2	0.0	relative_frequency	1	127.4	RU	harmonized_benchmark	0	1882
tg2	0.7	random	frequency	ACACACGAGAGATGTTGCCTGCTACCCACA	fam_7059637e87cf91b2	0.0	relative_frequency	1	105.5	RU	harmonized_benchmark	0	1882
tg2	0.7	random	frequency	ACACACGAGAGATGTTGCCTGCTACCCGCA	fam_7059637e87cf91b2	0.0	relative_frequency	0	0.7	RU	harmonized_benchmark	0	1882
tg2	0.7	random	frequency	ATACGAGAGATGTAACCCGTCCTGCAATCA	fam_7059637e87cf91b2	0.0	relative_frequency	1	46.2	RU	harmonized_benchmark	0	1882
tg2	0.7	random	frequency	GCGGAGATTCTGAGGGTTCTCCTGTTCCAG	fam_f7ce10ee4a77d219	0.0	relative_frequency	1	115.9	RU	harmonized_benchmark	0	1882
tg2	0.7	random	frequency	GTCGAGACTTTGAGGGTTCTCCTGCTGTAA	fam_f7ce10ee4a77d219	0.0	relative_frequency	1	59.8	RU	harmonized_benchmark	0	1882
tg2	0.7	random	frequency	GTCGAGATTCTGAGGGTTCTCCTGGTGGCT	fam_f7ce10ee4a77d219	0.0	relative_frequency	1	340.2	RU	harmonized_benchmark	0	1882
tg2	0.7	random	frequency	GTCGAGATTTTGAGGGTTCTCCGCTCCAGG	fam_f7ce10ee4a77d219	0.0	relative_frequency	1	85.1	RU	harmonized_benchmark	0	1882
tg2	0.7	random	frequency	TGTAGGGAATGACCGGGGTCCTTAACGCTT	fam_9f73b35ec4821216	0.0	relative_frequency	1	315.7	RU	harmonized_benchmark	0	1882
tg2	0.7	random	frequency	TGTAGGGAATGACCGGGTTCCTGGTGCCCG	fam_9f73b35ec4821216	0.0	relative_frequency	1	277.0	RU	harmonized_benchmark	0	1882
tg2	0.7	random	enrichment	AACAAGAGATGGTAGGCCTAACCATGCTTT	fam_7059637e87cf91b2	-0.9323874728569614	log2_enrichment	1	82.2	RU	harmonized_benchmark	0	1882
tg2	0.7	random	enrichment	AACAAGAGATGGTAGGCCTACGTAATGTTT	fam_7059637e87cf91b2	-0.9323874728569614	log2_enrichment	1	127.8	RU	harmonized_benchmark	0	1882
tg2	0.7	random	enrichment	AACGAGAGATGGTAGGCCTCAAATACAGTC	fam_7059637e87cf91b2	-0.9323874728569614	log2_enrichment	1	244.6	RU	harmonized_benchmark	0	1882
tg2	0.7	random	enrichment	AACGAGAGATGGTAGGCCTCCAAGCTCACG	fam_7059637e87cf91b2	-0.9323874728569614	log2_enrichment	1	40.4	RU	harmonized_benchmark	0	1882
tg2	0.7	random	enrichment	AACGAGAGATGGTAGGCCTCGCCTTCTAAA	fam_7059637e87cf91b2	-0.9323874728569614	log2_enrichment	1	211.3	RU	harmonized_benchmark	0	1882
tg2	0.7	random	enrichment	AACGAGAGATGGTAGGCCTTTGATGATGCT	fam_7059637e87cf91b2	-0.9323874728569614	log2_enrichment	1	127.4	RU	harmonized_benchmark	0	1882
tg2	0.7	random	enrichment	ACACACGAGAGATGTTGCCTGCTACCCACA	fam_7059637e87cf91b2	-0.9323874728569614	log2_enrichment	1	105.5	RU	harmonized_benchmark	0	1882
tg2	0.7	random	enrichment	ACACACGAGAGATGTTGCCTGCTACCCGCA	fam_7059637e87cf91b2	-0.9323874728569614	log2_enrichment	0	0.7	RU	harmonized_benchmark	0	1882
tg2	0.7	random	enrichment	ATACGAGAGATGTAACCCGTCCTGCAATCA	fam_7059637e87cf91b2	-0.9323874728569614	log2_enrichment	1	46.2	RU	harmonized_benchmark	0	1882
tg2	0.7	random	enrichment	GCGGAGATTCTGAGGGTTCTCCTGTTCCAG	fam_f7ce10ee4a77d219	-0.9323874728569614	log2_enrichment	1	115.9	RU	harmonized_benchmark	0	1882
tg2	0.7	random	enrichment	GTCGAGACTTTGAGGGTTCTCCTGCTGTAA	fam_f7ce10ee4a77d219	-0.9323874728569614	log2_enrichment	1	59.8	RU	harmonized_benchmark	0	1882
tg2	0.7	random	enrichment	GTCGAGATTCTGAGGGTTCTCCTGGTGGCT	fam_f7ce10ee4a77d219	-0.9323874728569614	log2_enrichment	1	340.2	RU	harmonized_benchmark	0	1882
tg2	0.7	random	enrichment	GTCGAGATTTTGAGGGTTCTCCGCTCCAGG	fam_f7ce10ee4a77d219	-0.9323874728569614	log2_enrichment	1	85.1	RU	harmonized_benchmark	0	1882
tg2	0.7	random	enrichment	TGTAGGGAATGACCGGGGTCCTTAACGCTT	fam_9f73b35ec4821216	-0.9323874728569614	log2_enrichment	1	315.7	RU	harmonized_benchmark	0	1882
tg2	0.7	random	enrichment	TGTAGGGAATGACCGGGTTCCTGGTGCCCG	fam_9f73b35ec4821216	-0.9323874728569614	log2_enrichment	1	277.0	RU	harmonized_benchmark	0	1882
tg2	0.7	random	frequency_observed	AACAAGAGATGGTAGGCCTAACCATGCTTT	fam_7059637e87cf91b2	2.4634789249377972e-05	relative_frequency	1	82.2	RU	observational_reference	0	1882
tg2	0.7	random	frequency_observed	AACAAGAGATGGTAGGCCTACGTAATGTTT	fam_7059637e87cf91b2	0.0007020914936072722	relative_frequency	1	127.8	RU	observational_reference	0	1882
tg2	0.7	random	frequency_observed	AACGAGAGATGGTAGGCCTCAAATACAGTC	fam_7059637e87cf91b2	0.00048037839036287045	relative_frequency	1	244.6	RU	observational_reference	0	1882
tg2	0.7	random	frequency_observed	AACGAGAGATGGTAGGCCTCCAAGCTCACG	fam_7059637e87cf91b2	0.0012810090409676545	relative_frequency	1	40.4	RU	observational_reference	0	1882
tg2	0.7	random	frequency_observed	AACGAGAGATGGTAGGCCTCGCCTTCTAAA	fam_7059637e87cf91b2	0.0004434262064888035	relative_frequency	1	211.3	RU	observational_reference	0	1882
tg2	0.7	random	frequency_observed	AACGAGAGATGGTAGGCCTTTGATGATGCT	fam_7059637e87cf91b2	2.4634789249377972e-05	relative_frequency	1	127.4	RU	observational_reference	0	1882
tg2	0.7	random	frequency_observed	ACACACGAGAGATGTTGCCTGCTACCCACA	fam_7059637e87cf91b2	0.00038183923336535853	relative_frequency	1	105.5	RU	observational_reference	0	1882
tg2	0.7	random	frequency_observed	ACACACGAGAGATGTTGCCTGCTACCCGCA	fam_7059637e87cf91b2	4.9269578498755944e-05	relative_frequency	0	0.7	RU	observational_reference	0	1882
tg2	0.7	random	frequency_observed	ATACGAGAGATGTAACCCGTCCTGCAATCA	fam_7059637e87cf91b2	0.0006651393097332053	relative_frequency	1	46.2	RU	observational_reference	0	1882
tg2	0.7	random	frequency_observed	GCGGAGATTCTGAGGGTTCTCCTGTTCCAG	fam_f7ce10ee4a77d219	0.0	relative_frequency	1	115.9	RU	observational_reference	0	1882
tg2	0.7	random	frequency_observed	GTCGAGACTTTGAGGGTTCTCCTGCTGTAA	fam_f7ce10ee4a77d219	0.0	relative_frequency	1	59.8	RU	observational_reference	0	1882
tg2	0.7	random	frequency_observed	GTCGAGATTCTGAGGGTTCTCCTGGTGGCT	fam_f7ce10ee4a77d219	2.4634789249377972e-05	relative_frequency	1	340.2	RU	observational_reference	0	1882
tg2	0.7	random	frequency_observed	GTCGAGATTTTGAGGGTTCTCCGCTCCAGG	fam_f7ce10ee4a77d219	0.0	relative_frequency	1	85.1	RU	observational_reference	0	1882
tg2	0.7	random	frequency_observed	TGTAGGGAATGACCGGGGTCCTTAACGCTT	fam_9f73b35ec4821216	2.4634789249377972e-05	relative_frequency	1	315.7	RU	observational_reference	0	1882
tg2	0.7	random	frequency_observed	TGTAGGGAATGACCGGGTTCCTGGTGCCCG	fam_9f73b35ec4821216	0.0	relative_frequency	1	277.0	RU	observational_reference	0	1882
tg2	0.7	random	enrichment_observed	AACAAGAGATGGTAGGCCTAACCATGCTTT	fam_7059637e87cf91b2	-2.310899096110691	log2_enrichment	1	82.2	RU	observational_reference	0	1882
tg2	0.7	random	enrichment_observed	AACAAGAGATGGTAGGCCTACGTAATGTTT	fam_7059637e87cf91b2	-1.7089492413689624	log2_enrichment	1	127.8	RU	observational_reference	0	1882
tg2	0.7	random	enrichment_observed	AACGAGAGATGGTAGGCCTCAAATACAGTC	fam_7059637e87cf91b2	-2.2210637619479385	log2_enrichment	1	244.6	RU	observational_reference	0	1882
tg2	0.7	random	enrichment_observed	AACGAGAGATGGTAGGCCTCCAAGCTCACG	fam_7059637e87cf91b2	-1.125895148756827	log2_enrichment	1	40.4	RU	observational_reference	0	1882
tg2	0.7	random	enrichment_observed	AACGAGAGATGGTAGGCCTCGCCTTCTAAA	fam_7059637e87cf91b2	-1.7537901694001983	log2_enrichment	1	211.3	RU	observational_reference	0	1882
tg2	0.7	random	enrichment_observed	AACGAGAGATGGTAGGCCTTTGATGATGCT	fam_7059637e87cf91b2	-1.7803843794119112	log2_enrichment	1	127.4	RU	observational_reference	0	1882
tg2	0.7	random	enrichment_observed	ACACACGAGAGATGTTGCCTGCTACCCACA	fam_7059637e87cf91b2	-1.9663348047802987	log2_enrichment	1	105.5	RU	observational_reference	0	1882
tg2	0.7	random	enrichment_observed	ACACACGAGAGATGTTGCCTGCTACCCGCA	fam_7059637e87cf91b2	-2.154779894193409	log2_enrichment	0	0.7	RU	observational_reference	0	1882
tg2	0.7	random	enrichment_observed	ATACGAGAGATGTAACCCGTCCTGCAATCA	fam_7059637e87cf91b2	-2.052946396978294	log2_enrichment	1	46.2	RU	observational_reference	0	1882
tg2	0.7	random	enrichment_observed	GCGGAGATTCTGAGGGTTCTCCTGTTCCAG	fam_f7ce10ee4a77d219	-0.9323874728569614	log2_enrichment	1	115.9	RU	observational_reference	0	1882
tg2	0.7	random	enrichment_observed	GTCGAGACTTTGAGGGTTCTCCTGCTGTAA	fam_f7ce10ee4a77d219	-3.2543155677443236	log2_enrichment	1	59.8	RU	observational_reference	0	1882
tg2	0.7	random	enrichment_observed	GTCGAGATTCTGAGGGTTCTCCTGGTGGCT	fam_f7ce10ee4a77d219	-3.895861596831847	log2_enrichment	1	340.2	RU	observational_reference	0	1882
tg2	0.7	random	enrichment_observed	GTCGAGATTTTGAGGGTTCTCCGCTCCAGG	fam_f7ce10ee4a77d219	-2.5173499735781175	log2_enrichment	1	85.1	RU	observational_reference	0	1882
tg2	0.7	random	enrichment_observed	TGTAGGGAATGACCGGGGTCCTTAACGCTT	fam_9f73b35ec4821216	-4.225169222084807	log2_enrichment	1	315.7	RU	observational_reference	0	1882
tg2	0.7	random	enrichment_observed	TGTAGGGAATGACCGGGTTCCTGGTGCCCG	fam_9f73b35ec4821216	-5.019850314107301	log2_enrichment	1	277.0	RU	observational_reference	0	1882
tg2	0.7	random	kmer_logistic	AACAAGAGATGGTAGGCCTAACCATGCTTT	fam_7059637e87cf91b2	-0.8410431948450755	decision_function	1	82.2	RU	harmonized_benchmark	15	1882
tg2	0.7	random	kmer_logistic	AACAAGAGATGGTAGGCCTACGTAATGTTT	fam_7059637e87cf91b2	-0.5181679875303812	decision_function	1	127.8	RU	harmonized_benchmark	15	1882
tg2	0.7	random	kmer_logistic	AACGAGAGATGGTAGGCCTCAAATACAGTC	fam_7059637e87cf91b2	-1.7941163778796958	decision_function	1	244.6	RU	harmonized_benchmark	15	1882
tg2	0.7	random	kmer_logistic	AACGAGAGATGGTAGGCCTCCAAGCTCACG	fam_7059637e87cf91b2	-1.39302862703647	decision_function	1	40.4	RU	harmonized_benchmark	15	1882
tg2	0.7	random	kmer_logistic	AACGAGAGATGGTAGGCCTCGCCTTCTAAA	fam_7059637e87cf91b2	0.19959856000481024	decision_function	1	211.3	RU	harmonized_benchmark	15	1882
tg2	0.7	random	kmer_logistic	AACGAGAGATGGTAGGCCTTTGATGATGCT	fam_7059637e87cf91b2	1.231133363809307	decision_function	1	127.4	RU	harmonized_benchmark	15	1882
tg2	0.7	random	kmer_logistic	ACACACGAGAGATGTTGCCTGCTACCCACA	fam_7059637e87cf91b2	-0.37130845638841936	decision_function	1	105.5	RU	harmonized_benchmark	15	1882
tg2	0.7	random	kmer_logistic	ACACACGAGAGATGTTGCCTGCTACCCGCA	fam_7059637e87cf91b2	0.9130024666788649	decision_function	0	0.7	RU	harmonized_benchmark	15	1882
tg2	0.7	random	kmer_logistic	ATACGAGAGATGTAACCCGTCCTGCAATCA	fam_7059637e87cf91b2	-1.2573461146747045	decision_function	1	46.2	RU	harmonized_benchmark	15	1882
tg2	0.7	random	kmer_logistic	GCGGAGATTCTGAGGGTTCTCCTGTTCCAG	fam_f7ce10ee4a77d219	2.1008829023982996	decision_function	1	115.9	RU	harmonized_benchmark	15	1882
tg2	0.7	random	kmer_logistic	GTCGAGACTTTGAGGGTTCTCCTGCTGTAA	fam_f7ce10ee4a77d219	2.003823232598849	decision_function	1	59.8	RU	harmonized_benchmark	15	1882
tg2	0.7	random	kmer_logistic	GTCGAGATTCTGAGGGTTCTCCTGGTGGCT	fam_f7ce10ee4a77d219	2.6467916590876155	decision_function	1	340.2	RU	harmonized_benchmark	15	1882
tg2	0.7	random	kmer_logistic	GTCGAGATTTTGAGGGTTCTCCGCTCCAGG	fam_f7ce10ee4a77d219	2.5038928244265857	decision_function	1	85.1	RU	harmonized_benchmark	15	1882
tg2	0.7	random	kmer_logistic	TGTAGGGAATGACCGGGGTCCTTAACGCTT	fam_9f73b35ec4821216	1.5982556212762398	decision_function	1	315.7	RU	harmonized_benchmark	15	1882
tg2	0.7	random	kmer_logistic	TGTAGGGAATGACCGGGTTCCTGGTGCCCG	fam_9f73b35ec4821216	2.3260291594872786	decision_function	1	277.0	RU	harmonized_benchmark	15	1882
tg2	0.7	naive_sequence_random	kmer_ridge	AAACGAGAGATGTAGCCTTTCTCGAATTCA	fam_7059637e87cf91b2	-0.8970054674865193	predicted_log2_enrichment	0	-7.7	RU	harmonized_benchmark	0	1880
tg2	0.7	naive_sequence_random	kmer_ridge	AACAAGAGATGGTAGGCCTACGTAATGTTT	fam_7059637e87cf91b2	-0.13503713489156755	predicted_log2_enrichment	1	127.8	RU	harmonized_benchmark	0	1880
tg2	0.7	naive_sequence_random	kmer_ridge	AACAATGTAAAATTGTGCAAGCCTATCTT	fam_7059637e87cf91b2	0.9956560341675778	predicted_log2_enrichment	0	-24.1	RU	harmonized_benchmark	0	1880
tg2	0.7	naive_sequence_random	kmer_ridge	AACGAGAGATGGTAGGCCTCGCCTTCTAAA	fam_7059637e87cf91b2	-0.9394291759359643	predicted_log2_enrichment	1	211.3	RU	harmonized_benchmark	0	1880
tg2	0.7	naive_sequence_random	kmer_ridge	AACGAGAGATGGTAGGCCTTTGATGATGCT	fam_7059637e87cf91b2	-1.017197171212362	predicted_log2_enrichment	1	127.4	RU	harmonized_benchmark	0	1880
tg2	0.7	naive_sequence_random	kmer_ridge	ACACACGAGAGATGTTGCCTGCTACCCACA	fam_7059637e87cf91b2	-0.31392153141663	predicted_log2_enrichment	1	105.5	RU	harmonized_benchmark	0	1880
tg2	0.7	naive_sequence_random	kmer_ridge	ACACACGAGAGATGTTGCCTGCTACCCGCA	fam_7059637e87cf91b2	-0.076086370497494	predicted_log2_enrichment	0	0.7	RU	harmonized_benchmark	0	1880
tg2	0.7	naive_sequence_random	kmer_ridge	ATACGAGAGATGTAACCCGTCCTGCAATCA	fam_7059637e87cf91b2	-0.3587212596456772	predicted_log2_enrichment	1	46.2	RU	harmonized_benchmark	0	1880
tg2	0.7	naive_sequence_random	kmer_ridge	ATTAGAAAATTACAAGAGATGTGATCGCTGA	fam_4c06c7cb4590e3a8	-0.03535577642271065	predicted_log2_enrichment	1	46.8	RU	harmonized_benchmark	0	1880
tg2	0.7	naive_sequence_random	kmer_ridge	GTACGAGATTCTGAGGGTTCTTTTTGCAC	fam_f7ce10ee4a77d219	-0.3458377397062112	predicted_log2_enrichment	1	134.7	RU	harmonized_benchmark	0	1880
tg2	0.7	naive_sequence_random	kmer_ridge	GTCGAGATTCTGAGGGTTCTCCTGGTGGCT	fam_f7ce10ee4a77d219	-0.7254996766035	predicted_log2_enrichment	1	340.2	RU	harmonized_benchmark	0	1880
tg2	0.7	naive_sequence_random	kmer_ridge	GTCGAGATTTTGAGGGTTCTCCGCTCCAGG	fam_f7ce10ee4a77d219	-0.6164333943265412	predicted_log2_enrichment	1	85.1	RU	harmonized_benchmark	0	1880
tg2	0.7	naive_sequence_random	kmer_ridge	TGTAGGGAATGACCGGGGTCCTTAACGCTT	fam_9f73b35ec4821216	0.1659051890909377	predicted_log2_enrichment	1	315.7	RU	harmonized_benchmark	0	1880
tg2	0.7	naive_sequence_random	kmer_ridge	TTAGGAGTTACGAGAGATGTGGCATGTGA	fam_4c06c7cb4590e3a8	0.054566819654239596	predicted_log2_enrichment	1	210.5	RU	harmonized_benchmark	0	1880
tg2	0.7	naive_sequence_random	kmer_ridge	TTTAGGTATTACGAGAGATGTGGATATCGA	fam_4c06c7cb4590e3a8	-0.26582578834808906	predicted_log2_enrichment	1	38.1	RU	harmonized_benchmark	0	1880
tg2	0.7	naive_sequence_random	frequency	AAACGAGAGATGTAGCCTTTCTCGAATTCA	fam_7059637e87cf91b2	0.0	relative_frequency	0	-7.7	RU	harmonized_benchmark	0	1880
tg2	0.7	naive_sequence_random	frequency	AACAAGAGATGGTAGGCCTACGTAATGTTT	fam_7059637e87cf91b2	0.0	relative_frequency	1	127.8	RU	harmonized_benchmark	0	1880
tg2	0.7	naive_sequence_random	frequency	AACAATGTAAAATTGTGCAAGCCTATCTT	fam_7059637e87cf91b2	0.0	relative_frequency	0	-24.1	RU	harmonized_benchmark	0	1880
tg2	0.7	naive_sequence_random	frequency	AACGAGAGATGGTAGGCCTCGCCTTCTAAA	fam_7059637e87cf91b2	0.0	relative_frequency	1	211.3	RU	harmonized_benchmark	0	1880
tg2	0.7	naive_sequence_random	frequency	AACGAGAGATGGTAGGCCTTTGATGATGCT	fam_7059637e87cf91b2	0.0	relative_frequency	1	127.4	RU	harmonized_benchmark	0	1880
tg2	0.7	naive_sequence_random	frequency	ACACACGAGAGATGTTGCCTGCTACCCACA	fam_7059637e87cf91b2	0.0	relative_frequency	1	105.5	RU	harmonized_benchmark	0	1880
tg2	0.7	naive_sequence_random	frequency	ACACACGAGAGATGTTGCCTGCTACCCGCA	fam_7059637e87cf91b2	0.0	relative_frequency	0	0.7	RU	harmonized_benchmark	0	1880
tg2	0.7	naive_sequence_random	frequency	ATACGAGAGATGTAACCCGTCCTGCAATCA	fam_7059637e87cf91b2	0.0	relative_frequency	1	46.2	RU	harmonized_benchmark	0	1880
tg2	0.7	naive_sequence_random	frequency	ATTAGAAAATTACAAGAGATGTGATCGCTGA	fam_4c06c7cb4590e3a8	0.0	relative_frequency	1	46.8	RU	harmonized_benchmark	0	1880
tg2	0.7	naive_sequence_random	frequency	GTACGAGATTCTGAGGGTTCTTTTTGCAC	fam_f7ce10ee4a77d219	0.0	relative_frequency	1	134.7	RU	harmonized_benchmark	0	1880
tg2	0.7	naive_sequence_random	frequency	GTCGAGATTCTGAGGGTTCTCCTGGTGGCT	fam_f7ce10ee4a77d219	0.0	relative_frequency	1	340.2	RU	harmonized_benchmark	0	1880
tg2	0.7	naive_sequence_random	frequency	GTCGAGATTTTGAGGGTTCTCCGCTCCAGG	fam_f7ce10ee4a77d219	0.0	relative_frequency	1	85.1	RU	harmonized_benchmark	0	1880
tg2	0.7	naive_sequence_random	frequency	TGTAGGGAATGACCGGGGTCCTTAACGCTT	fam_9f73b35ec4821216	0.0	relative_frequency	1	315.7	RU	harmonized_benchmark	0	1880
tg2	0.7	naive_sequence_random	frequency	TTAGGAGTTACGAGAGATGTGGCATGTGA	fam_4c06c7cb4590e3a8	0.0	relative_frequency	1	210.5	RU	harmonized_benchmark	0	1880
tg2	0.7	naive_sequence_random	frequency	TTTAGGTATTACGAGAGATGTGGATATCGA	fam_4c06c7cb4590e3a8	0.0	relative_frequency	1	38.1	RU	harmonized_benchmark	0	1880
tg2	0.7	naive_sequence_random	enrichment	AAACGAGAGATGTAGCCTTTCTCGAATTCA	fam_7059637e87cf91b2	-0.9323874728569614	log2_enrichment	0	-7.7	RU	harmonized_benchmark	0	1880
tg2	0.7	naive_sequence_random	enrichment	AACAAGAGATGGTAGGCCTACGTAATGTTT	fam_7059637e87cf91b2	-0.9323874728569614	log2_enrichment	1	127.8	RU	harmonized_benchmark	0	1880
tg2	0.7	naive_sequence_random	enrichment	AACAATGTAAAATTGTGCAAGCCTATCTT	fam_7059637e87cf91b2	-0.9323874728569614	log2_enrichment	0	-24.1	RU	harmonized_benchmark	0	1880
tg2	0.7	naive_sequence_random	enrichment	AACGAGAGATGGTAGGCCTCGCCTTCTAAA	fam_7059637e87cf91b2	-0.9323874728569614	log2_enrichment	1	211.3	RU	harmonized_benchmark	0	1880
tg2	0.7	naive_sequence_random	enrichment	AACGAGAGATGGTAGGCCTTTGATGATGCT	fam_7059637e87cf91b2	-0.9323874728569614	log2_enrichment	1	127.4	RU	harmonized_benchmark	0	1880
tg2	0.7	naive_sequence_random	enrichment	ACACACGAGAGATGTTGCCTGCTACCCACA	fam_7059637e87cf91b2	-0.9323874728569614	log2_enrichment	1	105.5	RU	harmonized_benchmark	0	1880
tg2	0.7	naive_sequence_random	enrichment	ACACACGAGAGATGTTGCCTGCTACCCGCA	fam_7059637e87cf91b2	-0.9323874728569614	log2_enrichment	0	0.7	RU	harmonized_benchmark	0	1880
tg2	0.7	naive_sequence_random	enrichment	ATACGAGAGATGTAACCCGTCCTGCAATCA	fam_7059637e87cf91b2	-0.9323874728569614	log2_enrichment	1	46.2	RU	harmonized_benchmark	0	1880
tg2	0.7	naive_sequence_random	enrichment	ATTAGAAAATTACAAGAGATGTGATCGCTGA	fam_4c06c7cb4590e3a8	-0.9323874728569614	log2_enrichment	1	46.8	RU	harmonized_benchmark	0	1880
tg2	0.7	naive_sequence_random	enrichment	GTACGAGATTCTGAGGGTTCTTTTTGCAC	fam_f7ce10ee4a77d219	-0.9323874728569614	log2_enrichment	1	134.7	RU	harmonized_benchmark	0	1880
tg2	0.7	naive_sequence_random	enrichment	GTCGAGATTCTGAGGGTTCTCCTGGTGGCT	fam_f7ce10ee4a77d219	-0.9323874728569614	log2_enrichment	1	340.2	RU	harmonized_benchmark	0	1880
tg2	0.7	naive_sequence_random	enrichment	GTCGAGATTTTGAGGGTTCTCCGCTCCAGG	fam_f7ce10ee4a77d219	-0.9323874728569614	log2_enrichment	1	85.1	RU	harmonized_benchmark	0	1880
tg2	0.7	naive_sequence_random	enrichment	TGTAGGGAATGACCGGGGTCCTTAACGCTT	fam_9f73b35ec4821216	-0.9323874728569614	log2_enrichment	1	315.7	RU	harmonized_benchmark	0	1880
tg2	0.7	naive_sequence_random	enrichment	TTAGGAGTTACGAGAGATGTGGCATGTGA	fam_4c06c7cb4590e3a8	-0.9323874728569614	log2_enrichment	1	210.5	RU	harmonized_benchmark	0	1880
tg2	0.7	naive_sequence_random	enrichment	TTTAGGTATTACGAGAGATGTGGATATCGA	fam_4c06c7cb4590e3a8	-0.9323874728569614	log2_enrichment	1	38.1	RU	harmonized_benchmark	0	1880
tg2	0.7	naive_sequence_random	frequency_observed	AAACGAGAGATGTAGCCTTTCTCGAATTCA	fam_7059637e87cf91b2	4.9269578498755944e-05	relative_frequency	0	-7.7	RU	observational_reference	0	1880
tg2	0.7	naive_sequence_random	frequency_observed	AACAAGAGATGGTAGGCCTACGTAATGTTT	fam_7059637e87cf91b2	0.0007020914936072722	relative_frequency	1	127.8	RU	observational_reference	0	1880
tg2	0.7	naive_sequence_random	frequency_observed	AACAATGTAAAATTGTGCAAGCCTATCTT	fam_7059637e87cf91b2	0.0030793486561722463	relative_frequency	0	-24.1	RU	observational_reference	0	1880
tg2	0.7	naive_sequence_random	frequency_observed	AACGAGAGATGGTAGGCCTCGCCTTCTAAA	fam_7059637e87cf91b2	0.0004434262064888035	relative_frequency	1	211.3	RU	observational_reference	0	1880
tg2	0.7	naive_sequence_random	frequency_observed	AACGAGAGATGGTAGGCCTTTGATGATGCT	fam_7059637e87cf91b2	2.4634789249377972e-05	relative_frequency	1	127.4	RU	observational_reference	0	1880
tg2	0.7	naive_sequence_random	frequency_observed	ACACACGAGAGATGTTGCCTGCTACCCACA	fam_7059637e87cf91b2	0.00038183923336535853	relative_frequency	1	105.5	RU	observational_reference	0	1880
tg2	0.7	naive_sequence_random	frequency_observed	ACACACGAGAGATGTTGCCTGCTACCCGCA	fam_7059637e87cf91b2	4.9269578498755944e-05	relative_frequency	0	0.7	RU	observational_reference	0	1880
tg2	0.7	naive_sequence_random	frequency_observed	ATACGAGAGATGTAACCCGTCCTGCAATCA	fam_7059637e87cf91b2	0.0006651393097332053	relative_frequency	1	46.2	RU	observational_reference	0	1880
tg2	0.7	naive_sequence_random	frequency_observed	ATTAGAAAATTACAAGAGATGTGATCGCTGA	fam_4c06c7cb4590e3a8	0.008535954474909468	relative_frequency	1	46.8	RU	observational_reference	0	1880
tg2	0.7	naive_sequence_random	frequency_observed	GTACGAGATTCTGAGGGTTCTTTTTGCAC	fam_f7ce10ee4a77d219	0.0	relative_frequency	1	134.7	RU	observational_reference	0	1880
tg2	0.7	naive_sequence_random	frequency_observed	GTCGAGATTCTGAGGGTTCTCCTGGTGGCT	fam_f7ce10ee4a77d219	2.4634789249377972e-05	relative_frequency	1	340.2	RU	observational_reference	0	1880
tg2	0.7	naive_sequence_random	frequency_observed	GTCGAGATTTTGAGGGTTCTCCGCTCCAGG	fam_f7ce10ee4a77d219	0.0	relative_frequency	1	85.1	RU	observational_reference	0	1880
tg2	0.7	naive_sequence_random	frequency_observed	TGTAGGGAATGACCGGGGTCCTTAACGCTT	fam_9f73b35ec4821216	2.4634789249377972e-05	relative_frequency	1	315.7	RU	observational_reference	0	1880
tg2	0.7	naive_sequence_random	frequency_observed	TTAGGAGTTACGAGAGATGTGGCATGTGA	fam_4c06c7cb4590e3a8	0.027738772694799595	relative_frequency	1	210.5	RU	observational_reference	0	1880
tg2	0.7	naive_sequence_random	frequency_observed	TTTAGGTATTACGAGAGATGTGGATATCGA	fam_4c06c7cb4590e3a8	0.001872243982952726	relative_frequency	1	38.1	RU	observational_reference	0	1880
tg2	0.7	naive_sequence_random	enrichment_observed	AAACGAGAGATGTAGCCTTTCTCGAATTCA	fam_7059637e87cf91b2	-0.569817393472253	log2_enrichment	0	-7.7	RU	observational_reference	0	1880
tg2	0.7	naive_sequence_random	enrichment_observed	AACAAGAGATGGTAGGCCTACGTAATGTTT	fam_7059637e87cf91b2	-1.7089492413689624	log2_enrichment	1	127.8	RU	observational_reference	0	1880
tg2	0.7	naive_sequence_random	enrichment_observed	AACAATGTAAAATTGTGCAAGCCTATCTT	fam_7059637e87cf91b2	-0.0026396689540553525	log2_enrichment	0	-24.1	RU	observational_reference	0	1880
tg2	0.7	naive_sequence_random	enrichment_observed	AACGAGAGATGGTAGGCCTCGCCTTCTAAA	fam_7059637e87cf91b2	-1.7537901694001983	log2_enrichment	1	211.3	RU	observational_reference	0	1880
tg2	0.7	naive_sequence_random	enrichment_observed	AACGAGAGATGGTAGGCCTTTGATGATGCT	fam_7059637e87cf91b2	-1.7803843794119112	log2_enrichment	1	127.4	RU	observational_reference	0	1880
tg2	0.7	naive_sequence_random	enrichment_observed	ACACACGAGAGATGTTGCCTGCTACCCACA	fam_7059637e87cf91b2	-1.9663348047802987	log2_enrichment	1	105.5	RU	observational_reference	0	1880
tg2	0.7	naive_sequence_random	enrichment_observed	ACACACGAGAGATGTTGCCTGCTACCCGCA	fam_7059637e87cf91b2	-2.154779894193409	log2_enrichment	0	0.7	RU	observational_reference	0	1880
tg2	0.7	naive_sequence_random	enrichment_observed	ATACGAGAGATGTAACCCGTCCTGCAATCA	fam_7059637e87cf91b2	-2.052946396978294	log2_enrichment	1	46.2	RU	observational_reference	0	1880
tg2	0.7	naive_sequence_random	enrichment_observed	ATTAGAAAATTACAAGAGATGTGATCGCTGA	fam_4c06c7cb4590e3a8	-0.2511917230574458	log2_enrichment	1	46.8	RU	observational_reference	0	1880
tg2	0.7	naive_sequence_random	enrichment_observed	GTACGAGATTCTGAGGGTTCTTTTTGCAC	fam_f7ce10ee4a77d219	-0.9323874728569614	log2_enrichment	1	134.7	RU	observational_reference	0	1880
tg2	0.7	naive_sequence_random	enrichment_observed	GTCGAGATTCTGAGGGTTCTCCTGGTGGCT	fam_f7ce10ee4a77d219	-3.895861596831847	log2_enrichment	1	340.2	RU	observational_reference	0	1880
tg2	0.7	naive_sequence_random	enrichment_observed	GTCGAGATTTTGAGGGTTCTCCGCTCCAGG	fam_f7ce10ee4a77d219	-2.5173499735781175	log2_enrichment	1	85.1	RU	observational_reference	0	1880
tg2	0.7	naive_sequence_random	enrichment_observed	TGTAGGGAATGACCGGGGTCCTTAACGCTT	fam_9f73b35ec4821216	-4.225169222084807	log2_enrichment	1	315.7	RU	observational_reference	0	1880
tg2	0.7	naive_sequence_random	enrichment_observed	TTAGGAGTTACGAGAGATGTGGCATGTGA	fam_4c06c7cb4590e3a8	-0.40009253006742446	log2_enrichment	1	210.5	RU	observational_reference	0	1880
tg2	0.7	naive_sequence_random	enrichment_observed	TTTAGGTATTACGAGAGATGTGGATATCGA	fam_4c06c7cb4590e3a8	-0.6512655943574847	log2_enrichment	1	38.1	RU	observational_reference	0	1880
tg2	0.7	naive_sequence_random	kmer_logistic	AAACGAGAGATGTAGCCTTTCTCGAATTCA	fam_7059637e87cf91b2	1.5791137247568416	decision_function	0	-7.7	RU	harmonized_benchmark	15	1880
tg2	0.7	naive_sequence_random	kmer_logistic	AACAAGAGATGGTAGGCCTACGTAATGTTT	fam_7059637e87cf91b2	0.8825458185232133	decision_function	1	127.8	RU	harmonized_benchmark	15	1880
tg2	0.7	naive_sequence_random	kmer_logistic	AACAATGTAAAATTGTGCAAGCCTATCTT	fam_7059637e87cf91b2	-2.3457963002794164	decision_function	0	-24.1	RU	harmonized_benchmark	15	1880
tg2	0.7	naive_sequence_random	kmer_logistic	AACGAGAGATGGTAGGCCTCGCCTTCTAAA	fam_7059637e87cf91b2	2.6580638521098496	decision_function	1	211.3	RU	harmonized_benchmark	15	1880
tg2	0.7	naive_sequence_random	kmer_logistic	AACGAGAGATGGTAGGCCTTTGATGATGCT	fam_7059637e87cf91b2	2.5368378501507607	decision_function	1	127.4	RU	harmonized_benchmark	15	1880
tg2	0.7	naive_sequence_random	kmer_logistic	ACACACGAGAGATGTTGCCTGCTACCCACA	fam_7059637e87cf91b2	1.7810605066827716	decision_function	1	105.5	RU	harmonized_benchmark	15	1880
tg2	0.7	naive_sequence_random	kmer_logistic	ACACACGAGAGATGTTGCCTGCTACCCGCA	fam_7059637e87cf91b2	1.7676449785840027	decision_function	0	0.7	RU	harmonized_benchmark	15	1880
tg2	0.7	naive_sequence_random	kmer_logistic	ATACGAGAGATGTAACCCGTCCTGCAATCA	fam_7059637e87cf91b2	0.11331450373525565	decision_function	1	46.2	RU	harmonized_benchmark	15	1880
tg2	0.7	naive_sequence_random	kmer_logistic	ATTAGAAAATTACAAGAGATGTGATCGCTGA	fam_4c06c7cb4590e3a8	-1.0754007420427223	decision_function	1	46.8	RU	harmonized_benchmark	15	1880
tg2	0.7	naive_sequence_random	kmer_logistic	GTACGAGATTCTGAGGGTTCTTTTTGCAC	fam_f7ce10ee4a77d219	2.6686764603537365	decision_function	1	134.7	RU	harmonized_benchmark	15	1880
tg2	0.7	naive_sequence_random	kmer_logistic	GTCGAGATTCTGAGGGTTCTCCTGGTGGCT	fam_f7ce10ee4a77d219	3.5524160408993497	decision_function	1	340.2	RU	harmonized_benchmark	15	1880
tg2	0.7	naive_sequence_random	kmer_logistic	GTCGAGATTTTGAGGGTTCTCCGCTCCAGG	fam_f7ce10ee4a77d219	3.6981396869840797	decision_function	1	85.1	RU	harmonized_benchmark	15	1880
tg2	0.7	naive_sequence_random	kmer_logistic	TGTAGGGAATGACCGGGGTCCTTAACGCTT	fam_9f73b35ec4821216	1.8870586231009132	decision_function	1	315.7	RU	harmonized_benchmark	15	1880
tg2	0.7	naive_sequence_random	kmer_logistic	TTAGGAGTTACGAGAGATGTGGCATGTGA	fam_4c06c7cb4590e3a8	1.5223271707507837	decision_function	1	210.5	RU	harmonized_benchmark	15	1880
tg2	0.7	naive_sequence_random	kmer_logistic	TTTAGGTATTACGAGAGATGTGGATATCGA	fam_4c06c7cb4590e3a8	1.0039139573208324	decision_function	1	38.1	RU	harmonized_benchmark	15	1880
tg2	0.8	family	kmer_ridge	AACAAGAGATGGTAGGCCTAACCATGCTTT	fam_47e3d976e173e58f	0.2984796387420582	predicted_log2_enrichment	1	82.2	RU	harmonized_benchmark	0	1810
tg2	0.8	family	kmer_ridge	AACAAGAGATGGTAGGCCTACGTAATGTTT	fam_47e3d976e173e58f	0.3070495364886196	predicted_log2_enrichment	1	127.8	RU	harmonized_benchmark	0	1810
tg2	0.8	family	kmer_ridge	AACGAGAGATGGTAGGCCTCAAATACAGTC	fam_47e3d976e173e58f	-0.1640782547144889	predicted_log2_enrichment	1	244.6	RU	harmonized_benchmark	0	1810
tg2	0.8	family	kmer_ridge	AACGAGAGATGGTAGGCCTCCAAGCTCACG	fam_47e3d976e173e58f	0.36114556248259033	predicted_log2_enrichment	1	40.4	RU	harmonized_benchmark	0	1810
tg2	0.8	family	kmer_ridge	AACGAGAGATGGTAGGCCTCGCCTTCTAAA	fam_47e3d976e173e58f	-0.42025990911614663	predicted_log2_enrichment	1	211.3	RU	harmonized_benchmark	0	1810
tg2	0.8	family	kmer_ridge	AACGAGAGATGGTAGGCCTTTGATGATGCT	fam_47e3d976e173e58f	-0.5083720201027373	predicted_log2_enrichment	1	127.4	RU	harmonized_benchmark	0	1810
tg2	0.8	family	kmer_ridge	ACACACGAGAGATGTTGCCTGCTACCCACA	fam_9f391b94f4786c47	0.013256994160724123	predicted_log2_enrichment	1	105.5	RU	harmonized_benchmark	0	1810
tg2	0.8	family	kmer_ridge	ACACACGAGAGATGTTGCCTGCTACCCGCA	fam_9f391b94f4786c47	0.1902974298256276	predicted_log2_enrichment	0	0.7	RU	harmonized_benchmark	0	1810
tg2	0.8	family	kmer_ridge	ATACGAGAGATGTAACCCGTCCTGCAATCA	fam_1db80d0456ea7a7c	-0.32582870933180086	predicted_log2_enrichment	1	46.2	RU	harmonized_benchmark	0	1810
tg2	0.8	family	kmer_ridge	GCGGAGATTCTGAGGGTTCTCCTGTTCCAG	fam_a0bbcecaa683261c	-0.6557607024289005	predicted_log2_enrichment	1	115.9	RU	harmonized_benchmark	0	1810
tg2	0.8	family	kmer_ridge	GTCGAGACTTTGAGGGTTCTCCTGCTGTAA	fam_a0bbcecaa683261c	-0.8517744588697578	predicted_log2_enrichment	1	59.8	RU	harmonized_benchmark	0	1810
tg2	0.8	family	kmer_ridge	GTCGAGATTCTGAGGGTTCTCCTGGTGGCT	fam_a0bbcecaa683261c	-0.7106834498732728	predicted_log2_enrichment	1	340.2	RU	harmonized_benchmark	0	1810
tg2	0.8	family	kmer_ridge	GTCGAGATTTTGAGGGTTCTCCGCTCCAGG	fam_a0bbcecaa683261c	-0.62807957039377	predicted_log2_enrichment	1	85.1	RU	harmonized_benchmark	0	1810
tg2	0.8	family	kmer_ridge	TGTAGGGAATGACCGGGGTCCTTAACGCTT	fam_e67fcdab0c402287	0.07794142869761789	predicted_log2_enrichment	1	315.7	RU	harmonized_benchmark	0	1810
tg2	0.8	family	kmer_ridge	TGTAGGGAATGACCGGGTTCCTGGTGCCCG	fam_f2bff3aa76721008	0.645388259499986	predicted_log2_enrichment	1	277.0	RU	harmonized_benchmark	0	1810
tg2	0.8	family	frequency	AACAAGAGATGGTAGGCCTAACCATGCTTT	fam_47e3d976e173e58f	0.0	relative_frequency	1	82.2	RU	harmonized_benchmark	0	1810
tg2	0.8	family	frequency	AACAAGAGATGGTAGGCCTACGTAATGTTT	fam_47e3d976e173e58f	0.0	relative_frequency	1	127.8	RU	harmonized_benchmark	0	1810
tg2	0.8	family	frequency	AACGAGAGATGGTAGGCCTCAAATACAGTC	fam_47e3d976e173e58f	0.0	relative_frequency	1	244.6	RU	harmonized_benchmark	0	1810
tg2	0.8	family	frequency	AACGAGAGATGGTAGGCCTCCAAGCTCACG	fam_47e3d976e173e58f	0.0	relative_frequency	1	40.4	RU	harmonized_benchmark	0	1810
tg2	0.8	family	frequency	AACGAGAGATGGTAGGCCTCGCCTTCTAAA	fam_47e3d976e173e58f	0.0	relative_frequency	1	211.3	RU	harmonized_benchmark	0	1810
tg2	0.8	family	frequency	AACGAGAGATGGTAGGCCTTTGATGATGCT	fam_47e3d976e173e58f	0.0	relative_frequency	1	127.4	RU	harmonized_benchmark	0	1810
tg2	0.8	family	frequency	ACACACGAGAGATGTTGCCTGCTACCCACA	fam_9f391b94f4786c47	0.0	relative_frequency	1	105.5	RU	harmonized_benchmark	0	1810
tg2	0.8	family	frequency	ACACACGAGAGATGTTGCCTGCTACCCGCA	fam_9f391b94f4786c47	0.0	relative_frequency	0	0.7	RU	harmonized_benchmark	0	1810
tg2	0.8	family	frequency	ATACGAGAGATGTAACCCGTCCTGCAATCA	fam_1db80d0456ea7a7c	0.0	relative_frequency	1	46.2	RU	harmonized_benchmark	0	1810
tg2	0.8	family	frequency	GCGGAGATTCTGAGGGTTCTCCTGTTCCAG	fam_a0bbcecaa683261c	0.0	relative_frequency	1	115.9	RU	harmonized_benchmark	0	1810
tg2	0.8	family	frequency	GTCGAGACTTTGAGGGTTCTCCTGCTGTAA	fam_a0bbcecaa683261c	0.0	relative_frequency	1	59.8	RU	harmonized_benchmark	0	1810
tg2	0.8	family	frequency	GTCGAGATTCTGAGGGTTCTCCTGGTGGCT	fam_a0bbcecaa683261c	0.0	relative_frequency	1	340.2	RU	harmonized_benchmark	0	1810
tg2	0.8	family	frequency	GTCGAGATTTTGAGGGTTCTCCGCTCCAGG	fam_a0bbcecaa683261c	0.0	relative_frequency	1	85.1	RU	harmonized_benchmark	0	1810
tg2	0.8	family	frequency	TGTAGGGAATGACCGGGGTCCTTAACGCTT	fam_e67fcdab0c402287	0.0	relative_frequency	1	315.7	RU	harmonized_benchmark	0	1810
tg2	0.8	family	frequency	TGTAGGGAATGACCGGGTTCCTGGTGCCCG	fam_f2bff3aa76721008	0.0	relative_frequency	1	277.0	RU	harmonized_benchmark	0	1810
tg2	0.8	family	enrichment	AACAAGAGATGGTAGGCCTAACCATGCTTT	fam_47e3d976e173e58f	-0.9323874728569614	log2_enrichment	1	82.2	RU	harmonized_benchmark	0	1810
tg2	0.8	family	enrichment	AACAAGAGATGGTAGGCCTACGTAATGTTT	fam_47e3d976e173e58f	-0.9323874728569614	log2_enrichment	1	127.8	RU	harmonized_benchmark	0	1810
tg2	0.8	family	enrichment	AACGAGAGATGGTAGGCCTCAAATACAGTC	fam_47e3d976e173e58f	-0.9323874728569614	log2_enrichment	1	244.6	RU	harmonized_benchmark	0	1810
tg2	0.8	family	enrichment	AACGAGAGATGGTAGGCCTCCAAGCTCACG	fam_47e3d976e173e58f	-0.9323874728569614	log2_enrichment	1	40.4	RU	harmonized_benchmark	0	1810
tg2	0.8	family	enrichment	AACGAGAGATGGTAGGCCTCGCCTTCTAAA	fam_47e3d976e173e58f	-0.9323874728569614	log2_enrichment	1	211.3	RU	harmonized_benchmark	0	1810
tg2	0.8	family	enrichment	AACGAGAGATGGTAGGCCTTTGATGATGCT	fam_47e3d976e173e58f	-0.9323874728569614	log2_enrichment	1	127.4	RU	harmonized_benchmark	0	1810
tg2	0.8	family	enrichment	ACACACGAGAGATGTTGCCTGCTACCCACA	fam_9f391b94f4786c47	-0.9323874728569614	log2_enrichment	1	105.5	RU	harmonized_benchmark	0	1810
tg2	0.8	family	enrichment	ACACACGAGAGATGTTGCCTGCTACCCGCA	fam_9f391b94f4786c47	-0.9323874728569614	log2_enrichment	0	0.7	RU	harmonized_benchmark	0	1810
tg2	0.8	family	enrichment	ATACGAGAGATGTAACCCGTCCTGCAATCA	fam_1db80d0456ea7a7c	-0.9323874728569614	log2_enrichment	1	46.2	RU	harmonized_benchmark	0	1810
tg2	0.8	family	enrichment	GCGGAGATTCTGAGGGTTCTCCTGTTCCAG	fam_a0bbcecaa683261c	-0.9323874728569614	log2_enrichment	1	115.9	RU	harmonized_benchmark	0	1810
tg2	0.8	family	enrichment	GTCGAGACTTTGAGGGTTCTCCTGCTGTAA	fam_a0bbcecaa683261c	-0.9323874728569614	log2_enrichment	1	59.8	RU	harmonized_benchmark	0	1810
tg2	0.8	family	enrichment	GTCGAGATTCTGAGGGTTCTCCTGGTGGCT	fam_a0bbcecaa683261c	-0.9323874728569614	log2_enrichment	1	340.2	RU	harmonized_benchmark	0	1810
tg2	0.8	family	enrichment	GTCGAGATTTTGAGGGTTCTCCGCTCCAGG	fam_a0bbcecaa683261c	-0.9323874728569614	log2_enrichment	1	85.1	RU	harmonized_benchmark	0	1810
tg2	0.8	family	enrichment	TGTAGGGAATGACCGGGGTCCTTAACGCTT	fam_e67fcdab0c402287	-0.9323874728569614	log2_enrichment	1	315.7	RU	harmonized_benchmark	0	1810
tg2	0.8	family	enrichment	TGTAGGGAATGACCGGGTTCCTGGTGCCCG	fam_f2bff3aa76721008	-0.9323874728569614	log2_enrichment	1	277.0	RU	harmonized_benchmark	0	1810
tg2	0.8	family	frequency_observed	AACAAGAGATGGTAGGCCTAACCATGCTTT	fam_47e3d976e173e58f	2.4634789249377972e-05	relative_frequency	1	82.2	RU	observational_reference	0	1810
tg2	0.8	family	frequency_observed	AACAAGAGATGGTAGGCCTACGTAATGTTT	fam_47e3d976e173e58f	0.0007020914936072722	relative_frequency	1	127.8	RU	observational_reference	0	1810
tg2	0.8	family	frequency_observed	AACGAGAGATGGTAGGCCTCAAATACAGTC	fam_47e3d976e173e58f	0.00048037839036287045	relative_frequency	1	244.6	RU	observational_reference	0	1810
tg2	0.8	family	frequency_observed	AACGAGAGATGGTAGGCCTCCAAGCTCACG	fam_47e3d976e173e58f	0.0012810090409676545	relative_frequency	1	40.4	RU	observational_reference	0	1810
tg2	0.8	family	frequency_observed	AACGAGAGATGGTAGGCCTCGCCTTCTAAA	fam_47e3d976e173e58f	0.0004434262064888035	relative_frequency	1	211.3	RU	observational_reference	0	1810
tg2	0.8	family	frequency_observed	AACGAGAGATGGTAGGCCTTTGATGATGCT	fam_47e3d976e173e58f	2.4634789249377972e-05	relative_frequency	1	127.4	RU	observational_reference	0	1810
tg2	0.8	family	frequency_observed	ACACACGAGAGATGTTGCCTGCTACCCACA	fam_9f391b94f4786c47	0.00038183923336535853	relative_frequency	1	105.5	RU	observational_reference	0	1810
tg2	0.8	family	frequency_observed	ACACACGAGAGATGTTGCCTGCTACCCGCA	fam_9f391b94f4786c47	4.9269578498755944e-05	relative_frequency	0	0.7	RU	observational_reference	0	1810
tg2	0.8	family	frequency_observed	ATACGAGAGATGTAACCCGTCCTGCAATCA	fam_1db80d0456ea7a7c	0.0006651393097332053	relative_frequency	1	46.2	RU	observational_reference	0	1810
tg2	0.8	family	frequency_observed	GCGGAGATTCTGAGGGTTCTCCTGTTCCAG	fam_a0bbcecaa683261c	0.0	relative_frequency	1	115.9	RU	observational_reference	0	1810
tg2	0.8	family	frequency_observed	GTCGAGACTTTGAGGGTTCTCCTGCTGTAA	fam_a0bbcecaa683261c	0.0	relative_frequency	1	59.8	RU	observational_reference	0	1810
tg2	0.8	family	frequency_observed	GTCGAGATTCTGAGGGTTCTCCTGGTGGCT	fam_a0bbcecaa683261c	2.4634789249377972e-05	relative_frequency	1	340.2	RU	observational_reference	0	1810
tg2	0.8	family	frequency_observed	GTCGAGATTTTGAGGGTTCTCCGCTCCAGG	fam_a0bbcecaa683261c	0.0	relative_frequency	1	85.1	RU	observational_reference	0	1810
tg2	0.8	family	frequency_observed	TGTAGGGAATGACCGGGGTCCTTAACGCTT	fam_e67fcdab0c402287	2.4634789249377972e-05	relative_frequency	1	315.7	RU	observational_reference	0	1810
tg2	0.8	family	frequency_observed	TGTAGGGAATGACCGGGTTCCTGGTGCCCG	fam_f2bff3aa76721008	0.0	relative_frequency	1	277.0	RU	observational_reference	0	1810
tg2	0.8	family	enrichment_observed	AACAAGAGATGGTAGGCCTAACCATGCTTT	fam_47e3d976e173e58f	-2.310899096110691	log2_enrichment	1	82.2	RU	observational_reference	0	1810
tg2	0.8	family	enrichment_observed	AACAAGAGATGGTAGGCCTACGTAATGTTT	fam_47e3d976e173e58f	-1.7089492413689624	log2_enrichment	1	127.8	RU	observational_reference	0	1810
tg2	0.8	family	enrichment_observed	AACGAGAGATGGTAGGCCTCAAATACAGTC	fam_47e3d976e173e58f	-2.2210637619479385	log2_enrichment	1	244.6	RU	observational_reference	0	1810
tg2	0.8	family	enrichment_observed	AACGAGAGATGGTAGGCCTCCAAGCTCACG	fam_47e3d976e173e58f	-1.125895148756827	log2_enrichment	1	40.4	RU	observational_reference	0	1810
tg2	0.8	family	enrichment_observed	AACGAGAGATGGTAGGCCTCGCCTTCTAAA	fam_47e3d976e173e58f	-1.7537901694001983	log2_enrichment	1	211.3	RU	observational_reference	0	1810
tg2	0.8	family	enrichment_observed	AACGAGAGATGGTAGGCCTTTGATGATGCT	fam_47e3d976e173e58f	-1.7803843794119112	log2_enrichment	1	127.4	RU	observational_reference	0	1810
tg2	0.8	family	enrichment_observed	ACACACGAGAGATGTTGCCTGCTACCCACA	fam_9f391b94f4786c47	-1.9663348047802987	log2_enrichment	1	105.5	RU	observational_reference	0	1810
tg2	0.8	family	enrichment_observed	ACACACGAGAGATGTTGCCTGCTACCCGCA	fam_9f391b94f4786c47	-2.154779894193409	log2_enrichment	0	0.7	RU	observational_reference	0	1810
tg2	0.8	family	enrichment_observed	ATACGAGAGATGTAACCCGTCCTGCAATCA	fam_1db80d0456ea7a7c	-2.052946396978294	log2_enrichment	1	46.2	RU	observational_reference	0	1810
tg2	0.8	family	enrichment_observed	GCGGAGATTCTGAGGGTTCTCCTGTTCCAG	fam_a0bbcecaa683261c	-0.9323874728569614	log2_enrichment	1	115.9	RU	observational_reference	0	1810
tg2	0.8	family	enrichment_observed	GTCGAGACTTTGAGGGTTCTCCTGCTGTAA	fam_a0bbcecaa683261c	-3.2543155677443236	log2_enrichment	1	59.8	RU	observational_reference	0	1810
tg2	0.8	family	enrichment_observed	GTCGAGATTCTGAGGGTTCTCCTGGTGGCT	fam_a0bbcecaa683261c	-3.895861596831847	log2_enrichment	1	340.2	RU	observational_reference	0	1810
tg2	0.8	family	enrichment_observed	GTCGAGATTTTGAGGGTTCTCCGCTCCAGG	fam_a0bbcecaa683261c	-2.5173499735781175	log2_enrichment	1	85.1	RU	observational_reference	0	1810
tg2	0.8	family	enrichment_observed	TGTAGGGAATGACCGGGGTCCTTAACGCTT	fam_e67fcdab0c402287	-4.225169222084807	log2_enrichment	1	315.7	RU	observational_reference	0	1810
tg2	0.8	family	enrichment_observed	TGTAGGGAATGACCGGGTTCCTGGTGCCCG	fam_f2bff3aa76721008	-5.019850314107301	log2_enrichment	1	277.0	RU	observational_reference	0	1810
tg2	0.8	family	kmer_logistic	AACAAGAGATGGTAGGCCTAACCATGCTTT	fam_47e3d976e173e58f	-0.8410431948450755	decision_function	1	82.2	RU	harmonized_benchmark	15	1810
tg2	0.8	family	kmer_logistic	AACAAGAGATGGTAGGCCTACGTAATGTTT	fam_47e3d976e173e58f	-0.5181679875303812	decision_function	1	127.8	RU	harmonized_benchmark	15	1810
tg2	0.8	family	kmer_logistic	AACGAGAGATGGTAGGCCTCAAATACAGTC	fam_47e3d976e173e58f	-1.7941163778796958	decision_function	1	244.6	RU	harmonized_benchmark	15	1810
tg2	0.8	family	kmer_logistic	AACGAGAGATGGTAGGCCTCCAAGCTCACG	fam_47e3d976e173e58f	-1.39302862703647	decision_function	1	40.4	RU	harmonized_benchmark	15	1810
tg2	0.8	family	kmer_logistic	AACGAGAGATGGTAGGCCTCGCCTTCTAAA	fam_47e3d976e173e58f	0.19959856000481024	decision_function	1	211.3	RU	harmonized_benchmark	15	1810
tg2	0.8	family	kmer_logistic	AACGAGAGATGGTAGGCCTTTGATGATGCT	fam_47e3d976e173e58f	1.231133363809307	decision_function	1	127.4	RU	harmonized_benchmark	15	1810
tg2	0.8	family	kmer_logistic	ACACACGAGAGATGTTGCCTGCTACCCACA	fam_9f391b94f4786c47	-0.37130845638841936	decision_function	1	105.5	RU	harmonized_benchmark	15	1810
tg2	0.8	family	kmer_logistic	ACACACGAGAGATGTTGCCTGCTACCCGCA	fam_9f391b94f4786c47	0.9130024666788649	decision_function	0	0.7	RU	harmonized_benchmark	15	1810
tg2	0.8	family	kmer_logistic	ATACGAGAGATGTAACCCGTCCTGCAATCA	fam_1db80d0456ea7a7c	-1.2573461146747045	decision_function	1	46.2	RU	harmonized_benchmark	15	1810
tg2	0.8	family	kmer_logistic	GCGGAGATTCTGAGGGTTCTCCTGTTCCAG	fam_a0bbcecaa683261c	2.1008829023982996	decision_function	1	115.9	RU	harmonized_benchmark	15	1810
tg2	0.8	family	kmer_logistic	GTCGAGACTTTGAGGGTTCTCCTGCTGTAA	fam_a0bbcecaa683261c	2.003823232598849	decision_function	1	59.8	RU	harmonized_benchmark	15	1810
tg2	0.8	family	kmer_logistic	GTCGAGATTCTGAGGGTTCTCCTGGTGGCT	fam_a0bbcecaa683261c	2.6467916590876155	decision_function	1	340.2	RU	harmonized_benchmark	15	1810
tg2	0.8	family	kmer_logistic	GTCGAGATTTTGAGGGTTCTCCGCTCCAGG	fam_a0bbcecaa683261c	2.5038928244265857	decision_function	1	85.1	RU	harmonized_benchmark	15	1810
tg2	0.8	family	kmer_logistic	TGTAGGGAATGACCGGGGTCCTTAACGCTT	fam_e67fcdab0c402287	1.5982556212762398	decision_function	1	315.7	RU	harmonized_benchmark	15	1810
tg2	0.8	family	kmer_logistic	TGTAGGGAATGACCGGGTTCCTGGTGCCCG	fam_f2bff3aa76721008	2.3260291594872786	decision_function	1	277.0	RU	harmonized_benchmark	15	1810
tg2	0.8	random	kmer_ridge	AACAAGAGATGGTAGGCCTAACCATGCTTT	fam_47e3d976e173e58f	-0.12530798093715012	predicted_log2_enrichment	1	82.2	RU	harmonized_benchmark	0	1882
tg2	0.8	random	kmer_ridge	AACAAGAGATGGTAGGCCTACGTAATGTTT	fam_47e3d976e173e58f	-0.0572742331138581	predicted_log2_enrichment	1	127.8	RU	harmonized_benchmark	0	1882
tg2	0.8	random	kmer_ridge	AACGAGAGATGGTAGGCCTCAAATACAGTC	fam_47e3d976e173e58f	-0.5543396495600464	predicted_log2_enrichment	1	244.6	RU	harmonized_benchmark	0	1882
tg2	0.8	random	kmer_ridge	AACGAGAGATGGTAGGCCTCCAAGCTCACG	fam_47e3d976e173e58f	-0.10860300557201091	predicted_log2_enrichment	1	40.4	RU	harmonized_benchmark	0	1882
tg2	0.8	random	kmer_ridge	AACGAGAGATGGTAGGCCTCGCCTTCTAAA	fam_47e3d976e173e58f	-0.8762448671035982	predicted_log2_enrichment	1	211.3	RU	harmonized_benchmark	0	1882
tg2	0.8	random	kmer_ridge	AACGAGAGATGGTAGGCCTTTGATGATGCT	fam_47e3d976e173e58f	-0.9350843728142714	predicted_log2_enrichment	1	127.4	RU	harmonized_benchmark	0	1882
tg2	0.8	random	kmer_ridge	ACACACGAGAGATGTTGCCTGCTACCCACA	fam_9f391b94f4786c47	-0.28322942481046554	predicted_log2_enrichment	1	105.5	RU	harmonized_benchmark	0	1882
tg2	0.8	random	kmer_ridge	ACACACGAGAGATGTTGCCTGCTACCCGCA	fam_9f391b94f4786c47	-0.06451442514338035	predicted_log2_enrichment	0	0.7	RU	harmonized_benchmark	0	1882
tg2	0.8	random	kmer_ridge	ATACGAGAGATGTAACCCGTCCTGCAATCA	fam_1db80d0456ea7a7c	-0.346781140126049	predicted_log2_enrichment	1	46.2	RU	harmonized_benchmark	0	1882
tg2	0.8	random	kmer_ridge	GCGGAGATTCTGAGGGTTCTCCTGTTCCAG	fam_a0bbcecaa683261c	-0.6203313928153749	predicted_log2_enrichment	1	115.9	RU	harmonized_benchmark	0	1882
tg2	0.8	random	kmer_ridge	GTCGAGACTTTGAGGGTTCTCCTGCTGTAA	fam_a0bbcecaa683261c	-0.7572291781986294	predicted_log2_enrichment	1	59.8	RU	harmonized_benchmark	0	1882
tg2	0.8	random	kmer_ridge	GTCGAGATTCTGAGGGTTCTCCTGGTGGCT	fam_a0bbcecaa683261c	-0.700434622611045	predicted_log2_enrichment	1	340.2	RU	harmonized_benchmark	0	1882
tg2	0.8	random	kmer_ridge	GTCGAGATTTTGAGGGTTCTCCGCTCCAGG	fam_a0bbcecaa683261c	-0.5907358487627477	predicted_log2_enrichment	1	85.1	RU	harmonized_benchmark	0	1882
tg2	0.8	random	kmer_ridge	TGTAGGGAATGACCGGGGTCCTTAACGCTT	fam_e67fcdab0c402287	0.1831420554637676	predicted_log2_enrichment	1	315.7	RU	harmonized_benchmark	0	1882
tg2	0.8	random	kmer_ridge	TGTAGGGAATGACCGGGTTCCTGGTGCCCG	fam_f2bff3aa76721008	0.5657727309373997	predicted_log2_enrichment	1	277.0	RU	harmonized_benchmark	0	1882
tg2	0.8	random	frequency	AACAAGAGATGGTAGGCCTAACCATGCTTT	fam_47e3d976e173e58f	0.0	relative_frequency	1	82.2	RU	harmonized_benchmark	0	1882
tg2	0.8	random	frequency	AACAAGAGATGGTAGGCCTACGTAATGTTT	fam_47e3d976e173e58f	0.0	relative_frequency	1	127.8	RU	harmonized_benchmark	0	1882
tg2	0.8	random	frequency	AACGAGAGATGGTAGGCCTCAAATACAGTC	fam_47e3d976e173e58f	0.0	relative_frequency	1	244.6	RU	harmonized_benchmark	0	1882
tg2	0.8	random	frequency	AACGAGAGATGGTAGGCCTCCAAGCTCACG	fam_47e3d976e173e58f	0.0	relative_frequency	1	40.4	RU	harmonized_benchmark	0	1882
tg2	0.8	random	frequency	AACGAGAGATGGTAGGCCTCGCCTTCTAAA	fam_47e3d976e173e58f	0.0	relative_frequency	1	211.3	RU	harmonized_benchmark	0	1882
tg2	0.8	random	frequency	AACGAGAGATGGTAGGCCTTTGATGATGCT	fam_47e3d976e173e58f	0.0	relative_frequency	1	127.4	RU	harmonized_benchmark	0	1882
tg2	0.8	random	frequency	ACACACGAGAGATGTTGCCTGCTACCCACA	fam_9f391b94f4786c47	0.0	relative_frequency	1	105.5	RU	harmonized_benchmark	0	1882
tg2	0.8	random	frequency	ACACACGAGAGATGTTGCCTGCTACCCGCA	fam_9f391b94f4786c47	0.0	relative_frequency	0	0.7	RU	harmonized_benchmark	0	1882
tg2	0.8	random	frequency	ATACGAGAGATGTAACCCGTCCTGCAATCA	fam_1db80d0456ea7a7c	0.0	relative_frequency	1	46.2	RU	harmonized_benchmark	0	1882
tg2	0.8	random	frequency	GCGGAGATTCTGAGGGTTCTCCTGTTCCAG	fam_a0bbcecaa683261c	0.0	relative_frequency	1	115.9	RU	harmonized_benchmark	0	1882
tg2	0.8	random	frequency	GTCGAGACTTTGAGGGTTCTCCTGCTGTAA	fam_a0bbcecaa683261c	0.0	relative_frequency	1	59.8	RU	harmonized_benchmark	0	1882
tg2	0.8	random	frequency	GTCGAGATTCTGAGGGTTCTCCTGGTGGCT	fam_a0bbcecaa683261c	0.0	relative_frequency	1	340.2	RU	harmonized_benchmark	0	1882
tg2	0.8	random	frequency	GTCGAGATTTTGAGGGTTCTCCGCTCCAGG	fam_a0bbcecaa683261c	0.0	relative_frequency	1	85.1	RU	harmonized_benchmark	0	1882
tg2	0.8	random	frequency	TGTAGGGAATGACCGGGGTCCTTAACGCTT	fam_e67fcdab0c402287	0.0	relative_frequency	1	315.7	RU	harmonized_benchmark	0	1882
tg2	0.8	random	frequency	TGTAGGGAATGACCGGGTTCCTGGTGCCCG	fam_f2bff3aa76721008	0.0	relative_frequency	1	277.0	RU	harmonized_benchmark	0	1882
tg2	0.8	random	enrichment	AACAAGAGATGGTAGGCCTAACCATGCTTT	fam_47e3d976e173e58f	-0.9323874728569614	log2_enrichment	1	82.2	RU	harmonized_benchmark	0	1882
tg2	0.8	random	enrichment	AACAAGAGATGGTAGGCCTACGTAATGTTT	fam_47e3d976e173e58f	-0.9323874728569614	log2_enrichment	1	127.8	RU	harmonized_benchmark	0	1882
tg2	0.8	random	enrichment	AACGAGAGATGGTAGGCCTCAAATACAGTC	fam_47e3d976e173e58f	-0.9323874728569614	log2_enrichment	1	244.6	RU	harmonized_benchmark	0	1882
tg2	0.8	random	enrichment	AACGAGAGATGGTAGGCCTCCAAGCTCACG	fam_47e3d976e173e58f	-0.9323874728569614	log2_enrichment	1	40.4	RU	harmonized_benchmark	0	1882
tg2	0.8	random	enrichment	AACGAGAGATGGTAGGCCTCGCCTTCTAAA	fam_47e3d976e173e58f	-0.9323874728569614	log2_enrichment	1	211.3	RU	harmonized_benchmark	0	1882
tg2	0.8	random	enrichment	AACGAGAGATGGTAGGCCTTTGATGATGCT	fam_47e3d976e173e58f	-0.9323874728569614	log2_enrichment	1	127.4	RU	harmonized_benchmark	0	1882
tg2	0.8	random	enrichment	ACACACGAGAGATGTTGCCTGCTACCCACA	fam_9f391b94f4786c47	-0.9323874728569614	log2_enrichment	1	105.5	RU	harmonized_benchmark	0	1882
tg2	0.8	random	enrichment	ACACACGAGAGATGTTGCCTGCTACCCGCA	fam_9f391b94f4786c47	-0.9323874728569614	log2_enrichment	0	0.7	RU	harmonized_benchmark	0	1882
tg2	0.8	random	enrichment	ATACGAGAGATGTAACCCGTCCTGCAATCA	fam_1db80d0456ea7a7c	-0.9323874728569614	log2_enrichment	1	46.2	RU	harmonized_benchmark	0	1882
tg2	0.8	random	enrichment	GCGGAGATTCTGAGGGTTCTCCTGTTCCAG	fam_a0bbcecaa683261c	-0.9323874728569614	log2_enrichment	1	115.9	RU	harmonized_benchmark	0	1882
tg2	0.8	random	enrichment	GTCGAGACTTTGAGGGTTCTCCTGCTGTAA	fam_a0bbcecaa683261c	-0.9323874728569614	log2_enrichment	1	59.8	RU	harmonized_benchmark	0	1882
tg2	0.8	random	enrichment	GTCGAGATTCTGAGGGTTCTCCTGGTGGCT	fam_a0bbcecaa683261c	-0.9323874728569614	log2_enrichment	1	340.2	RU	harmonized_benchmark	0	1882
tg2	0.8	random	enrichment	GTCGAGATTTTGAGGGTTCTCCGCTCCAGG	fam_a0bbcecaa683261c	-0.9323874728569614	log2_enrichment	1	85.1	RU	harmonized_benchmark	0	1882
tg2	0.8	random	enrichment	TGTAGGGAATGACCGGGGTCCTTAACGCTT	fam_e67fcdab0c402287	-0.9323874728569614	log2_enrichment	1	315.7	RU	harmonized_benchmark	0	1882
tg2	0.8	random	enrichment	TGTAGGGAATGACCGGGTTCCTGGTGCCCG	fam_f2bff3aa76721008	-0.9323874728569614	log2_enrichment	1	277.0	RU	harmonized_benchmark	0	1882
tg2	0.8	random	frequency_observed	AACAAGAGATGGTAGGCCTAACCATGCTTT	fam_47e3d976e173e58f	2.4634789249377972e-05	relative_frequency	1	82.2	RU	observational_reference	0	1882
tg2	0.8	random	frequency_observed	AACAAGAGATGGTAGGCCTACGTAATGTTT	fam_47e3d976e173e58f	0.0007020914936072722	relative_frequency	1	127.8	RU	observational_reference	0	1882
tg2	0.8	random	frequency_observed	AACGAGAGATGGTAGGCCTCAAATACAGTC	fam_47e3d976e173e58f	0.00048037839036287045	relative_frequency	1	244.6	RU	observational_reference	0	1882
tg2	0.8	random	frequency_observed	AACGAGAGATGGTAGGCCTCCAAGCTCACG	fam_47e3d976e173e58f	0.0012810090409676545	relative_frequency	1	40.4	RU	observational_reference	0	1882
tg2	0.8	random	frequency_observed	AACGAGAGATGGTAGGCCTCGCCTTCTAAA	fam_47e3d976e173e58f	0.0004434262064888035	relative_frequency	1	211.3	RU	observational_reference	0	1882
tg2	0.8	random	frequency_observed	AACGAGAGATGGTAGGCCTTTGATGATGCT	fam_47e3d976e173e58f	2.4634789249377972e-05	relative_frequency	1	127.4	RU	observational_reference	0	1882
tg2	0.8	random	frequency_observed	ACACACGAGAGATGTTGCCTGCTACCCACA	fam_9f391b94f4786c47	0.00038183923336535853	relative_frequency	1	105.5	RU	observational_reference	0	1882
tg2	0.8	random	frequency_observed	ACACACGAGAGATGTTGCCTGCTACCCGCA	fam_9f391b94f4786c47	4.9269578498755944e-05	relative_frequency	0	0.7	RU	observational_reference	0	1882
tg2	0.8	random	frequency_observed	ATACGAGAGATGTAACCCGTCCTGCAATCA	fam_1db80d0456ea7a7c	0.0006651393097332053	relative_frequency	1	46.2	RU	observational_reference	0	1882
tg2	0.8	random	frequency_observed	GCGGAGATTCTGAGGGTTCTCCTGTTCCAG	fam_a0bbcecaa683261c	0.0	relative_frequency	1	115.9	RU	observational_reference	0	1882
tg2	0.8	random	frequency_observed	GTCGAGACTTTGAGGGTTCTCCTGCTGTAA	fam_a0bbcecaa683261c	0.0	relative_frequency	1	59.8	RU	observational_reference	0	1882
tg2	0.8	random	frequency_observed	GTCGAGATTCTGAGGGTTCTCCTGGTGGCT	fam_a0bbcecaa683261c	2.4634789249377972e-05	relative_frequency	1	340.2	RU	observational_reference	0	1882
tg2	0.8	random	frequency_observed	GTCGAGATTTTGAGGGTTCTCCGCTCCAGG	fam_a0bbcecaa683261c	0.0	relative_frequency	1	85.1	RU	observational_reference	0	1882
tg2	0.8	random	frequency_observed	TGTAGGGAATGACCGGGGTCCTTAACGCTT	fam_e67fcdab0c402287	2.4634789249377972e-05	relative_frequency	1	315.7	RU	observational_reference	0	1882
tg2	0.8	random	frequency_observed	TGTAGGGAATGACCGGGTTCCTGGTGCCCG	fam_f2bff3aa76721008	0.0	relative_frequency	1	277.0	RU	observational_reference	0	1882
tg2	0.8	random	enrichment_observed	AACAAGAGATGGTAGGCCTAACCATGCTTT	fam_47e3d976e173e58f	-2.310899096110691	log2_enrichment	1	82.2	RU	observational_reference	0	1882
tg2	0.8	random	enrichment_observed	AACAAGAGATGGTAGGCCTACGTAATGTTT	fam_47e3d976e173e58f	-1.7089492413689624	log2_enrichment	1	127.8	RU	observational_reference	0	1882
tg2	0.8	random	enrichment_observed	AACGAGAGATGGTAGGCCTCAAATACAGTC	fam_47e3d976e173e58f	-2.2210637619479385	log2_enrichment	1	244.6	RU	observational_reference	0	1882
tg2	0.8	random	enrichment_observed	AACGAGAGATGGTAGGCCTCCAAGCTCACG	fam_47e3d976e173e58f	-1.125895148756827	log2_enrichment	1	40.4	RU	observational_reference	0	1882
tg2	0.8	random	enrichment_observed	AACGAGAGATGGTAGGCCTCGCCTTCTAAA	fam_47e3d976e173e58f	-1.7537901694001983	log2_enrichment	1	211.3	RU	observational_reference	0	1882
tg2	0.8	random	enrichment_observed	AACGAGAGATGGTAGGCCTTTGATGATGCT	fam_47e3d976e173e58f	-1.7803843794119112	log2_enrichment	1	127.4	RU	observational_reference	0	1882
tg2	0.8	random	enrichment_observed	ACACACGAGAGATGTTGCCTGCTACCCACA	fam_9f391b94f4786c47	-1.9663348047802987	log2_enrichment	1	105.5	RU	observational_reference	0	1882
tg2	0.8	random	enrichment_observed	ACACACGAGAGATGTTGCCTGCTACCCGCA	fam_9f391b94f4786c47	-2.154779894193409	log2_enrichment	0	0.7	RU	observational_reference	0	1882
tg2	0.8	random	enrichment_observed	ATACGAGAGATGTAACCCGTCCTGCAATCA	fam_1db80d0456ea7a7c	-2.052946396978294	log2_enrichment	1	46.2	RU	observational_reference	0	1882
tg2	0.8	random	enrichment_observed	GCGGAGATTCTGAGGGTTCTCCTGTTCCAG	fam_a0bbcecaa683261c	-0.9323874728569614	log2_enrichment	1	115.9	RU	observational_reference	0	1882
tg2	0.8	random	enrichment_observed	GTCGAGACTTTGAGGGTTCTCCTGCTGTAA	fam_a0bbcecaa683261c	-3.2543155677443236	log2_enrichment	1	59.8	RU	observational_reference	0	1882
tg2	0.8	random	enrichment_observed	GTCGAGATTCTGAGGGTTCTCCTGGTGGCT	fam_a0bbcecaa683261c	-3.895861596831847	log2_enrichment	1	340.2	RU	observational_reference	0	1882
tg2	0.8	random	enrichment_observed	GTCGAGATTTTGAGGGTTCTCCGCTCCAGG	fam_a0bbcecaa683261c	-2.5173499735781175	log2_enrichment	1	85.1	RU	observational_reference	0	1882
tg2	0.8	random	enrichment_observed	TGTAGGGAATGACCGGGGTCCTTAACGCTT	fam_e67fcdab0c402287	-4.225169222084807	log2_enrichment	1	315.7	RU	observational_reference	0	1882
tg2	0.8	random	enrichment_observed	TGTAGGGAATGACCGGGTTCCTGGTGCCCG	fam_f2bff3aa76721008	-5.019850314107301	log2_enrichment	1	277.0	RU	observational_reference	0	1882
tg2	0.8	random	kmer_logistic	AACAAGAGATGGTAGGCCTAACCATGCTTT	fam_47e3d976e173e58f	-0.8410431948450755	decision_function	1	82.2	RU	harmonized_benchmark	15	1882
tg2	0.8	random	kmer_logistic	AACAAGAGATGGTAGGCCTACGTAATGTTT	fam_47e3d976e173e58f	-0.5181679875303812	decision_function	1	127.8	RU	harmonized_benchmark	15	1882
tg2	0.8	random	kmer_logistic	AACGAGAGATGGTAGGCCTCAAATACAGTC	fam_47e3d976e173e58f	-1.7941163778796958	decision_function	1	244.6	RU	harmonized_benchmark	15	1882
tg2	0.8	random	kmer_logistic	AACGAGAGATGGTAGGCCTCCAAGCTCACG	fam_47e3d976e173e58f	-1.39302862703647	decision_function	1	40.4	RU	harmonized_benchmark	15	1882
tg2	0.8	random	kmer_logistic	AACGAGAGATGGTAGGCCTCGCCTTCTAAA	fam_47e3d976e173e58f	0.19959856000481024	decision_function	1	211.3	RU	harmonized_benchmark	15	1882
tg2	0.8	random	kmer_logistic	AACGAGAGATGGTAGGCCTTTGATGATGCT	fam_47e3d976e173e58f	1.231133363809307	decision_function	1	127.4	RU	harmonized_benchmark	15	1882
tg2	0.8	random	kmer_logistic	ACACACGAGAGATGTTGCCTGCTACCCACA	fam_9f391b94f4786c47	-0.37130845638841936	decision_function	1	105.5	RU	harmonized_benchmark	15	1882
tg2	0.8	random	kmer_logistic	ACACACGAGAGATGTTGCCTGCTACCCGCA	fam_9f391b94f4786c47	0.9130024666788649	decision_function	0	0.7	RU	harmonized_benchmark	15	1882
tg2	0.8	random	kmer_logistic	ATACGAGAGATGTAACCCGTCCTGCAATCA	fam_1db80d0456ea7a7c	-1.2573461146747045	decision_function	1	46.2	RU	harmonized_benchmark	15	1882
tg2	0.8	random	kmer_logistic	GCGGAGATTCTGAGGGTTCTCCTGTTCCAG	fam_a0bbcecaa683261c	2.1008829023982996	decision_function	1	115.9	RU	harmonized_benchmark	15	1882
tg2	0.8	random	kmer_logistic	GTCGAGACTTTGAGGGTTCTCCTGCTGTAA	fam_a0bbcecaa683261c	2.003823232598849	decision_function	1	59.8	RU	harmonized_benchmark	15	1882
tg2	0.8	random	kmer_logistic	GTCGAGATTCTGAGGGTTCTCCTGGTGGCT	fam_a0bbcecaa683261c	2.6467916590876155	decision_function	1	340.2	RU	harmonized_benchmark	15	1882
tg2	0.8	random	kmer_logistic	GTCGAGATTTTGAGGGTTCTCCGCTCCAGG	fam_a0bbcecaa683261c	2.5038928244265857	decision_function	1	85.1	RU	harmonized_benchmark	15	1882
tg2	0.8	random	kmer_logistic	TGTAGGGAATGACCGGGGTCCTTAACGCTT	fam_e67fcdab0c402287	1.5982556212762398	decision_function	1	315.7	RU	harmonized_benchmark	15	1882
tg2	0.8	random	kmer_logistic	TGTAGGGAATGACCGGGTTCCTGGTGCCCG	fam_f2bff3aa76721008	2.3260291594872786	decision_function	1	277.0	RU	harmonized_benchmark	15	1882
tg2	0.8	naive_sequence_random	kmer_ridge	AAACGAGAGATGTAGCCTTTCTCGAATTCA	fam_1fe72db7d58d084f	-0.8970054674865193	predicted_log2_enrichment	0	-7.7	RU	harmonized_benchmark	0	1880
tg2	0.8	naive_sequence_random	kmer_ridge	AACAAGAGATGGTAGGCCTACGTAATGTTT	fam_47e3d976e173e58f	-0.13503713489156755	predicted_log2_enrichment	1	127.8	RU	harmonized_benchmark	0	1880
tg2	0.8	naive_sequence_random	kmer_ridge	AACAATGTAAAATTGTGCAAGCCTATCTT	fam_bff258114a0043f0	0.9956560341675778	predicted_log2_enrichment	0	-24.1	RU	harmonized_benchmark	0	1880
tg2	0.8	naive_sequence_random	kmer_ridge	AACGAGAGATGGTAGGCCTCGCCTTCTAAA	fam_47e3d976e173e58f	-0.9394291759359643	predicted_log2_enrichment	1	211.3	RU	harmonized_benchmark	0	1880
tg2	0.8	naive_sequence_random	kmer_ridge	AACGAGAGATGGTAGGCCTTTGATGATGCT	fam_47e3d976e173e58f	-1.017197171212362	predicted_log2_enrichment	1	127.4	RU	harmonized_benchmark	0	1880
tg2	0.8	naive_sequence_random	kmer_ridge	ACACACGAGAGATGTTGCCTGCTACCCACA	fam_9f391b94f4786c47	-0.31392153141663	predicted_log2_enrichment	1	105.5	RU	harmonized_benchmark	0	1880
tg2	0.8	naive_sequence_random	kmer_ridge	ACACACGAGAGATGTTGCCTGCTACCCGCA	fam_9f391b94f4786c47	-0.076086370497494	predicted_log2_enrichment	0	0.7	RU	harmonized_benchmark	0	1880
tg2	0.8	naive_sequence_random	kmer_ridge	ATACGAGAGATGTAACCCGTCCTGCAATCA	fam_1db80d0456ea7a7c	-0.3587212596456772	predicted_log2_enrichment	1	46.2	RU	harmonized_benchmark	0	1880
tg2	0.8	naive_sequence_random	kmer_ridge	ATTAGAAAATTACAAGAGATGTGATCGCTGA	fam_bee35d075223a301	-0.03535577642271065	predicted_log2_enrichment	1	46.8	RU	harmonized_benchmark	0	1880
tg2	0.8	naive_sequence_random	kmer_ridge	GTACGAGATTCTGAGGGTTCTTTTTGCAC	fam_d1d8939014df3369	-0.3458377397062112	predicted_log2_enrichment	1	134.7	RU	harmonized_benchmark	0	1880
tg2	0.8	naive_sequence_random	kmer_ridge	GTCGAGATTCTGAGGGTTCTCCTGGTGGCT	fam_a0bbcecaa683261c	-0.7254996766035	predicted_log2_enrichment	1	340.2	RU	harmonized_benchmark	0	1880
tg2	0.8	naive_sequence_random	kmer_ridge	GTCGAGATTTTGAGGGTTCTCCGCTCCAGG	fam_a0bbcecaa683261c	-0.6164333943265412	predicted_log2_enrichment	1	85.1	RU	harmonized_benchmark	0	1880
tg2	0.8	naive_sequence_random	kmer_ridge	TGTAGGGAATGACCGGGGTCCTTAACGCTT	fam_e67fcdab0c402287	0.1659051890909377	predicted_log2_enrichment	1	315.7	RU	harmonized_benchmark	0	1880
tg2	0.8	naive_sequence_random	kmer_ridge	TTAGGAGTTACGAGAGATGTGGCATGTGA	fam_bee35d075223a301	0.054566819654239596	predicted_log2_enrichment	1	210.5	RU	harmonized_benchmark	0	1880
tg2	0.8	naive_sequence_random	kmer_ridge	TTTAGGTATTACGAGAGATGTGGATATCGA	fam_bee35d075223a301	-0.26582578834808906	predicted_log2_enrichment	1	38.1	RU	harmonized_benchmark	0	1880
tg2	0.8	naive_sequence_random	frequency	AAACGAGAGATGTAGCCTTTCTCGAATTCA	fam_1fe72db7d58d084f	0.0	relative_frequency	0	-7.7	RU	harmonized_benchmark	0	1880
tg2	0.8	naive_sequence_random	frequency	AACAAGAGATGGTAGGCCTACGTAATGTTT	fam_47e3d976e173e58f	0.0	relative_frequency	1	127.8	RU	harmonized_benchmark	0	1880
tg2	0.8	naive_sequence_random	frequency	AACAATGTAAAATTGTGCAAGCCTATCTT	fam_bff258114a0043f0	0.0	relative_frequency	0	-24.1	RU	harmonized_benchmark	0	1880
tg2	0.8	naive_sequence_random	frequency	AACGAGAGATGGTAGGCCTCGCCTTCTAAA	fam_47e3d976e173e58f	0.0	relative_frequency	1	211.3	RU	harmonized_benchmark	0	1880
tg2	0.8	naive_sequence_random	frequency	AACGAGAGATGGTAGGCCTTTGATGATGCT	fam_47e3d976e173e58f	0.0	relative_frequency	1	127.4	RU	harmonized_benchmark	0	1880
tg2	0.8	naive_sequence_random	frequency	ACACACGAGAGATGTTGCCTGCTACCCACA	fam_9f391b94f4786c47	0.0	relative_frequency	1	105.5	RU	harmonized_benchmark	0	1880
tg2	0.8	naive_sequence_random	frequency	ACACACGAGAGATGTTGCCTGCTACCCGCA	fam_9f391b94f4786c47	0.0	relative_frequency	0	0.7	RU	harmonized_benchmark	0	1880
tg2	0.8	naive_sequence_random	frequency	ATACGAGAGATGTAACCCGTCCTGCAATCA	fam_1db80d0456ea7a7c	0.0	relative_frequency	1	46.2	RU	harmonized_benchmark	0	1880
tg2	0.8	naive_sequence_random	frequency	ATTAGAAAATTACAAGAGATGTGATCGCTGA	fam_bee35d075223a301	0.0	relative_frequency	1	46.8	RU	harmonized_benchmark	0	1880
tg2	0.8	naive_sequence_random	frequency	GTACGAGATTCTGAGGGTTCTTTTTGCAC	fam_d1d8939014df3369	0.0	relative_frequency	1	134.7	RU	harmonized_benchmark	0	1880
tg2	0.8	naive_sequence_random	frequency	GTCGAGATTCTGAGGGTTCTCCTGGTGGCT	fam_a0bbcecaa683261c	0.0	relative_frequency	1	340.2	RU	harmonized_benchmark	0	1880
tg2	0.8	naive_sequence_random	frequency	GTCGAGATTTTGAGGGTTCTCCGCTCCAGG	fam_a0bbcecaa683261c	0.0	relative_frequency	1	85.1	RU	harmonized_benchmark	0	1880
tg2	0.8	naive_sequence_random	frequency	TGTAGGGAATGACCGGGGTCCTTAACGCTT	fam_e67fcdab0c402287	0.0	relative_frequency	1	315.7	RU	harmonized_benchmark	0	1880
tg2	0.8	naive_sequence_random	frequency	TTAGGAGTTACGAGAGATGTGGCATGTGA	fam_bee35d075223a301	0.0	relative_frequency	1	210.5	RU	harmonized_benchmark	0	1880
tg2	0.8	naive_sequence_random	frequency	TTTAGGTATTACGAGAGATGTGGATATCGA	fam_bee35d075223a301	0.0	relative_frequency	1	38.1	RU	harmonized_benchmark	0	1880
tg2	0.8	naive_sequence_random	enrichment	AAACGAGAGATGTAGCCTTTCTCGAATTCA	fam_1fe72db7d58d084f	-0.9323874728569614	log2_enrichment	0	-7.7	RU	harmonized_benchmark	0	1880
tg2	0.8	naive_sequence_random	enrichment	AACAAGAGATGGTAGGCCTACGTAATGTTT	fam_47e3d976e173e58f	-0.9323874728569614	log2_enrichment	1	127.8	RU	harmonized_benchmark	0	1880
tg2	0.8	naive_sequence_random	enrichment	AACAATGTAAAATTGTGCAAGCCTATCTT	fam_bff258114a0043f0	-0.9323874728569614	log2_enrichment	0	-24.1	RU	harmonized_benchmark	0	1880
tg2	0.8	naive_sequence_random	enrichment	AACGAGAGATGGTAGGCCTCGCCTTCTAAA	fam_47e3d976e173e58f	-0.9323874728569614	log2_enrichment	1	211.3	RU	harmonized_benchmark	0	1880
tg2	0.8	naive_sequence_random	enrichment	AACGAGAGATGGTAGGCCTTTGATGATGCT	fam_47e3d976e173e58f	-0.9323874728569614	log2_enrichment	1	127.4	RU	harmonized_benchmark	0	1880
tg2	0.8	naive_sequence_random	enrichment	ACACACGAGAGATGTTGCCTGCTACCCACA	fam_9f391b94f4786c47	-0.9323874728569614	log2_enrichment	1	105.5	RU	harmonized_benchmark	0	1880
tg2	0.8	naive_sequence_random	enrichment	ACACACGAGAGATGTTGCCTGCTACCCGCA	fam_9f391b94f4786c47	-0.9323874728569614	log2_enrichment	0	0.7	RU	harmonized_benchmark	0	1880
tg2	0.8	naive_sequence_random	enrichment	ATACGAGAGATGTAACCCGTCCTGCAATCA	fam_1db80d0456ea7a7c	-0.9323874728569614	log2_enrichment	1	46.2	RU	harmonized_benchmark	0	1880
tg2	0.8	naive_sequence_random	enrichment	ATTAGAAAATTACAAGAGATGTGATCGCTGA	fam_bee35d075223a301	-0.9323874728569614	log2_enrichment	1	46.8	RU	harmonized_benchmark	0	1880
tg2	0.8	naive_sequence_random	enrichment	GTACGAGATTCTGAGGGTTCTTTTTGCAC	fam_d1d8939014df3369	-0.9323874728569614	log2_enrichment	1	134.7	RU	harmonized_benchmark	0	1880
tg2	0.8	naive_sequence_random	enrichment	GTCGAGATTCTGAGGGTTCTCCTGGTGGCT	fam_a0bbcecaa683261c	-0.9323874728569614	log2_enrichment	1	340.2	RU	harmonized_benchmark	0	1880
tg2	0.8	naive_sequence_random	enrichment	GTCGAGATTTTGAGGGTTCTCCGCTCCAGG	fam_a0bbcecaa683261c	-0.9323874728569614	log2_enrichment	1	85.1	RU	harmonized_benchmark	0	1880
tg2	0.8	naive_sequence_random	enrichment	TGTAGGGAATGACCGGGGTCCTTAACGCTT	fam_e67fcdab0c402287	-0.9323874728569614	log2_enrichment	1	315.7	RU	harmonized_benchmark	0	1880
tg2	0.8	naive_sequence_random	enrichment	TTAGGAGTTACGAGAGATGTGGCATGTGA	fam_bee35d075223a301	-0.9323874728569614	log2_enrichment	1	210.5	RU	harmonized_benchmark	0	1880
tg2	0.8	naive_sequence_random	enrichment	TTTAGGTATTACGAGAGATGTGGATATCGA	fam_bee35d075223a301	-0.9323874728569614	log2_enrichment	1	38.1	RU	harmonized_benchmark	0	1880
tg2	0.8	naive_sequence_random	frequency_observed	AAACGAGAGATGTAGCCTTTCTCGAATTCA	fam_1fe72db7d58d084f	4.9269578498755944e-05	relative_frequency	0	-7.7	RU	observational_reference	0	1880
tg2	0.8	naive_sequence_random	frequency_observed	AACAAGAGATGGTAGGCCTACGTAATGTTT	fam_47e3d976e173e58f	0.0007020914936072722	relative_frequency	1	127.8	RU	observational_reference	0	1880
tg2	0.8	naive_sequence_random	frequency_observed	AACAATGTAAAATTGTGCAAGCCTATCTT	fam_bff258114a0043f0	0.0030793486561722463	relative_frequency	0	-24.1	RU	observational_reference	0	1880
tg2	0.8	naive_sequence_random	frequency_observed	AACGAGAGATGGTAGGCCTCGCCTTCTAAA	fam_47e3d976e173e58f	0.0004434262064888035	relative_frequency	1	211.3	RU	observational_reference	0	1880
tg2	0.8	naive_sequence_random	frequency_observed	AACGAGAGATGGTAGGCCTTTGATGATGCT	fam_47e3d976e173e58f	2.4634789249377972e-05	relative_frequency	1	127.4	RU	observational_reference	0	1880
tg2	0.8	naive_sequence_random	frequency_observed	ACACACGAGAGATGTTGCCTGCTACCCACA	fam_9f391b94f4786c47	0.00038183923336535853	relative_frequency	1	105.5	RU	observational_reference	0	1880
tg2	0.8	naive_sequence_random	frequency_observed	ACACACGAGAGATGTTGCCTGCTACCCGCA	fam_9f391b94f4786c47	4.9269578498755944e-05	relative_frequency	0	0.7	RU	observational_reference	0	1880
tg2	0.8	naive_sequence_random	frequency_observed	ATACGAGAGATGTAACCCGTCCTGCAATCA	fam_1db80d0456ea7a7c	0.0006651393097332053	relative_frequency	1	46.2	RU	observational_reference	0	1880
tg2	0.8	naive_sequence_random	frequency_observed	ATTAGAAAATTACAAGAGATGTGATCGCTGA	fam_bee35d075223a301	0.008535954474909468	relative_frequency	1	46.8	RU	observational_reference	0	1880
tg2	0.8	naive_sequence_random	frequency_observed	GTACGAGATTCTGAGGGTTCTTTTTGCAC	fam_d1d8939014df3369	0.0	relative_frequency	1	134.7	RU	observational_reference	0	1880
tg2	0.8	naive_sequence_random	frequency_observed	GTCGAGATTCTGAGGGTTCTCCTGGTGGCT	fam_a0bbcecaa683261c	2.4634789249377972e-05	relative_frequency	1	340.2	RU	observational_reference	0	1880
tg2	0.8	naive_sequence_random	frequency_observed	GTCGAGATTTTGAGGGTTCTCCGCTCCAGG	fam_a0bbcecaa683261c	0.0	relative_frequency	1	85.1	RU	observational_reference	0	1880
tg2	0.8	naive_sequence_random	frequency_observed	TGTAGGGAATGACCGGGGTCCTTAACGCTT	fam_e67fcdab0c402287	2.4634789249377972e-05	relative_frequency	1	315.7	RU	observational_reference	0	1880
tg2	0.8	naive_sequence_random	frequency_observed	TTAGGAGTTACGAGAGATGTGGCATGTGA	fam_bee35d075223a301	0.027738772694799595	relative_frequency	1	210.5	RU	observational_reference	0	1880
tg2	0.8	naive_sequence_random	frequency_observed	TTTAGGTATTACGAGAGATGTGGATATCGA	fam_bee35d075223a301	0.001872243982952726	relative_frequency	1	38.1	RU	observational_reference	0	1880
tg2	0.8	naive_sequence_random	enrichment_observed	AAACGAGAGATGTAGCCTTTCTCGAATTCA	fam_1fe72db7d58d084f	-0.569817393472253	log2_enrichment	0	-7.7	RU	observational_reference	0	1880
tg2	0.8	naive_sequence_random	enrichment_observed	AACAAGAGATGGTAGGCCTACGTAATGTTT	fam_47e3d976e173e58f	-1.7089492413689624	log2_enrichment	1	127.8	RU	observational_reference	0	1880
tg2	0.8	naive_sequence_random	enrichment_observed	AACAATGTAAAATTGTGCAAGCCTATCTT	fam_bff258114a0043f0	-0.0026396689540553525	log2_enrichment	0	-24.1	RU	observational_reference	0	1880
tg2	0.8	naive_sequence_random	enrichment_observed	AACGAGAGATGGTAGGCCTCGCCTTCTAAA	fam_47e3d976e173e58f	-1.7537901694001983	log2_enrichment	1	211.3	RU	observational_reference	0	1880
tg2	0.8	naive_sequence_random	enrichment_observed	AACGAGAGATGGTAGGCCTTTGATGATGCT	fam_47e3d976e173e58f	-1.7803843794119112	log2_enrichment	1	127.4	RU	observational_reference	0	1880
tg2	0.8	naive_sequence_random	enrichment_observed	ACACACGAGAGATGTTGCCTGCTACCCACA	fam_9f391b94f4786c47	-1.9663348047802987	log2_enrichment	1	105.5	RU	observational_reference	0	1880
tg2	0.8	naive_sequence_random	enrichment_observed	ACACACGAGAGATGTTGCCTGCTACCCGCA	fam_9f391b94f4786c47	-2.154779894193409	log2_enrichment	0	0.7	RU	observational_reference	0	1880
tg2	0.8	naive_sequence_random	enrichment_observed	ATACGAGAGATGTAACCCGTCCTGCAATCA	fam_1db80d0456ea7a7c	-2.052946396978294	log2_enrichment	1	46.2	RU	observational_reference	0	1880
tg2	0.8	naive_sequence_random	enrichment_observed	ATTAGAAAATTACAAGAGATGTGATCGCTGA	fam_bee35d075223a301	-0.2511917230574458	log2_enrichment	1	46.8	RU	observational_reference	0	1880
tg2	0.8	naive_sequence_random	enrichment_observed	GTACGAGATTCTGAGGGTTCTTTTTGCAC	fam_d1d8939014df3369	-0.9323874728569614	log2_enrichment	1	134.7	RU	observational_reference	0	1880
tg2	0.8	naive_sequence_random	enrichment_observed	GTCGAGATTCTGAGGGTTCTCCTGGTGGCT	fam_a0bbcecaa683261c	-3.895861596831847	log2_enrichment	1	340.2	RU	observational_reference	0	1880
tg2	0.8	naive_sequence_random	enrichment_observed	GTCGAGATTTTGAGGGTTCTCCGCTCCAGG	fam_a0bbcecaa683261c	-2.5173499735781175	log2_enrichment	1	85.1	RU	observational_reference	0	1880
tg2	0.8	naive_sequence_random	enrichment_observed	TGTAGGGAATGACCGGGGTCCTTAACGCTT	fam_e67fcdab0c402287	-4.225169222084807	log2_enrichment	1	315.7	RU	observational_reference	0	1880
tg2	0.8	naive_sequence_random	enrichment_observed	TTAGGAGTTACGAGAGATGTGGCATGTGA	fam_bee35d075223a301	-0.40009253006742446	log2_enrichment	1	210.5	RU	observational_reference	0	1880
tg2	0.8	naive_sequence_random	enrichment_observed	TTTAGGTATTACGAGAGATGTGGATATCGA	fam_bee35d075223a301	-0.6512655943574847	log2_enrichment	1	38.1	RU	observational_reference	0	1880
tg2	0.8	naive_sequence_random	kmer_logistic	AAACGAGAGATGTAGCCTTTCTCGAATTCA	fam_1fe72db7d58d084f	1.5791137247568416	decision_function	0	-7.7	RU	harmonized_benchmark	15	1880
tg2	0.8	naive_sequence_random	kmer_logistic	AACAAGAGATGGTAGGCCTACGTAATGTTT	fam_47e3d976e173e58f	0.8825458185232133	decision_function	1	127.8	RU	harmonized_benchmark	15	1880
tg2	0.8	naive_sequence_random	kmer_logistic	AACAATGTAAAATTGTGCAAGCCTATCTT	fam_bff258114a0043f0	-2.3457963002794164	decision_function	0	-24.1	RU	harmonized_benchmark	15	1880
tg2	0.8	naive_sequence_random	kmer_logistic	AACGAGAGATGGTAGGCCTCGCCTTCTAAA	fam_47e3d976e173e58f	2.6580638521098496	decision_function	1	211.3	RU	harmonized_benchmark	15	1880
tg2	0.8	naive_sequence_random	kmer_logistic	AACGAGAGATGGTAGGCCTTTGATGATGCT	fam_47e3d976e173e58f	2.5368378501507607	decision_function	1	127.4	RU	harmonized_benchmark	15	1880
tg2	0.8	naive_sequence_random	kmer_logistic	ACACACGAGAGATGTTGCCTGCTACCCACA	fam_9f391b94f4786c47	1.7810605066827716	decision_function	1	105.5	RU	harmonized_benchmark	15	1880
tg2	0.8	naive_sequence_random	kmer_logistic	ACACACGAGAGATGTTGCCTGCTACCCGCA	fam_9f391b94f4786c47	1.7676449785840027	decision_function	0	0.7	RU	harmonized_benchmark	15	1880
tg2	0.8	naive_sequence_random	kmer_logistic	ATACGAGAGATGTAACCCGTCCTGCAATCA	fam_1db80d0456ea7a7c	0.11331450373525565	decision_function	1	46.2	RU	harmonized_benchmark	15	1880
tg2	0.8	naive_sequence_random	kmer_logistic	ATTAGAAAATTACAAGAGATGTGATCGCTGA	fam_bee35d075223a301	-1.0754007420427223	decision_function	1	46.8	RU	harmonized_benchmark	15	1880
tg2	0.8	naive_sequence_random	kmer_logistic	GTACGAGATTCTGAGGGTTCTTTTTGCAC	fam_d1d8939014df3369	2.6686764603537365	decision_function	1	134.7	RU	harmonized_benchmark	15	1880
tg2	0.8	naive_sequence_random	kmer_logistic	GTCGAGATTCTGAGGGTTCTCCTGGTGGCT	fam_a0bbcecaa683261c	3.5524160408993497	decision_function	1	340.2	RU	harmonized_benchmark	15	1880
tg2	0.8	naive_sequence_random	kmer_logistic	GTCGAGATTTTGAGGGTTCTCCGCTCCAGG	fam_a0bbcecaa683261c	3.6981396869840797	decision_function	1	85.1	RU	harmonized_benchmark	15	1880
tg2	0.8	naive_sequence_random	kmer_logistic	TGTAGGGAATGACCGGGGTCCTTAACGCTT	fam_e67fcdab0c402287	1.8870586231009132	decision_function	1	315.7	RU	harmonized_benchmark	15	1880
tg2	0.8	naive_sequence_random	kmer_logistic	TTAGGAGTTACGAGAGATGTGGCATGTGA	fam_bee35d075223a301	1.5223271707507837	decision_function	1	210.5	RU	harmonized_benchmark	15	1880
tg2	0.8	naive_sequence_random	kmer_logistic	TTTAGGTATTACGAGAGATGTGGATATCGA	fam_bee35d075223a301	1.0039139573208324	decision_function	1	38.1	RU	harmonized_benchmark	15	1880
tg2	0.9	family	kmer_ridge	AACAAGAGATGGTAGGCCTAACCATGCTTT	fam_30ec8f4c179bcae0	-0.10434419163884012	predicted_log2_enrichment	1	82.2	RU	harmonized_benchmark	0	1879
tg2	0.9	family	kmer_ridge	AACAAGAGATGGTAGGCCTACGTAATGTTT	fam_fe8c777557db935a	-0.03158218806848584	predicted_log2_enrichment	1	127.8	RU	harmonized_benchmark	0	1879
tg2	0.9	family	kmer_ridge	AACGAGAGATGGTAGGCCTCAAATACAGTC	fam_fe536421c3657f9c	-0.5349788305238082	predicted_log2_enrichment	1	244.6	RU	harmonized_benchmark	0	1879
tg2	0.9	family	kmer_ridge	AACGAGAGATGGTAGGCCTCCAAGCTCACG	fam_338005a8c3b86c43	-0.06587864088746614	predicted_log2_enrichment	1	40.4	RU	harmonized_benchmark	0	1879
tg2	0.9	family	kmer_ridge	AACGAGAGATGGTAGGCCTCGCCTTCTAAA	fam_4385c96f87e22a7c	-0.8784169125806757	predicted_log2_enrichment	1	211.3	RU	harmonized_benchmark	0	1879
tg2	0.9	family	kmer_ridge	AACGAGAGATGGTAGGCCTTTGATGATGCT	fam_4997f15564bb3033	-0.9215002242752347	predicted_log2_enrichment	1	127.4	RU	harmonized_benchmark	0	1879
tg2	0.9	family	kmer_ridge	ACACACGAGAGATGTTGCCTGCTACCCACA	fam_7a03f769c590d309	-0.2491724879956697	predicted_log2_enrichment	1	105.5	RU	harmonized_benchmark	0	1879
tg2	0.9	family	kmer_ridge	ACACACGAGAGATGTTGCCTGCTACCCGCA	fam_7a03f769c590d309	-0.0392929981941359	predicted_log2_enrichment	0	0.7	RU	harmonized_benchmark	0	1879
tg2	0.9	family	kmer_ridge	ATACGAGAGATGTAACCCGTCCTGCAATCA	fam_1db80d0456ea7a7c	-0.3437925389598906	predicted_log2_enrichment	1	46.2	RU	harmonized_benchmark	0	1879
tg2	0.9	family	kmer_ridge	GCGGAGATTCTGAGGGTTCTCCTGTTCCAG	fam_b525ef42abbfc5d8	-0.6783570035313874	predicted_log2_enrichment	1	115.9	RU	harmonized_benchmark	0	1879
tg2	0.9	family	kmer_ridge	GTCGAGACTTTGAGGGTTCTCCTGCTGTAA	fam_1a7e8681671b7e3b	-0.8521710699332813	predicted_log2_enrichment	1	59.8	RU	harmonized_benchmark	0	1879
tg2	0.9	family	kmer_ridge	GTCGAGATTCTGAGGGTTCTCCTGGTGGCT	fam_9cc4aaefc8b945b3	-0.8433463826625714	predicted_log2_enrichment	1	340.2	RU	harmonized_benchmark	0	1879
tg2	0.9	family	kmer_ridge	GTCGAGATTTTGAGGGTTCTCCGCTCCAGG	fam_a4231ea017c27459	-0.6774991138638861	predicted_log2_enrichment	1	85.1	RU	harmonized_benchmark	0	1879
tg2	0.9	family	kmer_ridge	TGTAGGGAATGACCGGGGTCCTTAACGCTT	fam_1227741e754cedc2	0.17832064308384832	predicted_log2_enrichment	1	315.7	RU	harmonized_benchmark	0	1879
tg2	0.9	family	kmer_ridge	TGTAGGGAATGACCGGGTTCCTGGTGCCCG	fam_bf27d0eea2a1558a	0.5340270885420701	predicted_log2_enrichment	1	277.0	RU	harmonized_benchmark	0	1879
tg2	0.9	family	frequency	AACAAGAGATGGTAGGCCTAACCATGCTTT	fam_30ec8f4c179bcae0	0.0	relative_frequency	1	82.2	RU	harmonized_benchmark	0	1879
tg2	0.9	family	frequency	AACAAGAGATGGTAGGCCTACGTAATGTTT	fam_fe8c777557db935a	0.0	relative_frequency	1	127.8	RU	harmonized_benchmark	0	1879
tg2	0.9	family	frequency	AACGAGAGATGGTAGGCCTCAAATACAGTC	fam_fe536421c3657f9c	0.0	relative_frequency	1	244.6	RU	harmonized_benchmark	0	1879
tg2	0.9	family	frequency	AACGAGAGATGGTAGGCCTCCAAGCTCACG	fam_338005a8c3b86c43	0.0	relative_frequency	1	40.4	RU	harmonized_benchmark	0	1879
tg2	0.9	family	frequency	AACGAGAGATGGTAGGCCTCGCCTTCTAAA	fam_4385c96f87e22a7c	0.0	relative_frequency	1	211.3	RU	harmonized_benchmark	0	1879
tg2	0.9	family	frequency	AACGAGAGATGGTAGGCCTTTGATGATGCT	fam_4997f15564bb3033	0.0	relative_frequency	1	127.4	RU	harmonized_benchmark	0	1879
tg2	0.9	family	frequency	ACACACGAGAGATGTTGCCTGCTACCCACA	fam_7a03f769c590d309	0.0	relative_frequency	1	105.5	RU	harmonized_benchmark	0	1879
tg2	0.9	family	frequency	ACACACGAGAGATGTTGCCTGCTACCCGCA	fam_7a03f769c590d309	0.0	relative_frequency	0	0.7	RU	harmonized_benchmark	0	1879
tg2	0.9	family	frequency	ATACGAGAGATGTAACCCGTCCTGCAATCA	fam_1db80d0456ea7a7c	0.0	relative_frequency	1	46.2	RU	harmonized_benchmark	0	1879
tg2	0.9	family	frequency	GCGGAGATTCTGAGGGTTCTCCTGTTCCAG	fam_b525ef42abbfc5d8	0.0	relative_frequency	1	115.9	RU	harmonized_benchmark	0	1879
tg2	0.9	family	frequency	GTCGAGACTTTGAGGGTTCTCCTGCTGTAA	fam_1a7e8681671b7e3b	0.0	relative_frequency	1	59.8	RU	harmonized_benchmark	0	1879
tg2	0.9	family	frequency	GTCGAGATTCTGAGGGTTCTCCTGGTGGCT	fam_9cc4aaefc8b945b3	0.0	relative_frequency	1	340.2	RU	harmonized_benchmark	0	1879
tg2	0.9	family	frequency	GTCGAGATTTTGAGGGTTCTCCGCTCCAGG	fam_a4231ea017c27459	0.0	relative_frequency	1	85.1	RU	harmonized_benchmark	0	1879
tg2	0.9	family	frequency	TGTAGGGAATGACCGGGGTCCTTAACGCTT	fam_1227741e754cedc2	0.0	relative_frequency	1	315.7	RU	harmonized_benchmark	0	1879
tg2	0.9	family	frequency	TGTAGGGAATGACCGGGTTCCTGGTGCCCG	fam_bf27d0eea2a1558a	0.0	relative_frequency	1	277.0	RU	harmonized_benchmark	0	1879
tg2	0.9	family	enrichment	AACAAGAGATGGTAGGCCTAACCATGCTTT	fam_30ec8f4c179bcae0	-0.9323874728569614	log2_enrichment	1	82.2	RU	harmonized_benchmark	0	1879
tg2	0.9	family	enrichment	AACAAGAGATGGTAGGCCTACGTAATGTTT	fam_fe8c777557db935a	-0.9323874728569614	log2_enrichment	1	127.8	RU	harmonized_benchmark	0	1879
tg2	0.9	family	enrichment	AACGAGAGATGGTAGGCCTCAAATACAGTC	fam_fe536421c3657f9c	-0.9323874728569614	log2_enrichment	1	244.6	RU	harmonized_benchmark	0	1879
tg2	0.9	family	enrichment	AACGAGAGATGGTAGGCCTCCAAGCTCACG	fam_338005a8c3b86c43	-0.9323874728569614	log2_enrichment	1	40.4	RU	harmonized_benchmark	0	1879
tg2	0.9	family	enrichment	AACGAGAGATGGTAGGCCTCGCCTTCTAAA	fam_4385c96f87e22a7c	-0.9323874728569614	log2_enrichment	1	211.3	RU	harmonized_benchmark	0	1879
tg2	0.9	family	enrichment	AACGAGAGATGGTAGGCCTTTGATGATGCT	fam_4997f15564bb3033	-0.9323874728569614	log2_enrichment	1	127.4	RU	harmonized_benchmark	0	1879
tg2	0.9	family	enrichment	ACACACGAGAGATGTTGCCTGCTACCCACA	fam_7a03f769c590d309	-0.9323874728569614	log2_enrichment	1	105.5	RU	harmonized_benchmark	0	1879
tg2	0.9	family	enrichment	ACACACGAGAGATGTTGCCTGCTACCCGCA	fam_7a03f769c590d309	-0.9323874728569614	log2_enrichment	0	0.7	RU	harmonized_benchmark	0	1879
tg2	0.9	family	enrichment	ATACGAGAGATGTAACCCGTCCTGCAATCA	fam_1db80d0456ea7a7c	-0.9323874728569614	log2_enrichment	1	46.2	RU	harmonized_benchmark	0	1879
tg2	0.9	family	enrichment	GCGGAGATTCTGAGGGTTCTCCTGTTCCAG	fam_b525ef42abbfc5d8	-0.9323874728569614	log2_enrichment	1	115.9	RU	harmonized_benchmark	0	1879
tg2	0.9	family	enrichment	GTCGAGACTTTGAGGGTTCTCCTGCTGTAA	fam_1a7e8681671b7e3b	-0.9323874728569614	log2_enrichment	1	59.8	RU	harmonized_benchmark	0	1879
tg2	0.9	family	enrichment	GTCGAGATTCTGAGGGTTCTCCTGGTGGCT	fam_9cc4aaefc8b945b3	-0.9323874728569614	log2_enrichment	1	340.2	RU	harmonized_benchmark	0	1879
tg2	0.9	family	enrichment	GTCGAGATTTTGAGGGTTCTCCGCTCCAGG	fam_a4231ea017c27459	-0.9323874728569614	log2_enrichment	1	85.1	RU	harmonized_benchmark	0	1879
tg2	0.9	family	enrichment	TGTAGGGAATGACCGGGGTCCTTAACGCTT	fam_1227741e754cedc2	-0.9323874728569614	log2_enrichment	1	315.7	RU	harmonized_benchmark	0	1879
tg2	0.9	family	enrichment	TGTAGGGAATGACCGGGTTCCTGGTGCCCG	fam_bf27d0eea2a1558a	-0.9323874728569614	log2_enrichment	1	277.0	RU	harmonized_benchmark	0	1879
tg2	0.9	family	frequency_observed	AACAAGAGATGGTAGGCCTAACCATGCTTT	fam_30ec8f4c179bcae0	2.4634789249377972e-05	relative_frequency	1	82.2	RU	observational_reference	0	1879
tg2	0.9	family	frequency_observed	AACAAGAGATGGTAGGCCTACGTAATGTTT	fam_fe8c777557db935a	0.0007020914936072722	relative_frequency	1	127.8	RU	observational_reference	0	1879
tg2	0.9	family	frequency_observed	AACGAGAGATGGTAGGCCTCAAATACAGTC	fam_fe536421c3657f9c	0.00048037839036287045	relative_frequency	1	244.6	RU	observational_reference	0	1879
tg2	0.9	family	frequency_observed	AACGAGAGATGGTAGGCCTCCAAGCTCACG	fam_338005a8c3b86c43	0.0012810090409676545	relative_frequency	1	40.4	RU	observational_reference	0	1879
tg2	0.9	family	frequency_observed	AACGAGAGATGGTAGGCCTCGCCTTCTAAA	fam_4385c96f87e22a7c	0.0004434262064888035	relative_frequency	1	211.3	RU	observational_reference	0	1879
tg2	0.9	family	frequency_observed	AACGAGAGATGGTAGGCCTTTGATGATGCT	fam_4997f15564bb3033	2.4634789249377972e-05	relative_frequency	1	127.4	RU	observational_reference	0	1879
tg2	0.9	family	frequency_observed	ACACACGAGAGATGTTGCCTGCTACCCACA	fam_7a03f769c590d309	0.00038183923336535853	relative_frequency	1	105.5	RU	observational_reference	0	1879
tg2	0.9	family	frequency_observed	ACACACGAGAGATGTTGCCTGCTACCCGCA	fam_7a03f769c590d309	4.9269578498755944e-05	relative_frequency	0	0.7	RU	observational_reference	0	1879
tg2	0.9	family	frequency_observed	ATACGAGAGATGTAACCCGTCCTGCAATCA	fam_1db80d0456ea7a7c	0.0006651393097332053	relative_frequency	1	46.2	RU	observational_reference	0	1879
tg2	0.9	family	frequency_observed	GCGGAGATTCTGAGGGTTCTCCTGTTCCAG	fam_b525ef42abbfc5d8	0.0	relative_frequency	1	115.9	RU	observational_reference	0	1879
tg2	0.9	family	frequency_observed	GTCGAGACTTTGAGGGTTCTCCTGCTGTAA	fam_1a7e8681671b7e3b	0.0	relative_frequency	1	59.8	RU	observational_reference	0	1879
tg2	0.9	family	frequency_observed	GTCGAGATTCTGAGGGTTCTCCTGGTGGCT	fam_9cc4aaefc8b945b3	2.4634789249377972e-05	relative_frequency	1	340.2	RU	observational_reference	0	1879
tg2	0.9	family	frequency_observed	GTCGAGATTTTGAGGGTTCTCCGCTCCAGG	fam_a4231ea017c27459	0.0	relative_frequency	1	85.1	RU	observational_reference	0	1879
tg2	0.9	family	frequency_observed	TGTAGGGAATGACCGGGGTCCTTAACGCTT	fam_1227741e754cedc2	2.4634789249377972e-05	relative_frequency	1	315.7	RU	observational_reference	0	1879
tg2	0.9	family	frequency_observed	TGTAGGGAATGACCGGGTTCCTGGTGCCCG	fam_bf27d0eea2a1558a	0.0	relative_frequency	1	277.0	RU	observational_reference	0	1879
tg2	0.9	family	enrichment_observed	AACAAGAGATGGTAGGCCTAACCATGCTTT	fam_30ec8f4c179bcae0	-2.310899096110691	log2_enrichment	1	82.2	RU	observational_reference	0	1879
tg2	0.9	family	enrichment_observed	AACAAGAGATGGTAGGCCTACGTAATGTTT	fam_fe8c777557db935a	-1.7089492413689624	log2_enrichment	1	127.8	RU	observational_reference	0	1879
tg2	0.9	family	enrichment_observed	AACGAGAGATGGTAGGCCTCAAATACAGTC	fam_fe536421c3657f9c	-2.2210637619479385	log2_enrichment	1	244.6	RU	observational_reference	0	1879
tg2	0.9	family	enrichment_observed	AACGAGAGATGGTAGGCCTCCAAGCTCACG	fam_338005a8c3b86c43	-1.125895148756827	log2_enrichment	1	40.4	RU	observational_reference	0	1879
tg2	0.9	family	enrichment_observed	AACGAGAGATGGTAGGCCTCGCCTTCTAAA	fam_4385c96f87e22a7c	-1.7537901694001983	log2_enrichment	1	211.3	RU	observational_reference	0	1879
tg2	0.9	family	enrichment_observed	AACGAGAGATGGTAGGCCTTTGATGATGCT	fam_4997f15564bb3033	-1.7803843794119112	log2_enrichment	1	127.4	RU	observational_reference	0	1879
tg2	0.9	family	enrichment_observed	ACACACGAGAGATGTTGCCTGCTACCCACA	fam_7a03f769c590d309	-1.9663348047802987	log2_enrichment	1	105.5	RU	observational_reference	0	1879
tg2	0.9	family	enrichment_observed	ACACACGAGAGATGTTGCCTGCTACCCGCA	fam_7a03f769c590d309	-2.154779894193409	log2_enrichment	0	0.7	RU	observational_reference	0	1879
tg2	0.9	family	enrichment_observed	ATACGAGAGATGTAACCCGTCCTGCAATCA	fam_1db80d0456ea7a7c	-2.052946396978294	log2_enrichment	1	46.2	RU	observational_reference	0	1879
tg2	0.9	family	enrichment_observed	GCGGAGATTCTGAGGGTTCTCCTGTTCCAG	fam_b525ef42abbfc5d8	-0.9323874728569614	log2_enrichment	1	115.9	RU	observational_reference	0	1879
tg2	0.9	family	enrichment_observed	GTCGAGACTTTGAGGGTTCTCCTGCTGTAA	fam_1a7e8681671b7e3b	-3.2543155677443236	log2_enrichment	1	59.8	RU	observational_reference	0	1879
tg2	0.9	family	enrichment_observed	GTCGAGATTCTGAGGGTTCTCCTGGTGGCT	fam_9cc4aaefc8b945b3	-3.895861596831847	log2_enrichment	1	340.2	RU	observational_reference	0	1879
tg2	0.9	family	enrichment_observed	GTCGAGATTTTGAGGGTTCTCCGCTCCAGG	fam_a4231ea017c27459	-2.5173499735781175	log2_enrichment	1	85.1	RU	observational_reference	0	1879
tg2	0.9	family	enrichment_observed	TGTAGGGAATGACCGGGGTCCTTAACGCTT	fam_1227741e754cedc2	-4.225169222084807	log2_enrichment	1	315.7	RU	observational_reference	0	1879
tg2	0.9	family	enrichment_observed	TGTAGGGAATGACCGGGTTCCTGGTGCCCG	fam_bf27d0eea2a1558a	-5.019850314107301	log2_enrichment	1	277.0	RU	observational_reference	0	1879
tg2	0.9	family	kmer_logistic	AACAAGAGATGGTAGGCCTAACCATGCTTT	fam_30ec8f4c179bcae0	-0.8410431948450755	decision_function	1	82.2	RU	harmonized_benchmark	15	1879
tg2	0.9	family	kmer_logistic	AACAAGAGATGGTAGGCCTACGTAATGTTT	fam_fe8c777557db935a	-0.5181679875303812	decision_function	1	127.8	RU	harmonized_benchmark	15	1879
tg2	0.9	family	kmer_logistic	AACGAGAGATGGTAGGCCTCAAATACAGTC	fam_fe536421c3657f9c	-1.7941163778796958	decision_function	1	244.6	RU	harmonized_benchmark	15	1879
tg2	0.9	family	kmer_logistic	AACGAGAGATGGTAGGCCTCCAAGCTCACG	fam_338005a8c3b86c43	-1.39302862703647	decision_function	1	40.4	RU	harmonized_benchmark	15	1879
tg2	0.9	family	kmer_logistic	AACGAGAGATGGTAGGCCTCGCCTTCTAAA	fam_4385c96f87e22a7c	0.19959856000481024	decision_function	1	211.3	RU	harmonized_benchmark	15	1879
tg2	0.9	family	kmer_logistic	AACGAGAGATGGTAGGCCTTTGATGATGCT	fam_4997f15564bb3033	1.231133363809307	decision_function	1	127.4	RU	harmonized_benchmark	15	1879
tg2	0.9	family	kmer_logistic	ACACACGAGAGATGTTGCCTGCTACCCACA	fam_7a03f769c590d309	-0.37130845638841936	decision_function	1	105.5	RU	harmonized_benchmark	15	1879
tg2	0.9	family	kmer_logistic	ACACACGAGAGATGTTGCCTGCTACCCGCA	fam_7a03f769c590d309	0.9130024666788649	decision_function	0	0.7	RU	harmonized_benchmark	15	1879
tg2	0.9	family	kmer_logistic	ATACGAGAGATGTAACCCGTCCTGCAATCA	fam_1db80d0456ea7a7c	-1.2573461146747045	decision_function	1	46.2	RU	harmonized_benchmark	15	1879
tg2	0.9	family	kmer_logistic	GCGGAGATTCTGAGGGTTCTCCTGTTCCAG	fam_b525ef42abbfc5d8	2.1008829023982996	decision_function	1	115.9	RU	harmonized_benchmark	15	1879
tg2	0.9	family	kmer_logistic	GTCGAGACTTTGAGGGTTCTCCTGCTGTAA	fam_1a7e8681671b7e3b	2.003823232598849	decision_function	1	59.8	RU	harmonized_benchmark	15	1879
tg2	0.9	family	kmer_logistic	GTCGAGATTCTGAGGGTTCTCCTGGTGGCT	fam_9cc4aaefc8b945b3	2.6467916590876155	decision_function	1	340.2	RU	harmonized_benchmark	15	1879
tg2	0.9	family	kmer_logistic	GTCGAGATTTTGAGGGTTCTCCGCTCCAGG	fam_a4231ea017c27459	2.5038928244265857	decision_function	1	85.1	RU	harmonized_benchmark	15	1879
tg2	0.9	family	kmer_logistic	TGTAGGGAATGACCGGGGTCCTTAACGCTT	fam_1227741e754cedc2	1.5982556212762398	decision_function	1	315.7	RU	harmonized_benchmark	15	1879
tg2	0.9	family	kmer_logistic	TGTAGGGAATGACCGGGTTCCTGGTGCCCG	fam_bf27d0eea2a1558a	2.3260291594872786	decision_function	1	277.0	RU	harmonized_benchmark	15	1879
tg2	0.9	random	kmer_ridge	AACAAGAGATGGTAGGCCTAACCATGCTTT	fam_30ec8f4c179bcae0	-0.12530798093715012	predicted_log2_enrichment	1	82.2	RU	harmonized_benchmark	0	1882
tg2	0.9	random	kmer_ridge	AACAAGAGATGGTAGGCCTACGTAATGTTT	fam_fe8c777557db935a	-0.0572742331138581	predicted_log2_enrichment	1	127.8	RU	harmonized_benchmark	0	1882
tg2	0.9	random	kmer_ridge	AACGAGAGATGGTAGGCCTCAAATACAGTC	fam_fe536421c3657f9c	-0.5543396495600464	predicted_log2_enrichment	1	244.6	RU	harmonized_benchmark	0	1882
tg2	0.9	random	kmer_ridge	AACGAGAGATGGTAGGCCTCCAAGCTCACG	fam_338005a8c3b86c43	-0.10860300557201091	predicted_log2_enrichment	1	40.4	RU	harmonized_benchmark	0	1882
tg2	0.9	random	kmer_ridge	AACGAGAGATGGTAGGCCTCGCCTTCTAAA	fam_4385c96f87e22a7c	-0.8762448671035982	predicted_log2_enrichment	1	211.3	RU	harmonized_benchmark	0	1882
tg2	0.9	random	kmer_ridge	AACGAGAGATGGTAGGCCTTTGATGATGCT	fam_4997f15564bb3033	-0.9350843728142714	predicted_log2_enrichment	1	127.4	RU	harmonized_benchmark	0	1882
tg2	0.9	random	kmer_ridge	ACACACGAGAGATGTTGCCTGCTACCCACA	fam_7a03f769c590d309	-0.28322942481046554	predicted_log2_enrichment	1	105.5	RU	harmonized_benchmark	0	1882
tg2	0.9	random	kmer_ridge	ACACACGAGAGATGTTGCCTGCTACCCGCA	fam_7a03f769c590d309	-0.06451442514338035	predicted_log2_enrichment	0	0.7	RU	harmonized_benchmark	0	1882
tg2	0.9	random	kmer_ridge	ATACGAGAGATGTAACCCGTCCTGCAATCA	fam_1db80d0456ea7a7c	-0.346781140126049	predicted_log2_enrichment	1	46.2	RU	harmonized_benchmark	0	1882
tg2	0.9	random	kmer_ridge	GCGGAGATTCTGAGGGTTCTCCTGTTCCAG	fam_b525ef42abbfc5d8	-0.6203313928153749	predicted_log2_enrichment	1	115.9	RU	harmonized_benchmark	0	1882
tg2	0.9	random	kmer_ridge	GTCGAGACTTTGAGGGTTCTCCTGCTGTAA	fam_1a7e8681671b7e3b	-0.7572291781986294	predicted_log2_enrichment	1	59.8	RU	harmonized_benchmark	0	1882
tg2	0.9	random	kmer_ridge	GTCGAGATTCTGAGGGTTCTCCTGGTGGCT	fam_9cc4aaefc8b945b3	-0.700434622611045	predicted_log2_enrichment	1	340.2	RU	harmonized_benchmark	0	1882
tg2	0.9	random	kmer_ridge	GTCGAGATTTTGAGGGTTCTCCGCTCCAGG	fam_a4231ea017c27459	-0.5907358487627477	predicted_log2_enrichment	1	85.1	RU	harmonized_benchmark	0	1882
tg2	0.9	random	kmer_ridge	TGTAGGGAATGACCGGGGTCCTTAACGCTT	fam_1227741e754cedc2	0.1831420554637676	predicted_log2_enrichment	1	315.7	RU	harmonized_benchmark	0	1882
tg2	0.9	random	kmer_ridge	TGTAGGGAATGACCGGGTTCCTGGTGCCCG	fam_bf27d0eea2a1558a	0.5657727309373997	predicted_log2_enrichment	1	277.0	RU	harmonized_benchmark	0	1882
tg2	0.9	random	frequency	AACAAGAGATGGTAGGCCTAACCATGCTTT	fam_30ec8f4c179bcae0	0.0	relative_frequency	1	82.2	RU	harmonized_benchmark	0	1882
tg2	0.9	random	frequency	AACAAGAGATGGTAGGCCTACGTAATGTTT	fam_fe8c777557db935a	0.0	relative_frequency	1	127.8	RU	harmonized_benchmark	0	1882
tg2	0.9	random	frequency	AACGAGAGATGGTAGGCCTCAAATACAGTC	fam_fe536421c3657f9c	0.0	relative_frequency	1	244.6	RU	harmonized_benchmark	0	1882
tg2	0.9	random	frequency	AACGAGAGATGGTAGGCCTCCAAGCTCACG	fam_338005a8c3b86c43	0.0	relative_frequency	1	40.4	RU	harmonized_benchmark	0	1882
tg2	0.9	random	frequency	AACGAGAGATGGTAGGCCTCGCCTTCTAAA	fam_4385c96f87e22a7c	0.0	relative_frequency	1	211.3	RU	harmonized_benchmark	0	1882
tg2	0.9	random	frequency	AACGAGAGATGGTAGGCCTTTGATGATGCT	fam_4997f15564bb3033	0.0	relative_frequency	1	127.4	RU	harmonized_benchmark	0	1882
tg2	0.9	random	frequency	ACACACGAGAGATGTTGCCTGCTACCCACA	fam_7a03f769c590d309	0.0	relative_frequency	1	105.5	RU	harmonized_benchmark	0	1882
tg2	0.9	random	frequency	ACACACGAGAGATGTTGCCTGCTACCCGCA	fam_7a03f769c590d309	0.0	relative_frequency	0	0.7	RU	harmonized_benchmark	0	1882
tg2	0.9	random	frequency	ATACGAGAGATGTAACCCGTCCTGCAATCA	fam_1db80d0456ea7a7c	0.0	relative_frequency	1	46.2	RU	harmonized_benchmark	0	1882
tg2	0.9	random	frequency	GCGGAGATTCTGAGGGTTCTCCTGTTCCAG	fam_b525ef42abbfc5d8	0.0	relative_frequency	1	115.9	RU	harmonized_benchmark	0	1882
tg2	0.9	random	frequency	GTCGAGACTTTGAGGGTTCTCCTGCTGTAA	fam_1a7e8681671b7e3b	0.0	relative_frequency	1	59.8	RU	harmonized_benchmark	0	1882
tg2	0.9	random	frequency	GTCGAGATTCTGAGGGTTCTCCTGGTGGCT	fam_9cc4aaefc8b945b3	0.0	relative_frequency	1	340.2	RU	harmonized_benchmark	0	1882
tg2	0.9	random	frequency	GTCGAGATTTTGAGGGTTCTCCGCTCCAGG	fam_a4231ea017c27459	0.0	relative_frequency	1	85.1	RU	harmonized_benchmark	0	1882
tg2	0.9	random	frequency	TGTAGGGAATGACCGGGGTCCTTAACGCTT	fam_1227741e754cedc2	0.0	relative_frequency	1	315.7	RU	harmonized_benchmark	0	1882
tg2	0.9	random	frequency	TGTAGGGAATGACCGGGTTCCTGGTGCCCG	fam_bf27d0eea2a1558a	0.0	relative_frequency	1	277.0	RU	harmonized_benchmark	0	1882
tg2	0.9	random	enrichment	AACAAGAGATGGTAGGCCTAACCATGCTTT	fam_30ec8f4c179bcae0	-0.9323874728569614	log2_enrichment	1	82.2	RU	harmonized_benchmark	0	1882
tg2	0.9	random	enrichment	AACAAGAGATGGTAGGCCTACGTAATGTTT	fam_fe8c777557db935a	-0.9323874728569614	log2_enrichment	1	127.8	RU	harmonized_benchmark	0	1882
tg2	0.9	random	enrichment	AACGAGAGATGGTAGGCCTCAAATACAGTC	fam_fe536421c3657f9c	-0.9323874728569614	log2_enrichment	1	244.6	RU	harmonized_benchmark	0	1882
tg2	0.9	random	enrichment	AACGAGAGATGGTAGGCCTCCAAGCTCACG	fam_338005a8c3b86c43	-0.9323874728569614	log2_enrichment	1	40.4	RU	harmonized_benchmark	0	1882
tg2	0.9	random	enrichment	AACGAGAGATGGTAGGCCTCGCCTTCTAAA	fam_4385c96f87e22a7c	-0.9323874728569614	log2_enrichment	1	211.3	RU	harmonized_benchmark	0	1882
tg2	0.9	random	enrichment	AACGAGAGATGGTAGGCCTTTGATGATGCT	fam_4997f15564bb3033	-0.9323874728569614	log2_enrichment	1	127.4	RU	harmonized_benchmark	0	1882
tg2	0.9	random	enrichment	ACACACGAGAGATGTTGCCTGCTACCCACA	fam_7a03f769c590d309	-0.9323874728569614	log2_enrichment	1	105.5	RU	harmonized_benchmark	0	1882
tg2	0.9	random	enrichment	ACACACGAGAGATGTTGCCTGCTACCCGCA	fam_7a03f769c590d309	-0.9323874728569614	log2_enrichment	0	0.7	RU	harmonized_benchmark	0	1882
tg2	0.9	random	enrichment	ATACGAGAGATGTAACCCGTCCTGCAATCA	fam_1db80d0456ea7a7c	-0.9323874728569614	log2_enrichment	1	46.2	RU	harmonized_benchmark	0	1882
tg2	0.9	random	enrichment	GCGGAGATTCTGAGGGTTCTCCTGTTCCAG	fam_b525ef42abbfc5d8	-0.9323874728569614	log2_enrichment	1	115.9	RU	harmonized_benchmark	0	1882
tg2	0.9	random	enrichment	GTCGAGACTTTGAGGGTTCTCCTGCTGTAA	fam_1a7e8681671b7e3b	-0.9323874728569614	log2_enrichment	1	59.8	RU	harmonized_benchmark	0	1882
tg2	0.9	random	enrichment	GTCGAGATTCTGAGGGTTCTCCTGGTGGCT	fam_9cc4aaefc8b945b3	-0.9323874728569614	log2_enrichment	1	340.2	RU	harmonized_benchmark	0	1882
tg2	0.9	random	enrichment	GTCGAGATTTTGAGGGTTCTCCGCTCCAGG	fam_a4231ea017c27459	-0.9323874728569614	log2_enrichment	1	85.1	RU	harmonized_benchmark	0	1882
tg2	0.9	random	enrichment	TGTAGGGAATGACCGGGGTCCTTAACGCTT	fam_1227741e754cedc2	-0.9323874728569614	log2_enrichment	1	315.7	RU	harmonized_benchmark	0	1882
tg2	0.9	random	enrichment	TGTAGGGAATGACCGGGTTCCTGGTGCCCG	fam_bf27d0eea2a1558a	-0.9323874728569614	log2_enrichment	1	277.0	RU	harmonized_benchmark	0	1882
tg2	0.9	random	frequency_observed	AACAAGAGATGGTAGGCCTAACCATGCTTT	fam_30ec8f4c179bcae0	2.4634789249377972e-05	relative_frequency	1	82.2	RU	observational_reference	0	1882
tg2	0.9	random	frequency_observed	AACAAGAGATGGTAGGCCTACGTAATGTTT	fam_fe8c777557db935a	0.0007020914936072722	relative_frequency	1	127.8	RU	observational_reference	0	1882
tg2	0.9	random	frequency_observed	AACGAGAGATGGTAGGCCTCAAATACAGTC	fam_fe536421c3657f9c	0.00048037839036287045	relative_frequency	1	244.6	RU	observational_reference	0	1882
tg2	0.9	random	frequency_observed	AACGAGAGATGGTAGGCCTCCAAGCTCACG	fam_338005a8c3b86c43	0.0012810090409676545	relative_frequency	1	40.4	RU	observational_reference	0	1882
tg2	0.9	random	frequency_observed	AACGAGAGATGGTAGGCCTCGCCTTCTAAA	fam_4385c96f87e22a7c	0.0004434262064888035	relative_frequency	1	211.3	RU	observational_reference	0	1882
tg2	0.9	random	frequency_observed	AACGAGAGATGGTAGGCCTTTGATGATGCT	fam_4997f15564bb3033	2.4634789249377972e-05	relative_frequency	1	127.4	RU	observational_reference	0	1882
tg2	0.9	random	frequency_observed	ACACACGAGAGATGTTGCCTGCTACCCACA	fam_7a03f769c590d309	0.00038183923336535853	relative_frequency	1	105.5	RU	observational_reference	0	1882
tg2	0.9	random	frequency_observed	ACACACGAGAGATGTTGCCTGCTACCCGCA	fam_7a03f769c590d309	4.9269578498755944e-05	relative_frequency	0	0.7	RU	observational_reference	0	1882
tg2	0.9	random	frequency_observed	ATACGAGAGATGTAACCCGTCCTGCAATCA	fam_1db80d0456ea7a7c	0.0006651393097332053	relative_frequency	1	46.2	RU	observational_reference	0	1882
tg2	0.9	random	frequency_observed	GCGGAGATTCTGAGGGTTCTCCTGTTCCAG	fam_b525ef42abbfc5d8	0.0	relative_frequency	1	115.9	RU	observational_reference	0	1882
tg2	0.9	random	frequency_observed	GTCGAGACTTTGAGGGTTCTCCTGCTGTAA	fam_1a7e8681671b7e3b	0.0	relative_frequency	1	59.8	RU	observational_reference	0	1882
tg2	0.9	random	frequency_observed	GTCGAGATTCTGAGGGTTCTCCTGGTGGCT	fam_9cc4aaefc8b945b3	2.4634789249377972e-05	relative_frequency	1	340.2	RU	observational_reference	0	1882
tg2	0.9	random	frequency_observed	GTCGAGATTTTGAGGGTTCTCCGCTCCAGG	fam_a4231ea017c27459	0.0	relative_frequency	1	85.1	RU	observational_reference	0	1882
tg2	0.9	random	frequency_observed	TGTAGGGAATGACCGGGGTCCTTAACGCTT	fam_1227741e754cedc2	2.4634789249377972e-05	relative_frequency	1	315.7	RU	observational_reference	0	1882
tg2	0.9	random	frequency_observed	TGTAGGGAATGACCGGGTTCCTGGTGCCCG	fam_bf27d0eea2a1558a	0.0	relative_frequency	1	277.0	RU	observational_reference	0	1882
tg2	0.9	random	enrichment_observed	AACAAGAGATGGTAGGCCTAACCATGCTTT	fam_30ec8f4c179bcae0	-2.310899096110691	log2_enrichment	1	82.2	RU	observational_reference	0	1882
tg2	0.9	random	enrichment_observed	AACAAGAGATGGTAGGCCTACGTAATGTTT	fam_fe8c777557db935a	-1.7089492413689624	log2_enrichment	1	127.8	RU	observational_reference	0	1882
tg2	0.9	random	enrichment_observed	AACGAGAGATGGTAGGCCTCAAATACAGTC	fam_fe536421c3657f9c	-2.2210637619479385	log2_enrichment	1	244.6	RU	observational_reference	0	1882
tg2	0.9	random	enrichment_observed	AACGAGAGATGGTAGGCCTCCAAGCTCACG	fam_338005a8c3b86c43	-1.125895148756827	log2_enrichment	1	40.4	RU	observational_reference	0	1882
tg2	0.9	random	enrichment_observed	AACGAGAGATGGTAGGCCTCGCCTTCTAAA	fam_4385c96f87e22a7c	-1.7537901694001983	log2_enrichment	1	211.3	RU	observational_reference	0	1882
tg2	0.9	random	enrichment_observed	AACGAGAGATGGTAGGCCTTTGATGATGCT	fam_4997f15564bb3033	-1.7803843794119112	log2_enrichment	1	127.4	RU	observational_reference	0	1882
tg2	0.9	random	enrichment_observed	ACACACGAGAGATGTTGCCTGCTACCCACA	fam_7a03f769c590d309	-1.9663348047802987	log2_enrichment	1	105.5	RU	observational_reference	0	1882
tg2	0.9	random	enrichment_observed	ACACACGAGAGATGTTGCCTGCTACCCGCA	fam_7a03f769c590d309	-2.154779894193409	log2_enrichment	0	0.7	RU	observational_reference	0	1882
tg2	0.9	random	enrichment_observed	ATACGAGAGATGTAACCCGTCCTGCAATCA	fam_1db80d0456ea7a7c	-2.052946396978294	log2_enrichment	1	46.2	RU	observational_reference	0	1882
tg2	0.9	random	enrichment_observed	GCGGAGATTCTGAGGGTTCTCCTGTTCCAG	fam_b525ef42abbfc5d8	-0.9323874728569614	log2_enrichment	1	115.9	RU	observational_reference	0	1882
tg2	0.9	random	enrichment_observed	GTCGAGACTTTGAGGGTTCTCCTGCTGTAA	fam_1a7e8681671b7e3b	-3.2543155677443236	log2_enrichment	1	59.8	RU	observational_reference	0	1882
tg2	0.9	random	enrichment_observed	GTCGAGATTCTGAGGGTTCTCCTGGTGGCT	fam_9cc4aaefc8b945b3	-3.895861596831847	log2_enrichment	1	340.2	RU	observational_reference	0	1882
tg2	0.9	random	enrichment_observed	GTCGAGATTTTGAGGGTTCTCCGCTCCAGG	fam_a4231ea017c27459	-2.5173499735781175	log2_enrichment	1	85.1	RU	observational_reference	0	1882
tg2	0.9	random	enrichment_observed	TGTAGGGAATGACCGGGGTCCTTAACGCTT	fam_1227741e754cedc2	-4.225169222084807	log2_enrichment	1	315.7	RU	observational_reference	0	1882
tg2	0.9	random	enrichment_observed	TGTAGGGAATGACCGGGTTCCTGGTGCCCG	fam_bf27d0eea2a1558a	-5.019850314107301	log2_enrichment	1	277.0	RU	observational_reference	0	1882
tg2	0.9	random	kmer_logistic	AACAAGAGATGGTAGGCCTAACCATGCTTT	fam_30ec8f4c179bcae0	-0.8410431948450755	decision_function	1	82.2	RU	harmonized_benchmark	15	1882
tg2	0.9	random	kmer_logistic	AACAAGAGATGGTAGGCCTACGTAATGTTT	fam_fe8c777557db935a	-0.5181679875303812	decision_function	1	127.8	RU	harmonized_benchmark	15	1882
tg2	0.9	random	kmer_logistic	AACGAGAGATGGTAGGCCTCAAATACAGTC	fam_fe536421c3657f9c	-1.7941163778796958	decision_function	1	244.6	RU	harmonized_benchmark	15	1882
tg2	0.9	random	kmer_logistic	AACGAGAGATGGTAGGCCTCCAAGCTCACG	fam_338005a8c3b86c43	-1.39302862703647	decision_function	1	40.4	RU	harmonized_benchmark	15	1882
tg2	0.9	random	kmer_logistic	AACGAGAGATGGTAGGCCTCGCCTTCTAAA	fam_4385c96f87e22a7c	0.19959856000481024	decision_function	1	211.3	RU	harmonized_benchmark	15	1882
tg2	0.9	random	kmer_logistic	AACGAGAGATGGTAGGCCTTTGATGATGCT	fam_4997f15564bb3033	1.231133363809307	decision_function	1	127.4	RU	harmonized_benchmark	15	1882
tg2	0.9	random	kmer_logistic	ACACACGAGAGATGTTGCCTGCTACCCACA	fam_7a03f769c590d309	-0.37130845638841936	decision_function	1	105.5	RU	harmonized_benchmark	15	1882
tg2	0.9	random	kmer_logistic	ACACACGAGAGATGTTGCCTGCTACCCGCA	fam_7a03f769c590d309	0.9130024666788649	decision_function	0	0.7	RU	harmonized_benchmark	15	1882
tg2	0.9	random	kmer_logistic	ATACGAGAGATGTAACCCGTCCTGCAATCA	fam_1db80d0456ea7a7c	-1.2573461146747045	decision_function	1	46.2	RU	harmonized_benchmark	15	1882
tg2	0.9	random	kmer_logistic	GCGGAGATTCTGAGGGTTCTCCTGTTCCAG	fam_b525ef42abbfc5d8	2.1008829023982996	decision_function	1	115.9	RU	harmonized_benchmark	15	1882
tg2	0.9	random	kmer_logistic	GTCGAGACTTTGAGGGTTCTCCTGCTGTAA	fam_1a7e8681671b7e3b	2.003823232598849	decision_function	1	59.8	RU	harmonized_benchmark	15	1882
tg2	0.9	random	kmer_logistic	GTCGAGATTCTGAGGGTTCTCCTGGTGGCT	fam_9cc4aaefc8b945b3	2.6467916590876155	decision_function	1	340.2	RU	harmonized_benchmark	15	1882
tg2	0.9	random	kmer_logistic	GTCGAGATTTTGAGGGTTCTCCGCTCCAGG	fam_a4231ea017c27459	2.5038928244265857	decision_function	1	85.1	RU	harmonized_benchmark	15	1882
tg2	0.9	random	kmer_logistic	TGTAGGGAATGACCGGGGTCCTTAACGCTT	fam_1227741e754cedc2	1.5982556212762398	decision_function	1	315.7	RU	harmonized_benchmark	15	1882
tg2	0.9	random	kmer_logistic	TGTAGGGAATGACCGGGTTCCTGGTGCCCG	fam_bf27d0eea2a1558a	2.3260291594872786	decision_function	1	277.0	RU	harmonized_benchmark	15	1882
tg2	0.9	naive_sequence_random	kmer_ridge	AAACGAGAGATGTAGCCTTTCTCGAATTCA	fam_32623aeb149379c5	-0.8970054674865193	predicted_log2_enrichment	0	-7.7	RU	harmonized_benchmark	0	1880
tg2	0.9	naive_sequence_random	kmer_ridge	AACAAGAGATGGTAGGCCTACGTAATGTTT	fam_fe8c777557db935a	-0.13503713489156755	predicted_log2_enrichment	1	127.8	RU	harmonized_benchmark	0	1880
tg2	0.9	naive_sequence_random	kmer_ridge	AACAATGTAAAATTGTGCAAGCCTATCTT	fam_15dc8992e458706e	0.9956560341675778	predicted_log2_enrichment	0	-24.1	RU	harmonized_benchmark	0	1880
tg2	0.9	naive_sequence_random	kmer_ridge	AACGAGAGATGGTAGGCCTCGCCTTCTAAA	fam_4385c96f87e22a7c	-0.9394291759359643	predicted_log2_enrichment	1	211.3	RU	harmonized_benchmark	0	1880
tg2	0.9	naive_sequence_random	kmer_ridge	AACGAGAGATGGTAGGCCTTTGATGATGCT	fam_4997f15564bb3033	-1.017197171212362	predicted_log2_enrichment	1	127.4	RU	harmonized_benchmark	0	1880
tg2	0.9	naive_sequence_random	kmer_ridge	ACACACGAGAGATGTTGCCTGCTACCCACA	fam_7a03f769c590d309	-0.31392153141663	predicted_log2_enrichment	1	105.5	RU	harmonized_benchmark	0	1880
tg2	0.9	naive_sequence_random	kmer_ridge	ACACACGAGAGATGTTGCCTGCTACCCGCA	fam_7a03f769c590d309	-0.076086370497494	predicted_log2_enrichment	0	0.7	RU	harmonized_benchmark	0	1880
tg2	0.9	naive_sequence_random	kmer_ridge	ATACGAGAGATGTAACCCGTCCTGCAATCA	fam_1db80d0456ea7a7c	-0.3587212596456772	predicted_log2_enrichment	1	46.2	RU	harmonized_benchmark	0	1880
tg2	0.9	naive_sequence_random	kmer_ridge	ATTAGAAAATTACAAGAGATGTGATCGCTGA	fam_40eea493e6502d65	-0.03535577642271065	predicted_log2_enrichment	1	46.8	RU	harmonized_benchmark	0	1880
tg2	0.9	naive_sequence_random	kmer_ridge	GTACGAGATTCTGAGGGTTCTTTTTGCAC	fam_d1d8939014df3369	-0.3458377397062112	predicted_log2_enrichment	1	134.7	RU	harmonized_benchmark	0	1880
tg2	0.9	naive_sequence_random	kmer_ridge	GTCGAGATTCTGAGGGTTCTCCTGGTGGCT	fam_9cc4aaefc8b945b3	-0.7254996766035	predicted_log2_enrichment	1	340.2	RU	harmonized_benchmark	0	1880
tg2	0.9	naive_sequence_random	kmer_ridge	GTCGAGATTTTGAGGGTTCTCCGCTCCAGG	fam_a4231ea017c27459	-0.6164333943265412	predicted_log2_enrichment	1	85.1	RU	harmonized_benchmark	0	1880
tg2	0.9	naive_sequence_random	kmer_ridge	TGTAGGGAATGACCGGGGTCCTTAACGCTT	fam_1227741e754cedc2	0.1659051890909377	predicted_log2_enrichment	1	315.7	RU	harmonized_benchmark	0	1880
tg2	0.9	naive_sequence_random	kmer_ridge	TTAGGAGTTACGAGAGATGTGGCATGTGA	fam_b76735039d292852	0.054566819654239596	predicted_log2_enrichment	1	210.5	RU	harmonized_benchmark	0	1880
tg2	0.9	naive_sequence_random	kmer_ridge	TTTAGGTATTACGAGAGATGTGGATATCGA	fam_f69a9e87e220fe14	-0.26582578834808906	predicted_log2_enrichment	1	38.1	RU	harmonized_benchmark	0	1880
tg2	0.9	naive_sequence_random	frequency	AAACGAGAGATGTAGCCTTTCTCGAATTCA	fam_32623aeb149379c5	0.0	relative_frequency	0	-7.7	RU	harmonized_benchmark	0	1880
tg2	0.9	naive_sequence_random	frequency	AACAAGAGATGGTAGGCCTACGTAATGTTT	fam_fe8c777557db935a	0.0	relative_frequency	1	127.8	RU	harmonized_benchmark	0	1880
tg2	0.9	naive_sequence_random	frequency	AACAATGTAAAATTGTGCAAGCCTATCTT	fam_15dc8992e458706e	0.0	relative_frequency	0	-24.1	RU	harmonized_benchmark	0	1880
tg2	0.9	naive_sequence_random	frequency	AACGAGAGATGGTAGGCCTCGCCTTCTAAA	fam_4385c96f87e22a7c	0.0	relative_frequency	1	211.3	RU	harmonized_benchmark	0	1880
tg2	0.9	naive_sequence_random	frequency	AACGAGAGATGGTAGGCCTTTGATGATGCT	fam_4997f15564bb3033	0.0	relative_frequency	1	127.4	RU	harmonized_benchmark	0	1880
tg2	0.9	naive_sequence_random	frequency	ACACACGAGAGATGTTGCCTGCTACCCACA	fam_7a03f769c590d309	0.0	relative_frequency	1	105.5	RU	harmonized_benchmark	0	1880
tg2	0.9	naive_sequence_random	frequency	ACACACGAGAGATGTTGCCTGCTACCCGCA	fam_7a03f769c590d309	0.0	relative_frequency	0	0.7	RU	harmonized_benchmark	0	1880
tg2	0.9	naive_sequence_random	frequency	ATACGAGAGATGTAACCCGTCCTGCAATCA	fam_1db80d0456ea7a7c	0.0	relative_frequency	1	46.2	RU	harmonized_benchmark	0	1880
tg2	0.9	naive_sequence_random	frequency	ATTAGAAAATTACAAGAGATGTGATCGCTGA	fam_40eea493e6502d65	0.0	relative_frequency	1	46.8	RU	harmonized_benchmark	0	1880
tg2	0.9	naive_sequence_random	frequency	GTACGAGATTCTGAGGGTTCTTTTTGCAC	fam_d1d8939014df3369	0.0	relative_frequency	1	134.7	RU	harmonized_benchmark	0	1880
tg2	0.9	naive_sequence_random	frequency	GTCGAGATTCTGAGGGTTCTCCTGGTGGCT	fam_9cc4aaefc8b945b3	0.0	relative_frequency	1	340.2	RU	harmonized_benchmark	0	1880
tg2	0.9	naive_sequence_random	frequency	GTCGAGATTTTGAGGGTTCTCCGCTCCAGG	fam_a4231ea017c27459	0.0	relative_frequency	1	85.1	RU	harmonized_benchmark	0	1880
tg2	0.9	naive_sequence_random	frequency	TGTAGGGAATGACCGGGGTCCTTAACGCTT	fam_1227741e754cedc2	0.0	relative_frequency	1	315.7	RU	harmonized_benchmark	0	1880
tg2	0.9	naive_sequence_random	frequency	TTAGGAGTTACGAGAGATGTGGCATGTGA	fam_b76735039d292852	0.0	relative_frequency	1	210.5	RU	harmonized_benchmark	0	1880
tg2	0.9	naive_sequence_random	frequency	TTTAGGTATTACGAGAGATGTGGATATCGA	fam_f69a9e87e220fe14	0.0	relative_frequency	1	38.1	RU	harmonized_benchmark	0	1880
tg2	0.9	naive_sequence_random	enrichment	AAACGAGAGATGTAGCCTTTCTCGAATTCA	fam_32623aeb149379c5	-0.9323874728569614	log2_enrichment	0	-7.7	RU	harmonized_benchmark	0	1880
tg2	0.9	naive_sequence_random	enrichment	AACAAGAGATGGTAGGCCTACGTAATGTTT	fam_fe8c777557db935a	-0.9323874728569614	log2_enrichment	1	127.8	RU	harmonized_benchmark	0	1880
tg2	0.9	naive_sequence_random	enrichment	AACAATGTAAAATTGTGCAAGCCTATCTT	fam_15dc8992e458706e	-0.9323874728569614	log2_enrichment	0	-24.1	RU	harmonized_benchmark	0	1880
tg2	0.9	naive_sequence_random	enrichment	AACGAGAGATGGTAGGCCTCGCCTTCTAAA	fam_4385c96f87e22a7c	-0.9323874728569614	log2_enrichment	1	211.3	RU	harmonized_benchmark	0	1880
tg2	0.9	naive_sequence_random	enrichment	AACGAGAGATGGTAGGCCTTTGATGATGCT	fam_4997f15564bb3033	-0.9323874728569614	log2_enrichment	1	127.4	RU	harmonized_benchmark	0	1880
tg2	0.9	naive_sequence_random	enrichment	ACACACGAGAGATGTTGCCTGCTACCCACA	fam_7a03f769c590d309	-0.9323874728569614	log2_enrichment	1	105.5	RU	harmonized_benchmark	0	1880
tg2	0.9	naive_sequence_random	enrichment	ACACACGAGAGATGTTGCCTGCTACCCGCA	fam_7a03f769c590d309	-0.9323874728569614	log2_enrichment	0	0.7	RU	harmonized_benchmark	0	1880
tg2	0.9	naive_sequence_random	enrichment	ATACGAGAGATGTAACCCGTCCTGCAATCA	fam_1db80d0456ea7a7c	-0.9323874728569614	log2_enrichment	1	46.2	RU	harmonized_benchmark	0	1880
tg2	0.9	naive_sequence_random	enrichment	ATTAGAAAATTACAAGAGATGTGATCGCTGA	fam_40eea493e6502d65	-0.9323874728569614	log2_enrichment	1	46.8	RU	harmonized_benchmark	0	1880
tg2	0.9	naive_sequence_random	enrichment	GTACGAGATTCTGAGGGTTCTTTTTGCAC	fam_d1d8939014df3369	-0.9323874728569614	log2_enrichment	1	134.7	RU	harmonized_benchmark	0	1880
tg2	0.9	naive_sequence_random	enrichment	GTCGAGATTCTGAGGGTTCTCCTGGTGGCT	fam_9cc4aaefc8b945b3	-0.9323874728569614	log2_enrichment	1	340.2	RU	harmonized_benchmark	0	1880
tg2	0.9	naive_sequence_random	enrichment	GTCGAGATTTTGAGGGTTCTCCGCTCCAGG	fam_a4231ea017c27459	-0.9323874728569614	log2_enrichment	1	85.1	RU	harmonized_benchmark	0	1880
tg2	0.9	naive_sequence_random	enrichment	TGTAGGGAATGACCGGGGTCCTTAACGCTT	fam_1227741e754cedc2	-0.9323874728569614	log2_enrichment	1	315.7	RU	harmonized_benchmark	0	1880
tg2	0.9	naive_sequence_random	enrichment	TTAGGAGTTACGAGAGATGTGGCATGTGA	fam_b76735039d292852	-0.9323874728569614	log2_enrichment	1	210.5	RU	harmonized_benchmark	0	1880
tg2	0.9	naive_sequence_random	enrichment	TTTAGGTATTACGAGAGATGTGGATATCGA	fam_f69a9e87e220fe14	-0.9323874728569614	log2_enrichment	1	38.1	RU	harmonized_benchmark	0	1880
tg2	0.9	naive_sequence_random	frequency_observed	AAACGAGAGATGTAGCCTTTCTCGAATTCA	fam_32623aeb149379c5	4.9269578498755944e-05	relative_frequency	0	-7.7	RU	observational_reference	0	1880
tg2	0.9	naive_sequence_random	frequency_observed	AACAAGAGATGGTAGGCCTACGTAATGTTT	fam_fe8c777557db935a	0.0007020914936072722	relative_frequency	1	127.8	RU	observational_reference	0	1880
tg2	0.9	naive_sequence_random	frequency_observed	AACAATGTAAAATTGTGCAAGCCTATCTT	fam_15dc8992e458706e	0.0030793486561722463	relative_frequency	0	-24.1	RU	observational_reference	0	1880
tg2	0.9	naive_sequence_random	frequency_observed	AACGAGAGATGGTAGGCCTCGCCTTCTAAA	fam_4385c96f87e22a7c	0.0004434262064888035	relative_frequency	1	211.3	RU	observational_reference	0	1880
tg2	0.9	naive_sequence_random	frequency_observed	AACGAGAGATGGTAGGCCTTTGATGATGCT	fam_4997f15564bb3033	2.4634789249377972e-05	relative_frequency	1	127.4	RU	observational_reference	0	1880
tg2	0.9	naive_sequence_random	frequency_observed	ACACACGAGAGATGTTGCCTGCTACCCACA	fam_7a03f769c590d309	0.00038183923336535853	relative_frequency	1	105.5	RU	observational_reference	0	1880
tg2	0.9	naive_sequence_random	frequency_observed	ACACACGAGAGATGTTGCCTGCTACCCGCA	fam_7a03f769c590d309	4.9269578498755944e-05	relative_frequency	0	0.7	RU	observational_reference	0	1880
tg2	0.9	naive_sequence_random	frequency_observed	ATACGAGAGATGTAACCCGTCCTGCAATCA	fam_1db80d0456ea7a7c	0.0006651393097332053	relative_frequency	1	46.2	RU	observational_reference	0	1880
tg2	0.9	naive_sequence_random	frequency_observed	ATTAGAAAATTACAAGAGATGTGATCGCTGA	fam_40eea493e6502d65	0.008535954474909468	relative_frequency	1	46.8	RU	observational_reference	0	1880
tg2	0.9	naive_sequence_random	frequency_observed	GTACGAGATTCTGAGGGTTCTTTTTGCAC	fam_d1d8939014df3369	0.0	relative_frequency	1	134.7	RU	observational_reference	0	1880
tg2	0.9	naive_sequence_random	frequency_observed	GTCGAGATTCTGAGGGTTCTCCTGGTGGCT	fam_9cc4aaefc8b945b3	2.4634789249377972e-05	relative_frequency	1	340.2	RU	observational_reference	0	1880
tg2	0.9	naive_sequence_random	frequency_observed	GTCGAGATTTTGAGGGTTCTCCGCTCCAGG	fam_a4231ea017c27459	0.0	relative_frequency	1	85.1	RU	observational_reference	0	1880
tg2	0.9	naive_sequence_random	frequency_observed	TGTAGGGAATGACCGGGGTCCTTAACGCTT	fam_1227741e754cedc2	2.4634789249377972e-05	relative_frequency	1	315.7	RU	observational_reference	0	1880
tg2	0.9	naive_sequence_random	frequency_observed	TTAGGAGTTACGAGAGATGTGGCATGTGA	fam_b76735039d292852	0.027738772694799595	relative_frequency	1	210.5	RU	observational_reference	0	1880
tg2	0.9	naive_sequence_random	frequency_observed	TTTAGGTATTACGAGAGATGTGGATATCGA	fam_f69a9e87e220fe14	0.001872243982952726	relative_frequency	1	38.1	RU	observational_reference	0	1880
tg2	0.9	naive_sequence_random	enrichment_observed	AAACGAGAGATGTAGCCTTTCTCGAATTCA	fam_32623aeb149379c5	-0.569817393472253	log2_enrichment	0	-7.7	RU	observational_reference	0	1880
tg2	0.9	naive_sequence_random	enrichment_observed	AACAAGAGATGGTAGGCCTACGTAATGTTT	fam_fe8c777557db935a	-1.7089492413689624	log2_enrichment	1	127.8	RU	observational_reference	0	1880
tg2	0.9	naive_sequence_random	enrichment_observed	AACAATGTAAAATTGTGCAAGCCTATCTT	fam_15dc8992e458706e	-0.0026396689540553525	log2_enrichment	0	-24.1	RU	observational_reference	0	1880
tg2	0.9	naive_sequence_random	enrichment_observed	AACGAGAGATGGTAGGCCTCGCCTTCTAAA	fam_4385c96f87e22a7c	-1.7537901694001983	log2_enrichment	1	211.3	RU	observational_reference	0	1880
tg2	0.9	naive_sequence_random	enrichment_observed	AACGAGAGATGGTAGGCCTTTGATGATGCT	fam_4997f15564bb3033	-1.7803843794119112	log2_enrichment	1	127.4	RU	observational_reference	0	1880
tg2	0.9	naive_sequence_random	enrichment_observed	ACACACGAGAGATGTTGCCTGCTACCCACA	fam_7a03f769c590d309	-1.9663348047802987	log2_enrichment	1	105.5	RU	observational_reference	0	1880
tg2	0.9	naive_sequence_random	enrichment_observed	ACACACGAGAGATGTTGCCTGCTACCCGCA	fam_7a03f769c590d309	-2.154779894193409	log2_enrichment	0	0.7	RU	observational_reference	0	1880
tg2	0.9	naive_sequence_random	enrichment_observed	ATACGAGAGATGTAACCCGTCCTGCAATCA	fam_1db80d0456ea7a7c	-2.052946396978294	log2_enrichment	1	46.2	RU	observational_reference	0	1880
tg2	0.9	naive_sequence_random	enrichment_observed	ATTAGAAAATTACAAGAGATGTGATCGCTGA	fam_40eea493e6502d65	-0.2511917230574458	log2_enrichment	1	46.8	RU	observational_reference	0	1880
tg2	0.9	naive_sequence_random	enrichment_observed	GTACGAGATTCTGAGGGTTCTTTTTGCAC	fam_d1d8939014df3369	-0.9323874728569614	log2_enrichment	1	134.7	RU	observational_reference	0	1880
tg2	0.9	naive_sequence_random	enrichment_observed	GTCGAGATTCTGAGGGTTCTCCTGGTGGCT	fam_9cc4aaefc8b945b3	-3.895861596831847	log2_enrichment	1	340.2	RU	observational_reference	0	1880
tg2	0.9	naive_sequence_random	enrichment_observed	GTCGAGATTTTGAGGGTTCTCCGCTCCAGG	fam_a4231ea017c27459	-2.5173499735781175	log2_enrichment	1	85.1	RU	observational_reference	0	1880
tg2	0.9	naive_sequence_random	enrichment_observed	TGTAGGGAATGACCGGGGTCCTTAACGCTT	fam_1227741e754cedc2	-4.225169222084807	log2_enrichment	1	315.7	RU	observational_reference	0	1880
tg2	0.9	naive_sequence_random	enrichment_observed	TTAGGAGTTACGAGAGATGTGGCATGTGA	fam_b76735039d292852	-0.40009253006742446	log2_enrichment	1	210.5	RU	observational_reference	0	1880
tg2	0.9	naive_sequence_random	enrichment_observed	TTTAGGTATTACGAGAGATGTGGATATCGA	fam_f69a9e87e220fe14	-0.6512655943574847	log2_enrichment	1	38.1	RU	observational_reference	0	1880
tg2	0.9	naive_sequence_random	kmer_logistic	AAACGAGAGATGTAGCCTTTCTCGAATTCA	fam_32623aeb149379c5	1.5791137247568416	decision_function	0	-7.7	RU	harmonized_benchmark	15	1880
tg2	0.9	naive_sequence_random	kmer_logistic	AACAAGAGATGGTAGGCCTACGTAATGTTT	fam_fe8c777557db935a	0.8825458185232133	decision_function	1	127.8	RU	harmonized_benchmark	15	1880
tg2	0.9	naive_sequence_random	kmer_logistic	AACAATGTAAAATTGTGCAAGCCTATCTT	fam_15dc8992e458706e	-2.3457963002794164	decision_function	0	-24.1	RU	harmonized_benchmark	15	1880
tg2	0.9	naive_sequence_random	kmer_logistic	AACGAGAGATGGTAGGCCTCGCCTTCTAAA	fam_4385c96f87e22a7c	2.6580638521098496	decision_function	1	211.3	RU	harmonized_benchmark	15	1880
tg2	0.9	naive_sequence_random	kmer_logistic	AACGAGAGATGGTAGGCCTTTGATGATGCT	fam_4997f15564bb3033	2.5368378501507607	decision_function	1	127.4	RU	harmonized_benchmark	15	1880
tg2	0.9	naive_sequence_random	kmer_logistic	ACACACGAGAGATGTTGCCTGCTACCCACA	fam_7a03f769c590d309	1.7810605066827716	decision_function	1	105.5	RU	harmonized_benchmark	15	1880
tg2	0.9	naive_sequence_random	kmer_logistic	ACACACGAGAGATGTTGCCTGCTACCCGCA	fam_7a03f769c590d309	1.7676449785840027	decision_function	0	0.7	RU	harmonized_benchmark	15	1880
tg2	0.9	naive_sequence_random	kmer_logistic	ATACGAGAGATGTAACCCGTCCTGCAATCA	fam_1db80d0456ea7a7c	0.11331450373525565	decision_function	1	46.2	RU	harmonized_benchmark	15	1880
tg2	0.9	naive_sequence_random	kmer_logistic	ATTAGAAAATTACAAGAGATGTGATCGCTGA	fam_40eea493e6502d65	-1.0754007420427223	decision_function	1	46.8	RU	harmonized_benchmark	15	1880
tg2	0.9	naive_sequence_random	kmer_logistic	GTACGAGATTCTGAGGGTTCTTTTTGCAC	fam_d1d8939014df3369	2.6686764603537365	decision_function	1	134.7	RU	harmonized_benchmark	15	1880
tg2	0.9	naive_sequence_random	kmer_logistic	GTCGAGATTCTGAGGGTTCTCCTGGTGGCT	fam_9cc4aaefc8b945b3	3.5524160408993497	decision_function	1	340.2	RU	harmonized_benchmark	15	1880
tg2	0.9	naive_sequence_random	kmer_logistic	GTCGAGATTTTGAGGGTTCTCCGCTCCAGG	fam_a4231ea017c27459	3.6981396869840797	decision_function	1	85.1	RU	harmonized_benchmark	15	1880
tg2	0.9	naive_sequence_random	kmer_logistic	TGTAGGGAATGACCGGGGTCCTTAACGCTT	fam_1227741e754cedc2	1.8870586231009132	decision_function	1	315.7	RU	harmonized_benchmark	15	1880
tg2	0.9	naive_sequence_random	kmer_logistic	TTAGGAGTTACGAGAGATGTGGCATGTGA	fam_b76735039d292852	1.5223271707507837	decision_function	1	210.5	RU	harmonized_benchmark	15	1880
tg2	0.9	naive_sequence_random	kmer_logistic	TTTAGGTATTACGAGAGATGTGGATATCGA	fam_f69a9e87e220fe14	1.0039139573208324	decision_function	1	38.1	RU	harmonized_benchmark	15	1880
integrin	0.7	family	kmer_ridge	ACACATAACACGCCTTTGGAGCGATACCTCCATCAACGAT	fam_62b642a7df50f264	0.4686244641956778	predicted_log2_enrichment	1	239.0	RU	harmonized_benchmark	0	835
integrin	0.7	family	kmer_ridge	ACCAATAACCGTTCACATTACGCATCAACTCAACCTGCC	fam_815467bca46c38e1	-0.5238161893023194	predicted_log2_enrichment	0	18.6	RU	harmonized_benchmark	0	835
integrin	0.7	family	kmer_ridge	AGCAAGTACGCGAAAATCTTCCCCGCCTCTTGTTGGCATC	fam_815467bca46c38e1	-0.19534009451733658	predicted_log2_enrichment	1	73.9	RU	harmonized_benchmark	0	835
integrin	0.7	family	kmer_ridge	AGCGACTAAACGCAGAGAAATCGTCTCCCTGAGGTTCCGA	fam_db79d6a9db13e668	0.9331004398814535	predicted_log2_enrichment	0	5.0	RU	harmonized_benchmark	0	835
integrin	0.7	family	kmer_ridge	ATTGTGACCCGATTTGTCACTCTTTCTATGTACGCGGAAT	fam_0b751e18ea4dfdcd	1.5066179529637664	predicted_log2_enrichment	0	-0.1	RU	harmonized_benchmark	0	835
integrin	0.7	family	kmer_ridge	CACCTCTCCCAACAGCGGAACTGTTTCTCGGTCCAAAAGG	fam_dee0f6a6ebfe4b67	-0.3207098998791482	predicted_log2_enrichment	0	24.8	RU	harmonized_benchmark	0	835
integrin	0.7	family	kmer_ridge	CACTACGCAAACTCCTTCTGCCTGTGCTTGAAAAACGCAT	fam_027d18c491f4d376	0.28543834878326213	predicted_log2_enrichment	0	24.1	RU	harmonized_benchmark	0	835
integrin	0.7	family	kmer_ridge	CTGGATTACGCGAAAAAACTCCTCGCCTATCGCAGCAATG	fam_815467bca46c38e1	1.6446454402934478	predicted_log2_enrichment	1	40.6	RU	harmonized_benchmark	0	835
integrin	0.7	family	kmer_ridge	GACATCTACGCAAAAGTGTTCCCCTGCCTGATGTGACAAA	fam_815467bca46c38e1	-0.20634385903241548	predicted_log2_enrichment	1	83.2	RU	harmonized_benchmark	0	835
integrin	0.7	family	kmer_ridge	GACTACCATCGAACGTACATTACGCTACTCTCTACCAGC	fam_815467bca46c38e1	-0.3877982204348869	predicted_log2_enrichment	0	-4.2	RU	harmonized_benchmark	0	835
integrin	0.7	family	kmer_ridge	GTGCACGGCAATACGCATGACGTTCACCCTGCCTTTGCCT	fam_775df4ac9a08da6f	-0.018218180769207448	predicted_log2_enrichment	1	51.1	RU	harmonized_benchmark	0	835
integrin	0.7	family	kmer_ridge	TAAGACGCACCATAACTACGCAAGAGTTCTCTCTGCCTGA	fam_815467bca46c38e1	-0.44597524250731935	predicted_log2_enrichment	0	18.2	RU	harmonized_benchmark	0	835
integrin	0.7	family	kmer_ridge	TACGACTACTTCGGCACATTACGCGACGATCGAACCCGCC	fam_815467bca46c38e1	0.4844196921496753	predicted_log2_enrichment	1	47.0	RU	harmonized_benchmark	0	835
integrin	0.7	family	kmer_ridge	TAGCTCATAACGACCAAAACGACCCAGCAGTTCCTTTCGT	fam_231aaf77d03c2cca	-0.0482183794044444	predicted_log2_enrichment	0	21.6	RU	harmonized_benchmark	0	835
integrin	0.7	family	kmer_ridge	TAGCTCCGCGCGCACGTTACGCGAAAACGTTCTGCCCGCC	fam_815467bca46c38e1	-0.0554828018066863	predicted_log2_enrichment	1	153.0	RU	harmonized_benchmark	0	835
integrin	0.7	family	kmer_ridge	TCAATCCTGCACGTACTACGCGAAAACTGTCCCCCGCCTG	fam_815467bca46c38e1	0.39448490172451267	predicted_log2_enrichment	1	102.9	RU	harmonized_benchmark	0	835
integrin	0.7	family	kmer_ridge	TCCTAAGATGCGTTAACATTACGTAAGAATCTACCTACC	fam_815467bca46c38e1	-0.2342537873614663	predicted_log2_enrichment	0	3.5	RU	harmonized_benchmark	0	835
integrin	0.7	family	kmer_ridge	TCCTACACTGCGCATAATACGTAACTATCGACCTACCTT	fam_815467bca46c38e1	0.8577988389160125	predicted_log2_enrichment	0	8.8	RU	harmonized_benchmark	0	835
integrin	0.7	family	kmer_ridge	TCTAGACACTACGCGAAAAGAACCCACGCCTGTGTCTACG	fam_815467bca46c38e1	0.39732612813986856	predicted_log2_enrichment	1	65.4	RU	harmonized_benchmark	0	835
integrin	0.7	family	kmer_ridge	TCTCCTAGTCCATTTTGGCGCACGCGAATACGGGAGACAC	fam_23cbba95cae66638	0.5367976161993757	predicted_log2_enrichment	1	155.8	RU	harmonized_benchmark	0	835
integrin	0.7	family	kmer_ridge	TGGAACTACGCGACAAACTTCCCGCCTGTTCCACCTTATG	fam_815467bca46c38e1	0.7667002917187631	predicted_log2_enrichment	1	100.3	RU	harmonized_benchmark	0	835
integrin	0.7	family	kmer_ridge	TTCCGGCCTACGCAACTTTTTATCCCCTGCCTGGCCGTAAT	fam_815467bca46c38e1	0.6268569921264104	predicted_log2_enrichment	1	35.8	RU	harmonized_benchmark	0	835
integrin	0.7	family	kmer_ridge	TTCCTGCCAATTGAGCACATTACGCAAAAAAATTCCCTGCC	fam_815467bca46c38e1	-0.21357548039084584	predicted_log2_enrichment	1	29.5	RU	harmonized_benchmark	0	835
integrin	0.7	family	kmer_ridge	TTGCATTCCTGCGCCACATTACGCGAAACGATCCCCGCC	fam_815467bca46c38e1	-0.3219886547944739	predicted_log2_enrichment	1	90.8	RU	harmonized_benchmark	0	835
integrin	0.7	family	kmer_ridge	TTTCCTAGTCCATTTTGGCGCACGCGAATACGGGAGACAC	fam_23cbba95cae66638	0.6130416570850301	predicted_log2_enrichment	1	113.6	RU	harmonized_benchmark	0	835
integrin	0.7	family	frequency	ACACATAACACGCCTTTGGAGCGATACCTCCATCAACGAT	fam_62b642a7df50f264	0.0	relative_frequency	1	239.0	RU	harmonized_benchmark	0	835
integrin	0.7	family	frequency	ACCAATAACCGTTCACATTACGCATCAACTCAACCTGCC	fam_815467bca46c38e1	0.0	relative_frequency	0	18.6	RU	harmonized_benchmark	0	835
integrin	0.7	family	frequency	AGCAAGTACGCGAAAATCTTCCCCGCCTCTTGTTGGCATC	fam_815467bca46c38e1	0.0	relative_frequency	1	73.9	RU	harmonized_benchmark	0	835
integrin	0.7	family	frequency	AGCGACTAAACGCAGAGAAATCGTCTCCCTGAGGTTCCGA	fam_db79d6a9db13e668	0.0	relative_frequency	0	5.0	RU	harmonized_benchmark	0	835
integrin	0.7	family	frequency	ATTGTGACCCGATTTGTCACTCTTTCTATGTACGCGGAAT	fam_0b751e18ea4dfdcd	0.0	relative_frequency	0	-0.1	RU	harmonized_benchmark	0	835
integrin	0.7	family	frequency	CACCTCTCCCAACAGCGGAACTGTTTCTCGGTCCAAAAGG	fam_dee0f6a6ebfe4b67	0.0	relative_frequency	0	24.8	RU	harmonized_benchmark	0	835
integrin	0.7	family	frequency	CACTACGCAAACTCCTTCTGCCTGTGCTTGAAAAACGCAT	fam_027d18c491f4d376	0.0	relative_frequency	0	24.1	RU	harmonized_benchmark	0	835
integrin	0.7	family	frequency	CTGGATTACGCGAAAAAACTCCTCGCCTATCGCAGCAATG	fam_815467bca46c38e1	0.0	relative_frequency	1	40.6	RU	harmonized_benchmark	0	835
integrin	0.7	family	frequency	GACATCTACGCAAAAGTGTTCCCCTGCCTGATGTGACAAA	fam_815467bca46c38e1	0.0	relative_frequency	1	83.2	RU	harmonized_benchmark	0	835
integrin	0.7	family	frequency	GACTACCATCGAACGTACATTACGCTACTCTCTACCAGC	fam_815467bca46c38e1	0.0	relative_frequency	0	-4.2	RU	harmonized_benchmark	0	835
integrin	0.7	family	frequency	GTGCACGGCAATACGCATGACGTTCACCCTGCCTTTGCCT	fam_775df4ac9a08da6f	0.0	relative_frequency	1	51.1	RU	harmonized_benchmark	0	835
integrin	0.7	family	frequency	TAAGACGCACCATAACTACGCAAGAGTTCTCTCTGCCTGA	fam_815467bca46c38e1	0.0	relative_frequency	0	18.2	RU	harmonized_benchmark	0	835
integrin	0.7	family	frequency	TACGACTACTTCGGCACATTACGCGACGATCGAACCCGCC	fam_815467bca46c38e1	0.0	relative_frequency	1	47.0	RU	harmonized_benchmark	0	835
integrin	0.7	family	frequency	TAGCTCATAACGACCAAAACGACCCAGCAGTTCCTTTCGT	fam_231aaf77d03c2cca	0.0	relative_frequency	0	21.6	RU	harmonized_benchmark	0	835
integrin	0.7	family	frequency	TAGCTCCGCGCGCACGTTACGCGAAAACGTTCTGCCCGCC	fam_815467bca46c38e1	0.0	relative_frequency	1	153.0	RU	harmonized_benchmark	0	835
integrin	0.7	family	frequency	TCAATCCTGCACGTACTACGCGAAAACTGTCCCCCGCCTG	fam_815467bca46c38e1	0.0	relative_frequency	1	102.9	RU	harmonized_benchmark	0	835
integrin	0.7	family	frequency	TCCTAAGATGCGTTAACATTACGTAAGAATCTACCTACC	fam_815467bca46c38e1	0.0	relative_frequency	0	3.5	RU	harmonized_benchmark	0	835
integrin	0.7	family	frequency	TCCTACACTGCGCATAATACGTAACTATCGACCTACCTT	fam_815467bca46c38e1	0.0	relative_frequency	0	8.8	RU	harmonized_benchmark	0	835
integrin	0.7	family	frequency	TCTAGACACTACGCGAAAAGAACCCACGCCTGTGTCTACG	fam_815467bca46c38e1	0.0	relative_frequency	1	65.4	RU	harmonized_benchmark	0	835
integrin	0.7	family	frequency	TCTCCTAGTCCATTTTGGCGCACGCGAATACGGGAGACAC	fam_23cbba95cae66638	0.0	relative_frequency	1	155.8	RU	harmonized_benchmark	0	835
integrin	0.7	family	frequency	TGGAACTACGCGACAAACTTCCCGCCTGTTCCACCTTATG	fam_815467bca46c38e1	0.0	relative_frequency	1	100.3	RU	harmonized_benchmark	0	835
integrin	0.7	family	frequency	TTCCGGCCTACGCAACTTTTTATCCCCTGCCTGGCCGTAAT	fam_815467bca46c38e1	0.0	relative_frequency	1	35.8	RU	harmonized_benchmark	0	835
integrin	0.7	family	frequency	TTCCTGCCAATTGAGCACATTACGCAAAAAAATTCCCTGCC	fam_815467bca46c38e1	0.0	relative_frequency	1	29.5	RU	harmonized_benchmark	0	835
integrin	0.7	family	frequency	TTGCATTCCTGCGCCACATTACGCGAAACGATCCCCGCC	fam_815467bca46c38e1	0.0	relative_frequency	1	90.8	RU	harmonized_benchmark	0	835
integrin	0.7	family	frequency	TTTCCTAGTCCATTTTGGCGCACGCGAATACGGGAGACAC	fam_23cbba95cae66638	0.0	relative_frequency	1	113.6	RU	harmonized_benchmark	0	835
integrin	0.7	family	enrichment	ACACATAACACGCCTTTGGAGCGATACCTCCATCAACGAT	fam_62b642a7df50f264	0.5960968178325448	log2_enrichment	1	239.0	RU	harmonized_benchmark	0	835
integrin	0.7	family	enrichment	ACCAATAACCGTTCACATTACGCATCAACTCAACCTGCC	fam_815467bca46c38e1	0.5960968178325448	log2_enrichment	0	18.6	RU	harmonized_benchmark	0	835
integrin	0.7	family	enrichment	AGCAAGTACGCGAAAATCTTCCCCGCCTCTTGTTGGCATC	fam_815467bca46c38e1	0.5960968178325448	log2_enrichment	1	73.9	RU	harmonized_benchmark	0	835
integrin	0.7	family	enrichment	AGCGACTAAACGCAGAGAAATCGTCTCCCTGAGGTTCCGA	fam_db79d6a9db13e668	0.5960968178325448	log2_enrichment	0	5.0	RU	harmonized_benchmark	0	835
integrin	0.7	family	enrichment	ATTGTGACCCGATTTGTCACTCTTTCTATGTACGCGGAAT	fam_0b751e18ea4dfdcd	0.5960968178325448	log2_enrichment	0	-0.1	RU	harmonized_benchmark	0	835
integrin	0.7	family	enrichment	CACCTCTCCCAACAGCGGAACTGTTTCTCGGTCCAAAAGG	fam_dee0f6a6ebfe4b67	0.5960968178325448	log2_enrichment	0	24.8	RU	harmonized_benchmark	0	835
integrin	0.7	family	enrichment	CACTACGCAAACTCCTTCTGCCTGTGCTTGAAAAACGCAT	fam_027d18c491f4d376	0.5960968178325448	log2_enrichment	0	24.1	RU	harmonized_benchmark	0	835
integrin	0.7	family	enrichment	CTGGATTACGCGAAAAAACTCCTCGCCTATCGCAGCAATG	fam_815467bca46c38e1	0.5960968178325448	log2_enrichment	1	40.6	RU	harmonized_benchmark	0	835
integrin	0.7	family	enrichment	GACATCTACGCAAAAGTGTTCCCCTGCCTGATGTGACAAA	fam_815467bca46c38e1	0.5960968178325448	log2_enrichment	1	83.2	RU	harmonized_benchmark	0	835
integrin	0.7	family	enrichment	GACTACCATCGAACGTACATTACGCTACTCTCTACCAGC	fam_815467bca46c38e1	0.5960968178325448	log2_enrichment	0	-4.2	RU	harmonized_benchmark	0	835
integrin	0.7	family	enrichment	GTGCACGGCAATACGCATGACGTTCACCCTGCCTTTGCCT	fam_775df4ac9a08da6f	0.5960968178325448	log2_enrichment	1	51.1	RU	harmonized_benchmark	0	835
integrin	0.7	family	enrichment	TAAGACGCACCATAACTACGCAAGAGTTCTCTCTGCCTGA	fam_815467bca46c38e1	0.5960968178325448	log2_enrichment	0	18.2	RU	harmonized_benchmark	0	835
integrin	0.7	family	enrichment	TACGACTACTTCGGCACATTACGCGACGATCGAACCCGCC	fam_815467bca46c38e1	0.5960968178325448	log2_enrichment	1	47.0	RU	harmonized_benchmark	0	835
integrin	0.7	family	enrichment	TAGCTCATAACGACCAAAACGACCCAGCAGTTCCTTTCGT	fam_231aaf77d03c2cca	0.5960968178325448	log2_enrichment	0	21.6	RU	harmonized_benchmark	0	835
integrin	0.7	family	enrichment	TAGCTCCGCGCGCACGTTACGCGAAAACGTTCTGCCCGCC	fam_815467bca46c38e1	0.5960968178325448	log2_enrichment	1	153.0	RU	harmonized_benchmark	0	835
integrin	0.7	family	enrichment	TCAATCCTGCACGTACTACGCGAAAACTGTCCCCCGCCTG	fam_815467bca46c38e1	0.5960968178325448	log2_enrichment	1	102.9	RU	harmonized_benchmark	0	835
integrin	0.7	family	enrichment	TCCTAAGATGCGTTAACATTACGTAAGAATCTACCTACC	fam_815467bca46c38e1	0.5960968178325448	log2_enrichment	0	3.5	RU	harmonized_benchmark	0	835
integrin	0.7	family	enrichment	TCCTACACTGCGCATAATACGTAACTATCGACCTACCTT	fam_815467bca46c38e1	0.5960968178325448	log2_enrichment	0	8.8	RU	harmonized_benchmark	0	835
integrin	0.7	family	enrichment	TCTAGACACTACGCGAAAAGAACCCACGCCTGTGTCTACG	fam_815467bca46c38e1	0.5960968178325448	log2_enrichment	1	65.4	RU	harmonized_benchmark	0	835
integrin	0.7	family	enrichment	TCTCCTAGTCCATTTTGGCGCACGCGAATACGGGAGACAC	fam_23cbba95cae66638	0.5960968178325448	log2_enrichment	1	155.8	RU	harmonized_benchmark	0	835
integrin	0.7	family	enrichment	TGGAACTACGCGACAAACTTCCCGCCTGTTCCACCTTATG	fam_815467bca46c38e1	0.5960968178325448	log2_enrichment	1	100.3	RU	harmonized_benchmark	0	835
integrin	0.7	family	enrichment	TTCCGGCCTACGCAACTTTTTATCCCCTGCCTGGCCGTAAT	fam_815467bca46c38e1	0.5960968178325448	log2_enrichment	1	35.8	RU	harmonized_benchmark	0	835
integrin	0.7	family	enrichment	TTCCTGCCAATTGAGCACATTACGCAAAAAAATTCCCTGCC	fam_815467bca46c38e1	0.5960968178325448	log2_enrichment	1	29.5	RU	harmonized_benchmark	0	835
integrin	0.7	family	enrichment	TTGCATTCCTGCGCCACATTACGCGAAACGATCCCCGCC	fam_815467bca46c38e1	0.5960968178325448	log2_enrichment	1	90.8	RU	harmonized_benchmark	0	835
integrin	0.7	family	enrichment	TTTCCTAGTCCATTTTGGCGCACGCGAATACGGGAGACAC	fam_23cbba95cae66638	0.5960968178325448	log2_enrichment	1	113.6	RU	harmonized_benchmark	0	835
integrin	0.7	family	frequency_observed	ACACATAACACGCCTTTGGAGCGATACCTCCATCAACGAT	fam_62b642a7df50f264	0.003631756756756757	relative_frequency	1	239.0	RU	observational_reference	0	835
integrin	0.7	family	frequency_observed	ACCAATAACCGTTCACATTACGCATCAACTCAACCTGCC	fam_815467bca46c38e1	6.33445945945946e-05	relative_frequency	0	18.6	RU	observational_reference	0	835
integrin	0.7	family	frequency_observed	AGCAAGTACGCGAAAATCTTCCCCGCCTCTTGTTGGCATC	fam_815467bca46c38e1	0.005933277027027027	relative_frequency	1	73.9	RU	observational_reference	0	835
integrin	0.7	family	frequency_observed	AGCGACTAAACGCAGAGAAATCGTCTCCCTGAGGTTCCGA	fam_db79d6a9db13e668	0.0015202702702702704	relative_frequency	0	5.0	RU	observational_reference	0	835
integrin	0.7	family	frequency_observed	ATTGTGACCCGATTTGTCACTCTTTCTATGTACGCGGAAT	fam_0b751e18ea4dfdcd	0.000316722972972973	relative_frequency	0	-0.1	RU	observational_reference	0	835
integrin	0.7	family	frequency_observed	CACCTCTCCCAACAGCGGAACTGTTTCTCGGTCCAAAAGG	fam_dee0f6a6ebfe4b67	0.000633445945945946	relative_frequency	0	24.8	RU	observational_reference	0	835
integrin	0.7	family	frequency_observed	CACTACGCAAACTCCTTCTGCCTGTGCTTGAAAAACGCAT	fam_027d18c491f4d376	8.445945945945946e-05	relative_frequency	0	24.1	RU	observational_reference	0	835
integrin	0.7	family	frequency_observed	CTGGATTACGCGAAAAAACTCCTCGCCTATCGCAGCAATG	fam_815467bca46c38e1	0.001245777027027027	relative_frequency	1	40.6	RU	observational_reference	0	835
integrin	0.7	family	frequency_observed	GACATCTACGCAAAAGTGTTCCCCTGCCTGATGTGACAAA	fam_815467bca46c38e1	0.007326858108108108	relative_frequency	1	83.2	RU	observational_reference	0	835
integrin	0.7	family	frequency_observed	GACTACCATCGAACGTACATTACGCTACTCTCTACCAGC	fam_815467bca46c38e1	4.222972972972973e-05	relative_frequency	0	-4.2	RU	observational_reference	0	835
integrin	0.7	family	frequency_observed	GTGCACGGCAATACGCATGACGTTCACCCTGCCTTTGCCT	fam_775df4ac9a08da6f	0.00027449324324324326	relative_frequency	1	51.1	RU	observational_reference	0	835
integrin	0.7	family	frequency_observed	TAAGACGCACCATAACTACGCAAGAGTTCTCTCTGCCTGA	fam_815467bca46c38e1	0.005996621621621622	relative_frequency	0	18.2	RU	observational_reference	0	835
integrin	0.7	family	frequency_observed	TACGACTACTTCGGCACATTACGCGACGATCGAACCCGCC	fam_815467bca46c38e1	0.0005489864864864865	relative_frequency	1	47.0	RU	observational_reference	0	835
integrin	0.7	family	frequency_observed	TAGCTCATAACGACCAAAACGACCCAGCAGTTCCTTTCGT	fam_231aaf77d03c2cca	0.0010768581081081082	relative_frequency	0	21.6	RU	observational_reference	0	835
integrin	0.7	family	frequency_observed	TAGCTCCGCGCGCACGTTACGCGAAAACGTTCTGCCCGCC	fam_815467bca46c38e1	0.002702702702702703	relative_frequency	1	153.0	RU	observational_reference	0	835
integrin	0.7	family	frequency_observed	TCAATCCTGCACGTACTACGCGAAAACTGTCCCCCGCCTG	fam_815467bca46c38e1	0.0017525337837837839	relative_frequency	1	102.9	RU	observational_reference	0	835
integrin	0.7	family	frequency_observed	TCCTAAGATGCGTTAACATTACGTAAGAATCTACCTACC	fam_815467bca46c38e1	0.0015625	relative_frequency	0	3.5	RU	observational_reference	0	835
integrin	0.7	family	frequency_observed	TCCTACACTGCGCATAATACGTAACTATCGACCTACCTT	fam_815467bca46c38e1	0.0019847972972972974	relative_frequency	0	8.8	RU	observational_reference	0	835
integrin	0.7	family	frequency_observed	TCTAGACACTACGCGAAAAGAACCCACGCCTGTGTCTACG	fam_815467bca46c38e1	0.00014780405405405406	relative_frequency	1	65.4	RU	observational_reference	0	835
integrin	0.7	family	frequency_observed	TCTCCTAGTCCATTTTGGCGCACGCGAATACGGGAGACAC	fam_23cbba95cae66638	0.04049831081081081	relative_frequency	1	155.8	RU	observational_reference	0	835
integrin	0.7	family	frequency_observed	TGGAACTACGCGACAAACTTCCCGCCTGTTCCACCTTATG	fam_815467bca46c38e1	0.0026815878378378378	relative_frequency	1	100.3	RU	observational_reference	0	835
integrin	0.7	family	frequency_observed	TTCCGGCCTACGCAACTTTTTATCCCCTGCCTGGCCGTAAT	fam_815467bca46c38e1	0.0016258445945945947	relative_frequency	1	35.8	RU	observational_reference	0	835
integrin	0.7	family	frequency_observed	TTCCTGCCAATTGAGCACATTACGCAAAAAAATTCCCTGCC	fam_815467bca46c38e1	6.33445945945946e-05	relative_frequency	1	29.5	RU	observational_reference	0	835
integrin	0.7	family	frequency_observed	TTGCATTCCTGCGCCACATTACGCGAAACGATCCCCGCC	fam_815467bca46c38e1	0.000950168918918919	relative_frequency	1	90.8	RU	observational_reference	0	835
integrin	0.7	family	frequency_observed	TTTCCTAGTCCATTTTGGCGCACGCGAATACGGGAGACAC	fam_23cbba95cae66638	0.0009712837837837838	relative_frequency	1	113.6	RU	observational_reference	0	835
integrin	0.7	family	enrichment_observed	ACACATAACACGCCTTTGGAGCGATACCTCCATCAACGAT	fam_62b642a7df50f264	-0.32880172692673687	log2_enrichment	1	239.0	RU	observational_reference	0	835
integrin	0.7	family	enrichment_observed	ACCAATAACCGTTCACATTACGCATCAACTCAACCTGCC	fam_815467bca46c38e1	-1.1201102161668643	log2_enrichment	0	18.6	RU	observational_reference	0	835
integrin	0.7	family	enrichment_observed	AGCAAGTACGCGAAAATCTTCCCCGCCTCTTGTTGGCATC	fam_815467bca46c38e1	-0.006692679860486207	log2_enrichment	1	73.9	RU	observational_reference	0	835
integrin	0.7	family	enrichment_observed	AGCGACTAAACGCAGAGAAATCGTCTCCCTGAGGTTCCGA	fam_db79d6a9db13e668	0.27616002076427354	log2_enrichment	0	5.0	RU	observational_reference	0	835
integrin	0.7	family	enrichment_observed	ATTGTGACCCGATTTGTCACTCTTTCTATGTACGCGGAAT	fam_0b751e18ea4dfdcd	-2.2762553590714956	log2_enrichment	0	-0.1	RU	observational_reference	0	835
integrin	0.7	family	enrichment_observed	CACCTCTCCCAACAGCGGAACTGTTTCTCGGTCCAAAAGG	fam_dee0f6a6ebfe4b67	-0.5499814416554002	log2_enrichment	0	24.8	RU	observational_reference	0	835
integrin	0.7	family	enrichment_observed	CACTACGCAAACTCCTTCTGCCTGTGCTTGAAAAACGCAT	fam_027d18c491f4d376	-1.8486880248403514	log2_enrichment	0	24.1	RU	observational_reference	0	835
integrin	0.7	family	enrichment_observed	CTGGATTACGCGAAAAAACTCCTCGCCTATCGCAGCAATG	fam_815467bca46c38e1	-0.3228666100765491	log2_enrichment	1	40.6	RU	observational_reference	0	835
integrin	0.7	family	enrichment_observed	GACATCTACGCAAAAGTGTTCCCCTGCCTGATGTGACAAA	fam_815467bca46c38e1	0.33479330007786656	log2_enrichment	1	83.2	RU	observational_reference	0	835
integrin	0.7	family	enrichment_observed	GACTACCATCGAACGTACATTACGCTACTCTCTACCAGC	fam_815467bca46c38e1	-2.1263692066385467	log2_enrichment	0	-4.2	RU	observational_reference	0	835
integrin	0.7	family	enrichment_observed	GTGCACGGCAATACGCATGACGTTCACCCTGCCTTTGCCT	fam_775df4ac9a08da6f	-1.3355162071872053	log2_enrichment	1	51.1	RU	observational_reference	0	835
integrin	0.7	family	enrichment_observed	TAAGACGCACCATAACTACGCAAGAGTTCTCTCTGCCTGA	fam_815467bca46c38e1	-0.3244208744050813	log2_enrichment	0	18.2	RU	observational_reference	0	835
integrin	0.7	family	enrichment_observed	TACGACTACTTCGGCACATTACGCGACGATCGAACCCGCC	fam_815467bca46c38e1	-1.2228771874918931	log2_enrichment	1	47.0	RU	observational_reference	0	835
integrin	0.7	family	enrichment_observed	TAGCTCATAACGACCAAAACGACCCAGCAGTTCCTTTCGT	fam_231aaf77d03c2cca	-1.6510933099364709	log2_enrichment	0	21.6	RU	observational_reference	0	835
integrin	0.7	family	enrichment_observed	TAGCTCCGCGCGCACGTTACGCGAAAACGTTCTGCCCGCC	fam_815467bca46c38e1	0.7499723256103648	log2_enrichment	1	153.0	RU	observational_reference	0	835
integrin	0.7	family	enrichment_observed	TCAATCCTGCACGTACTACGCGAAAACTGTCCCCCGCCTG	fam_815467bca46c38e1	1.060937873032002	log2_enrichment	1	102.9	RU	observational_reference	0	835
integrin	0.7	family	enrichment_observed	TCCTAAGATGCGTTAACATTACGTAAGAATCTACCTACC	fam_815467bca46c38e1	-1.5488693167133456	log2_enrichment	0	3.5	RU	observational_reference	0	835
integrin	0.7	family	enrichment_observed	TCCTACACTGCGCATAATACGTAACTATCGACCTACCTT	fam_815467bca46c38e1	-0.016586440447061795	log2_enrichment	0	8.8	RU	observational_reference	0	835
integrin	0.7	family	enrichment_observed	TCTAGACACTACGCGAAAAGAACCCACGCCTGTGTCTACG	fam_815467bca46c38e1	-1.9399560824076654	log2_enrichment	1	65.4	RU	observational_reference	0	835
integrin	0.7	family	enrichment_observed	TCTCCTAGTCCATTTTGGCGCACGCGAATACGGGAGACAC	fam_23cbba95cae66638	1.1004469887211599	log2_enrichment	1	155.8	RU	observational_reference	0	835
integrin	0.7	family	enrichment_observed	TGGAACTACGCGACAAACTTCCCGCCTGTTCCACCTTATG	fam_815467bca46c38e1	-0.46754146806777336	log2_enrichment	1	100.3	RU	observational_reference	0	835
integrin	0.7	family	enrichment_observed	TTCCGGCCTACGCAACTTTTTATCCCCTGCCTGGCCGTAAT	fam_815467bca46c38e1	0.6338164837817031	log2_enrichment	1	35.8	RU	observational_reference	0	835
integrin	0.7	family	enrichment_observed	TTCCTGCCAATTGAGCACATTACGCAAAAAAATTCCCTGCC	fam_815467bca46c38e1	-0.9888656828886118	log2_enrichment	1	29.5	RU	observational_reference	0	835
integrin	0.7	family	enrichment_observed	TTGCATTCCTGCGCCACATTACGCGAAACGATCCCCGCC	fam_815467bca46c38e1	0.30947559168113453	log2_enrichment	1	90.8	RU	observational_reference	0	835
integrin	0.7	family	enrichment_observed	TTTCCTAGTCCATTTTGGCGCACGCGAATACGGGAGACAC	fam_23cbba95cae66638	1.302365614775834	log2_enrichment	1	113.6	RU	observational_reference	0	835
integrin	0.7	random	kmer_ridge	ACACATAACACGCCTTTGGAGCGATACCTCCATCAACGAT	fam_62b642a7df50f264	0.08286382603781162	predicted_log2_enrichment	1	239.0	RU	harmonized_benchmark	0	2476
integrin	0.7	random	kmer_ridge	ACCAATAACCGTTCACATTACGCATCAACTCAACCTGCC	fam_815467bca46c38e1	-0.6595481208539631	predicted_log2_enrichment	0	18.6	RU	harmonized_benchmark	0	2476
integrin	0.7	random	kmer_ridge	AGCAAGTACGCGAAAATCTTCCCCGCCTCTTGTTGGCATC	fam_815467bca46c38e1	0.8217469919856449	predicted_log2_enrichment	1	73.9	RU	harmonized_benchmark	0	2476
integrin	0.7	random	kmer_ridge	AGCGACTAAACGCAGAGAAATCGTCTCCCTGAGGTTCCGA	fam_db79d6a9db13e668	0.24170068607846462	predicted_log2_enrichment	0	5.0	RU	harmonized_benchmark	0	2476
integrin	0.7	random	kmer_ridge	ATTGTGACCCGATTTGTCACTCTTTCTATGTACGCGGAAT	fam_0b751e18ea4dfdcd	1.6401025736517276	predicted_log2_enrichment	0	-0.1	RU	harmonized_benchmark	0	2476
integrin	0.7	random	kmer_ridge	CACCTCTCCCAACAGCGGAACTGTTTCTCGGTCCAAAAGG	fam_dee0f6a6ebfe4b67	0.3166292857802938	predicted_log2_enrichment	0	24.8	RU	harmonized_benchmark	0	2476
integrin	0.7	random	kmer_ridge	CACTACGCAAACTCCTTCTGCCTGTGCTTGAAAAACGCAT	fam_027d18c491f4d376	0.4583310869844288	predicted_log2_enrichment	0	24.1	RU	harmonized_benchmark	0	2476
integrin	0.7	random	kmer_ridge	CTGGATTACGCGAAAAAACTCCTCGCCTATCGCAGCAATG	fam_815467bca46c38e1	0.4460602377309625	predicted_log2_enrichment	1	40.6	RU	harmonized_benchmark	0	2476
integrin	0.7	random	kmer_ridge	GACATCTACGCAAAAGTGTTCCCCTGCCTGATGTGACAAA	fam_815467bca46c38e1	0.6955382934364623	predicted_log2_enrichment	1	83.2	RU	harmonized_benchmark	0	2476
integrin	0.7	random	kmer_ridge	GACTACCATCGAACGTACATTACGCTACTCTCTACCAGC	fam_815467bca46c38e1	-0.3621404583485761	predicted_log2_enrichment	0	-4.2	RU	harmonized_benchmark	0	2476
integrin	0.7	random	kmer_ridge	GTGCACGGCAATACGCATGACGTTCACCCTGCCTTTGCCT	fam_775df4ac9a08da6f	0.35104190090060117	predicted_log2_enrichment	1	51.1	RU	harmonized_benchmark	0	2476
integrin	0.7	random	kmer_ridge	TAAGACGCACCATAACTACGCAAGAGTTCTCTCTGCCTGA	fam_815467bca46c38e1	0.3222668149464023	predicted_log2_enrichment	0	18.2	RU	harmonized_benchmark	0	2476
integrin	0.7	random	kmer_ridge	TACGACTACTTCGGCACATTACGCGACGATCGAACCCGCC	fam_815467bca46c38e1	0.17904521046344535	predicted_log2_enrichment	1	47.0	RU	harmonized_benchmark	0	2476
integrin	0.7	random	kmer_ridge	TAGCTCATAACGACCAAAACGACCCAGCAGTTCCTTTCGT	fam_231aaf77d03c2cca	0.11326281054214027	predicted_log2_enrichment	0	21.6	RU	harmonized_benchmark	0	2476
integrin	0.7	random	kmer_ridge	TAGCTCCGCGCGCACGTTACGCGAAAACGTTCTGCCCGCC	fam_815467bca46c38e1	0.4939901322909752	predicted_log2_enrichment	1	153.0	RU	harmonized_benchmark	0	2476
integrin	0.7	random	kmer_ridge	TCAATCCTGCACGTACTACGCGAAAACTGTCCCCCGCCTG	fam_815467bca46c38e1	1.0090843427510205	predicted_log2_enrichment	1	102.9	RU	harmonized_benchmark	0	2476
integrin	0.7	random	kmer_ridge	TCCTAAGATGCGTTAACATTACGTAAGAATCTACCTACC	fam_815467bca46c38e1	-0.10022948898884199	predicted_log2_enrichment	0	3.5	RU	harmonized_benchmark	0	2476
integrin	0.7	random	kmer_ridge	TCCTACACTGCGCATAATACGTAACTATCGACCTACCTT	fam_815467bca46c38e1	0.4275820638861344	predicted_log2_enrichment	0	8.8	RU	harmonized_benchmark	0	2476
integrin	0.7	random	kmer_ridge	TCTAGACACTACGCGAAAAGAACCCACGCCTGTGTCTACG	fam_815467bca46c38e1	1.1531750841867083	predicted_log2_enrichment	1	65.4	RU	harmonized_benchmark	0	2476
integrin	0.7	random	kmer_ridge	TCTCCTAGTCCATTTTGGCGCACGCGAATACGGGAGACAC	fam_23cbba95cae66638	1.540388353786247	predicted_log2_enrichment	1	155.8	RU	harmonized_benchmark	0	2476
integrin	0.7	random	kmer_ridge	TGGAACTACGCGACAAACTTCCCGCCTGTTCCACCTTATG	fam_815467bca46c38e1	0.433579257341998	predicted_log2_enrichment	1	100.3	RU	harmonized_benchmark	0	2476
integrin	0.7	random	kmer_ridge	TTCCGGCCTACGCAACTTTTTATCCCCTGCCTGGCCGTAAT	fam_815467bca46c38e1	0.9588271935685353	predicted_log2_enrichment	1	35.8	RU	harmonized_benchmark	0	2476
integrin	0.7	random	kmer_ridge	TTCCTGCCAATTGAGCACATTACGCAAAAAAATTCCCTGCC	fam_815467bca46c38e1	0.19016146203177386	predicted_log2_enrichment	1	29.5	RU	harmonized_benchmark	0	2476
integrin	0.7	random	kmer_ridge	TTGCATTCCTGCGCCACATTACGCGAAACGATCCCCGCC	fam_815467bca46c38e1	0.23973380241846076	predicted_log2_enrichment	1	90.8	RU	harmonized_benchmark	0	2476
integrin	0.7	random	kmer_ridge	TTTCCTAGTCCATTTTGGCGCACGCGAATACGGGAGACAC	fam_23cbba95cae66638	1.7781854823661654	predicted_log2_enrichment	1	113.6	RU	harmonized_benchmark	0	2476
integrin	0.7	random	frequency	ACACATAACACGCCTTTGGAGCGATACCTCCATCAACGAT	fam_62b642a7df50f264	0.0	relative_frequency	1	239.0	RU	harmonized_benchmark	0	2476
integrin	0.7	random	frequency	ACCAATAACCGTTCACATTACGCATCAACTCAACCTGCC	fam_815467bca46c38e1	0.0	relative_frequency	0	18.6	RU	harmonized_benchmark	0	2476
integrin	0.7	random	frequency	AGCAAGTACGCGAAAATCTTCCCCGCCTCTTGTTGGCATC	fam_815467bca46c38e1	0.0	relative_frequency	1	73.9	RU	harmonized_benchmark	0	2476
integrin	0.7	random	frequency	AGCGACTAAACGCAGAGAAATCGTCTCCCTGAGGTTCCGA	fam_db79d6a9db13e668	0.0	relative_frequency	0	5.0	RU	harmonized_benchmark	0	2476
integrin	0.7	random	frequency	ATTGTGACCCGATTTGTCACTCTTTCTATGTACGCGGAAT	fam_0b751e18ea4dfdcd	0.0	relative_frequency	0	-0.1	RU	harmonized_benchmark	0	2476
integrin	0.7	random	frequency	CACCTCTCCCAACAGCGGAACTGTTTCTCGGTCCAAAAGG	fam_dee0f6a6ebfe4b67	0.0	relative_frequency	0	24.8	RU	harmonized_benchmark	0	2476
integrin	0.7	random	frequency	CACTACGCAAACTCCTTCTGCCTGTGCTTGAAAAACGCAT	fam_027d18c491f4d376	0.0	relative_frequency	0	24.1	RU	harmonized_benchmark	0	2476
integrin	0.7	random	frequency	CTGGATTACGCGAAAAAACTCCTCGCCTATCGCAGCAATG	fam_815467bca46c38e1	0.0	relative_frequency	1	40.6	RU	harmonized_benchmark	0	2476
integrin	0.7	random	frequency	GACATCTACGCAAAAGTGTTCCCCTGCCTGATGTGACAAA	fam_815467bca46c38e1	0.0	relative_frequency	1	83.2	RU	harmonized_benchmark	0	2476
integrin	0.7	random	frequency	GACTACCATCGAACGTACATTACGCTACTCTCTACCAGC	fam_815467bca46c38e1	0.0	relative_frequency	0	-4.2	RU	harmonized_benchmark	0	2476
integrin	0.7	random	frequency	GTGCACGGCAATACGCATGACGTTCACCCTGCCTTTGCCT	fam_775df4ac9a08da6f	0.0	relative_frequency	1	51.1	RU	harmonized_benchmark	0	2476
integrin	0.7	random	frequency	TAAGACGCACCATAACTACGCAAGAGTTCTCTCTGCCTGA	fam_815467bca46c38e1	0.0	relative_frequency	0	18.2	RU	harmonized_benchmark	0	2476
integrin	0.7	random	frequency	TACGACTACTTCGGCACATTACGCGACGATCGAACCCGCC	fam_815467bca46c38e1	0.0	relative_frequency	1	47.0	RU	harmonized_benchmark	0	2476
integrin	0.7	random	frequency	TAGCTCATAACGACCAAAACGACCCAGCAGTTCCTTTCGT	fam_231aaf77d03c2cca	0.0	relative_frequency	0	21.6	RU	harmonized_benchmark	0	2476
integrin	0.7	random	frequency	TAGCTCCGCGCGCACGTTACGCGAAAACGTTCTGCCCGCC	fam_815467bca46c38e1	0.0	relative_frequency	1	153.0	RU	harmonized_benchmark	0	2476
integrin	0.7	random	frequency	TCAATCCTGCACGTACTACGCGAAAACTGTCCCCCGCCTG	fam_815467bca46c38e1	0.0	relative_frequency	1	102.9	RU	harmonized_benchmark	0	2476
integrin	0.7	random	frequency	TCCTAAGATGCGTTAACATTACGTAAGAATCTACCTACC	fam_815467bca46c38e1	0.0	relative_frequency	0	3.5	RU	harmonized_benchmark	0	2476
integrin	0.7	random	frequency	TCCTACACTGCGCATAATACGTAACTATCGACCTACCTT	fam_815467bca46c38e1	0.0	relative_frequency	0	8.8	RU	harmonized_benchmark	0	2476
integrin	0.7	random	frequency	TCTAGACACTACGCGAAAAGAACCCACGCCTGTGTCTACG	fam_815467bca46c38e1	0.0	relative_frequency	1	65.4	RU	harmonized_benchmark	0	2476
integrin	0.7	random	frequency	TCTCCTAGTCCATTTTGGCGCACGCGAATACGGGAGACAC	fam_23cbba95cae66638	0.0	relative_frequency	1	155.8	RU	harmonized_benchmark	0	2476
integrin	0.7	random	frequency	TGGAACTACGCGACAAACTTCCCGCCTGTTCCACCTTATG	fam_815467bca46c38e1	0.0	relative_frequency	1	100.3	RU	harmonized_benchmark	0	2476
integrin	0.7	random	frequency	TTCCGGCCTACGCAACTTTTTATCCCCTGCCTGGCCGTAAT	fam_815467bca46c38e1	0.0	relative_frequency	1	35.8	RU	harmonized_benchmark	0	2476
integrin	0.7	random	frequency	TTCCTGCCAATTGAGCACATTACGCAAAAAAATTCCCTGCC	fam_815467bca46c38e1	0.0	relative_frequency	1	29.5	RU	harmonized_benchmark	0	2476
integrin	0.7	random	frequency	TTGCATTCCTGCGCCACATTACGCGAAACGATCCCCGCC	fam_815467bca46c38e1	0.0	relative_frequency	1	90.8	RU	harmonized_benchmark	0	2476
integrin	0.7	random	frequency	TTTCCTAGTCCATTTTGGCGCACGCGAATACGGGAGACAC	fam_23cbba95cae66638	0.0	relative_frequency	1	113.6	RU	harmonized_benchmark	0	2476
integrin	0.7	random	enrichment	ACACATAACACGCCTTTGGAGCGATACCTCCATCAACGAT	fam_62b642a7df50f264	0.5960968178325448	log2_enrichment	1	239.0	RU	harmonized_benchmark	0	2476
integrin	0.7	random	enrichment	ACCAATAACCGTTCACATTACGCATCAACTCAACCTGCC	fam_815467bca46c38e1	0.5960968178325448	log2_enrichment	0	18.6	RU	harmonized_benchmark	0	2476
integrin	0.7	random	enrichment	AGCAAGTACGCGAAAATCTTCCCCGCCTCTTGTTGGCATC	fam_815467bca46c38e1	0.5960968178325448	log2_enrichment	1	73.9	RU	harmonized_benchmark	0	2476
integrin	0.7	random	enrichment	AGCGACTAAACGCAGAGAAATCGTCTCCCTGAGGTTCCGA	fam_db79d6a9db13e668	0.5960968178325448	log2_enrichment	0	5.0	RU	harmonized_benchmark	0	2476
integrin	0.7	random	enrichment	ATTGTGACCCGATTTGTCACTCTTTCTATGTACGCGGAAT	fam_0b751e18ea4dfdcd	0.5960968178325448	log2_enrichment	0	-0.1	RU	harmonized_benchmark	0	2476
integrin	0.7	random	enrichment	CACCTCTCCCAACAGCGGAACTGTTTCTCGGTCCAAAAGG	fam_dee0f6a6ebfe4b67	0.5960968178325448	log2_enrichment	0	24.8	RU	harmonized_benchmark	0	2476
integrin	0.7	random	enrichment	CACTACGCAAACTCCTTCTGCCTGTGCTTGAAAAACGCAT	fam_027d18c491f4d376	0.5960968178325448	log2_enrichment	0	24.1	RU	harmonized_benchmark	0	2476
integrin	0.7	random	enrichment	CTGGATTACGCGAAAAAACTCCTCGCCTATCGCAGCAATG	fam_815467bca46c38e1	0.5960968178325448	log2_enrichment	1	40.6	RU	harmonized_benchmark	0	2476
integrin	0.7	random	enrichment	GACATCTACGCAAAAGTGTTCCCCTGCCTGATGTGACAAA	fam_815467bca46c38e1	0.5960968178325448	log2_enrichment	1	83.2	RU	harmonized_benchmark	0	2476
integrin	0.7	random	enrichment	GACTACCATCGAACGTACATTACGCTACTCTCTACCAGC	fam_815467bca46c38e1	0.5960968178325448	log2_enrichment	0	-4.2	RU	harmonized_benchmark	0	2476
integrin	0.7	random	enrichment	GTGCACGGCAATACGCATGACGTTCACCCTGCCTTTGCCT	fam_775df4ac9a08da6f	0.5960968178325448	log2_enrichment	1	51.1	RU	harmonized_benchmark	0	2476
integrin	0.7	random	enrichment	TAAGACGCACCATAACTACGCAAGAGTTCTCTCTGCCTGA	fam_815467bca46c38e1	0.5960968178325448	log2_enrichment	0	18.2	RU	harmonized_benchmark	0	2476
integrin	0.7	random	enrichment	TACGACTACTTCGGCACATTACGCGACGATCGAACCCGCC	fam_815467bca46c38e1	0.5960968178325448	log2_enrichment	1	47.0	RU	harmonized_benchmark	0	2476
integrin	0.7	random	enrichment	TAGCTCATAACGACCAAAACGACCCAGCAGTTCCTTTCGT	fam_231aaf77d03c2cca	0.5960968178325448	log2_enrichment	0	21.6	RU	harmonized_benchmark	0	2476
integrin	0.7	random	enrichment	TAGCTCCGCGCGCACGTTACGCGAAAACGTTCTGCCCGCC	fam_815467bca46c38e1	0.5960968178325448	log2_enrichment	1	153.0	RU	harmonized_benchmark	0	2476
integrin	0.7	random	enrichment	TCAATCCTGCACGTACTACGCGAAAACTGTCCCCCGCCTG	fam_815467bca46c38e1	0.5960968178325448	log2_enrichment	1	102.9	RU	harmonized_benchmark	0	2476
integrin	0.7	random	enrichment	TCCTAAGATGCGTTAACATTACGTAAGAATCTACCTACC	fam_815467bca46c38e1	0.5960968178325448	log2_enrichment	0	3.5	RU	harmonized_benchmark	0	2476
integrin	0.7	random	enrichment	TCCTACACTGCGCATAATACGTAACTATCGACCTACCTT	fam_815467bca46c38e1	0.5960968178325448	log2_enrichment	0	8.8	RU	harmonized_benchmark	0	2476
integrin	0.7	random	enrichment	TCTAGACACTACGCGAAAAGAACCCACGCCTGTGTCTACG	fam_815467bca46c38e1	0.5960968178325448	log2_enrichment	1	65.4	RU	harmonized_benchmark	0	2476
integrin	0.7	random	enrichment	TCTCCTAGTCCATTTTGGCGCACGCGAATACGGGAGACAC	fam_23cbba95cae66638	0.5960968178325448	log2_enrichment	1	155.8	RU	harmonized_benchmark	0	2476
integrin	0.7	random	enrichment	TGGAACTACGCGACAAACTTCCCGCCTGTTCCACCTTATG	fam_815467bca46c38e1	0.5960968178325448	log2_enrichment	1	100.3	RU	harmonized_benchmark	0	2476
integrin	0.7	random	enrichment	TTCCGGCCTACGCAACTTTTTATCCCCTGCCTGGCCGTAAT	fam_815467bca46c38e1	0.5960968178325448	log2_enrichment	1	35.8	RU	harmonized_benchmark	0	2476
integrin	0.7	random	enrichment	TTCCTGCCAATTGAGCACATTACGCAAAAAAATTCCCTGCC	fam_815467bca46c38e1	0.5960968178325448	log2_enrichment	1	29.5	RU	harmonized_benchmark	0	2476
integrin	0.7	random	enrichment	TTGCATTCCTGCGCCACATTACGCGAAACGATCCCCGCC	fam_815467bca46c38e1	0.5960968178325448	log2_enrichment	1	90.8	RU	harmonized_benchmark	0	2476
integrin	0.7	random	enrichment	TTTCCTAGTCCATTTTGGCGCACGCGAATACGGGAGACAC	fam_23cbba95cae66638	0.5960968178325448	log2_enrichment	1	113.6	RU	harmonized_benchmark	0	2476
integrin	0.7	random	frequency_observed	ACACATAACACGCCTTTGGAGCGATACCTCCATCAACGAT	fam_62b642a7df50f264	0.003631756756756757	relative_frequency	1	239.0	RU	observational_reference	0	2476
integrin	0.7	random	frequency_observed	ACCAATAACCGTTCACATTACGCATCAACTCAACCTGCC	fam_815467bca46c38e1	6.33445945945946e-05	relative_frequency	0	18.6	RU	observational_reference	0	2476
integrin	0.7	random	frequency_observed	AGCAAGTACGCGAAAATCTTCCCCGCCTCTTGTTGGCATC	fam_815467bca46c38e1	0.005933277027027027	relative_frequency	1	73.9	RU	observational_reference	0	2476
integrin	0.7	random	frequency_observed	AGCGACTAAACGCAGAGAAATCGTCTCCCTGAGGTTCCGA	fam_db79d6a9db13e668	0.0015202702702702704	relative_frequency	0	5.0	RU	observational_reference	0	2476
integrin	0.7	random	frequency_observed	ATTGTGACCCGATTTGTCACTCTTTCTATGTACGCGGAAT	fam_0b751e18ea4dfdcd	0.000316722972972973	relative_frequency	0	-0.1	RU	observational_reference	0	2476
integrin	0.7	random	frequency_observed	CACCTCTCCCAACAGCGGAACTGTTTCTCGGTCCAAAAGG	fam_dee0f6a6ebfe4b67	0.000633445945945946	relative_frequency	0	24.8	RU	observational_reference	0	2476
integrin	0.7	random	frequency_observed	CACTACGCAAACTCCTTCTGCCTGTGCTTGAAAAACGCAT	fam_027d18c491f4d376	8.445945945945946e-05	relative_frequency	0	24.1	RU	observational_reference	0	2476
integrin	0.7	random	frequency_observed	CTGGATTACGCGAAAAAACTCCTCGCCTATCGCAGCAATG	fam_815467bca46c38e1	0.001245777027027027	relative_frequency	1	40.6	RU	observational_reference	0	2476
integrin	0.7	random	frequency_observed	GACATCTACGCAAAAGTGTTCCCCTGCCTGATGTGACAAA	fam_815467bca46c38e1	0.007326858108108108	relative_frequency	1	83.2	RU	observational_reference	0	2476
integrin	0.7	random	frequency_observed	GACTACCATCGAACGTACATTACGCTACTCTCTACCAGC	fam_815467bca46c38e1	4.222972972972973e-05	relative_frequency	0	-4.2	RU	observational_reference	0	2476
integrin	0.7	random	frequency_observed	GTGCACGGCAATACGCATGACGTTCACCCTGCCTTTGCCT	fam_775df4ac9a08da6f	0.00027449324324324326	relative_frequency	1	51.1	RU	observational_reference	0	2476
integrin	0.7	random	frequency_observed	TAAGACGCACCATAACTACGCAAGAGTTCTCTCTGCCTGA	fam_815467bca46c38e1	0.005996621621621622	relative_frequency	0	18.2	RU	observational_reference	0	2476
integrin	0.7	random	frequency_observed	TACGACTACTTCGGCACATTACGCGACGATCGAACCCGCC	fam_815467bca46c38e1	0.0005489864864864865	relative_frequency	1	47.0	RU	observational_reference	0	2476
integrin	0.7	random	frequency_observed	TAGCTCATAACGACCAAAACGACCCAGCAGTTCCTTTCGT	fam_231aaf77d03c2cca	0.0010768581081081082	relative_frequency	0	21.6	RU	observational_reference	0	2476
integrin	0.7	random	frequency_observed	TAGCTCCGCGCGCACGTTACGCGAAAACGTTCTGCCCGCC	fam_815467bca46c38e1	0.002702702702702703	relative_frequency	1	153.0	RU	observational_reference	0	2476
integrin	0.7	random	frequency_observed	TCAATCCTGCACGTACTACGCGAAAACTGTCCCCCGCCTG	fam_815467bca46c38e1	0.0017525337837837839	relative_frequency	1	102.9	RU	observational_reference	0	2476
integrin	0.7	random	frequency_observed	TCCTAAGATGCGTTAACATTACGTAAGAATCTACCTACC	fam_815467bca46c38e1	0.0015625	relative_frequency	0	3.5	RU	observational_reference	0	2476
integrin	0.7	random	frequency_observed	TCCTACACTGCGCATAATACGTAACTATCGACCTACCTT	fam_815467bca46c38e1	0.0019847972972972974	relative_frequency	0	8.8	RU	observational_reference	0	2476
integrin	0.7	random	frequency_observed	TCTAGACACTACGCGAAAAGAACCCACGCCTGTGTCTACG	fam_815467bca46c38e1	0.00014780405405405406	relative_frequency	1	65.4	RU	observational_reference	0	2476
integrin	0.7	random	frequency_observed	TCTCCTAGTCCATTTTGGCGCACGCGAATACGGGAGACAC	fam_23cbba95cae66638	0.04049831081081081	relative_frequency	1	155.8	RU	observational_reference	0	2476
integrin	0.7	random	frequency_observed	TGGAACTACGCGACAAACTTCCCGCCTGTTCCACCTTATG	fam_815467bca46c38e1	0.0026815878378378378	relative_frequency	1	100.3	RU	observational_reference	0	2476
integrin	0.7	random	frequency_observed	TTCCGGCCTACGCAACTTTTTATCCCCTGCCTGGCCGTAAT	fam_815467bca46c38e1	0.0016258445945945947	relative_frequency	1	35.8	RU	observational_reference	0	2476
integrin	0.7	random	frequency_observed	TTCCTGCCAATTGAGCACATTACGCAAAAAAATTCCCTGCC	fam_815467bca46c38e1	6.33445945945946e-05	relative_frequency	1	29.5	RU	observational_reference	0	2476
integrin	0.7	random	frequency_observed	TTGCATTCCTGCGCCACATTACGCGAAACGATCCCCGCC	fam_815467bca46c38e1	0.000950168918918919	relative_frequency	1	90.8	RU	observational_reference	0	2476
integrin	0.7	random	frequency_observed	TTTCCTAGTCCATTTTGGCGCACGCGAATACGGGAGACAC	fam_23cbba95cae66638	0.0009712837837837838	relative_frequency	1	113.6	RU	observational_reference	0	2476
integrin	0.7	random	enrichment_observed	ACACATAACACGCCTTTGGAGCGATACCTCCATCAACGAT	fam_62b642a7df50f264	-0.32880172692673687	log2_enrichment	1	239.0	RU	observational_reference	0	2476
integrin	0.7	random	enrichment_observed	ACCAATAACCGTTCACATTACGCATCAACTCAACCTGCC	fam_815467bca46c38e1	-1.1201102161668643	log2_enrichment	0	18.6	RU	observational_reference	0	2476
integrin	0.7	random	enrichment_observed	AGCAAGTACGCGAAAATCTTCCCCGCCTCTTGTTGGCATC	fam_815467bca46c38e1	-0.006692679860486207	log2_enrichment	1	73.9	RU	observational_reference	0	2476
integrin	0.7	random	enrichment_observed	AGCGACTAAACGCAGAGAAATCGTCTCCCTGAGGTTCCGA	fam_db79d6a9db13e668	0.27616002076427354	log2_enrichment	0	5.0	RU	observational_reference	0	2476
integrin	0.7	random	enrichment_observed	ATTGTGACCCGATTTGTCACTCTTTCTATGTACGCGGAAT	fam_0b751e18ea4dfdcd	-2.2762553590714956	log2_enrichment	0	-0.1	RU	observational_reference	0	2476
integrin	0.7	random	enrichment_observed	CACCTCTCCCAACAGCGGAACTGTTTCTCGGTCCAAAAGG	fam_dee0f6a6ebfe4b67	-0.5499814416554002	log2_enrichment	0	24.8	RU	observational_reference	0	2476
integrin	0.7	random	enrichment_observed	CACTACGCAAACTCCTTCTGCCTGTGCTTGAAAAACGCAT	fam_027d18c491f4d376	-1.8486880248403514	log2_enrichment	0	24.1	RU	observational_reference	0	2476
integrin	0.7	random	enrichment_observed	CTGGATTACGCGAAAAAACTCCTCGCCTATCGCAGCAATG	fam_815467bca46c38e1	-0.3228666100765491	log2_enrichment	1	40.6	RU	observational_reference	0	2476
integrin	0.7	random	enrichment_observed	GACATCTACGCAAAAGTGTTCCCCTGCCTGATGTGACAAA	fam_815467bca46c38e1	0.33479330007786656	log2_enrichment	1	83.2	RU	observational_reference	0	2476
integrin	0.7	random	enrichment_observed	GACTACCATCGAACGTACATTACGCTACTCTCTACCAGC	fam_815467bca46c38e1	-2.1263692066385467	log2_enrichment	0	-4.2	RU	observational_reference	0	2476
integrin	0.7	random	enrichment_observed	GTGCACGGCAATACGCATGACGTTCACCCTGCCTTTGCCT	fam_775df4ac9a08da6f	-1.3355162071872053	log2_enrichment	1	51.1	RU	observational_reference	0	2476
integrin	0.7	random	enrichment_observed	TAAGACGCACCATAACTACGCAAGAGTTCTCTCTGCCTGA	fam_815467bca46c38e1	-0.3244208744050813	log2_enrichment	0	18.2	RU	observational_reference	0	2476
integrin	0.7	random	enrichment_observed	TACGACTACTTCGGCACATTACGCGACGATCGAACCCGCC	fam_815467bca46c38e1	-1.2228771874918931	log2_enrichment	1	47.0	RU	observational_reference	0	2476
integrin	0.7	random	enrichment_observed	TAGCTCATAACGACCAAAACGACCCAGCAGTTCCTTTCGT	fam_231aaf77d03c2cca	-1.6510933099364709	log2_enrichment	0	21.6	RU	observational_reference	0	2476
integrin	0.7	random	enrichment_observed	TAGCTCCGCGCGCACGTTACGCGAAAACGTTCTGCCCGCC	fam_815467bca46c38e1	0.7499723256103648	log2_enrichment	1	153.0	RU	observational_reference	0	2476
integrin	0.7	random	enrichment_observed	TCAATCCTGCACGTACTACGCGAAAACTGTCCCCCGCCTG	fam_815467bca46c38e1	1.060937873032002	log2_enrichment	1	102.9	RU	observational_reference	0	2476
integrin	0.7	random	enrichment_observed	TCCTAAGATGCGTTAACATTACGTAAGAATCTACCTACC	fam_815467bca46c38e1	-1.5488693167133456	log2_enrichment	0	3.5	RU	observational_reference	0	2476
integrin	0.7	random	enrichment_observed	TCCTACACTGCGCATAATACGTAACTATCGACCTACCTT	fam_815467bca46c38e1	-0.016586440447061795	log2_enrichment	0	8.8	RU	observational_reference	0	2476
integrin	0.7	random	enrichment_observed	TCTAGACACTACGCGAAAAGAACCCACGCCTGTGTCTACG	fam_815467bca46c38e1	-1.9399560824076654	log2_enrichment	1	65.4	RU	observational_reference	0	2476
integrin	0.7	random	enrichment_observed	TCTCCTAGTCCATTTTGGCGCACGCGAATACGGGAGACAC	fam_23cbba95cae66638	1.1004469887211599	log2_enrichment	1	155.8	RU	observational_reference	0	2476
integrin	0.7	random	enrichment_observed	TGGAACTACGCGACAAACTTCCCGCCTGTTCCACCTTATG	fam_815467bca46c38e1	-0.46754146806777336	log2_enrichment	1	100.3	RU	observational_reference	0	2476
integrin	0.7	random	enrichment_observed	TTCCGGCCTACGCAACTTTTTATCCCCTGCCTGGCCGTAAT	fam_815467bca46c38e1	0.6338164837817031	log2_enrichment	1	35.8	RU	observational_reference	0	2476
integrin	0.7	random	enrichment_observed	TTCCTGCCAATTGAGCACATTACGCAAAAAAATTCCCTGCC	fam_815467bca46c38e1	-0.9888656828886118	log2_enrichment	1	29.5	RU	observational_reference	0	2476
integrin	0.7	random	enrichment_observed	TTGCATTCCTGCGCCACATTACGCGAAACGATCCCCGCC	fam_815467bca46c38e1	0.30947559168113453	log2_enrichment	1	90.8	RU	observational_reference	0	2476
integrin	0.7	random	enrichment_observed	TTTCCTAGTCCATTTTGGCGCACGCGAATACGGGAGACAC	fam_23cbba95cae66638	1.302365614775834	log2_enrichment	1	113.6	RU	observational_reference	0	2476
integrin	0.7	random	kmer_logistic	ACACATAACACGCCTTTGGAGCGATACCTCCATCAACGAT	fam_62b642a7df50f264	2.76652088615181	decision_function	1	239.0	RU	harmonized_benchmark	23	2476
integrin	0.7	random	kmer_logistic	ACCAATAACCGTTCACATTACGCATCAACTCAACCTGCC	fam_815467bca46c38e1	2.488904835198822	decision_function	0	18.6	RU	harmonized_benchmark	23	2476
integrin	0.7	random	kmer_logistic	AGCAAGTACGCGAAAATCTTCCCCGCCTCTTGTTGGCATC	fam_815467bca46c38e1	3.288669412842533	decision_function	1	73.9	RU	harmonized_benchmark	23	2476
integrin	0.7	random	kmer_logistic	AGCGACTAAACGCAGAGAAATCGTCTCCCTGAGGTTCCGA	fam_db79d6a9db13e668	4.240992979105811	decision_function	0	5.0	RU	harmonized_benchmark	23	2476
integrin	0.7	random	kmer_logistic	ATTGTGACCCGATTTGTCACTCTTTCTATGTACGCGGAAT	fam_0b751e18ea4dfdcd	4.172191704320838	decision_function	0	-0.1	RU	harmonized_benchmark	23	2476
integrin	0.7	random	kmer_logistic	CACCTCTCCCAACAGCGGAACTGTTTCTCGGTCCAAAAGG	fam_dee0f6a6ebfe4b67	2.679117064782978	decision_function	0	24.8	RU	harmonized_benchmark	23	2476
integrin	0.7	random	kmer_logistic	CACTACGCAAACTCCTTCTGCCTGTGCTTGAAAAACGCAT	fam_027d18c491f4d376	3.0412448061866524	decision_function	0	24.1	RU	harmonized_benchmark	23	2476
integrin	0.7	random	kmer_logistic	CTGGATTACGCGAAAAAACTCCTCGCCTATCGCAGCAATG	fam_815467bca46c38e1	2.896209334985655	decision_function	1	40.6	RU	harmonized_benchmark	23	2476
integrin	0.7	random	kmer_logistic	GACATCTACGCAAAAGTGTTCCCCTGCCTGATGTGACAAA	fam_815467bca46c38e1	3.7574835715648334	decision_function	1	83.2	RU	harmonized_benchmark	23	2476
integrin	0.7	random	kmer_logistic	GACTACCATCGAACGTACATTACGCTACTCTCTACCAGC	fam_815467bca46c38e1	1.7625552172387327	decision_function	0	-4.2	RU	harmonized_benchmark	23	2476
integrin	0.7	random	kmer_logistic	GTGCACGGCAATACGCATGACGTTCACCCTGCCTTTGCCT	fam_775df4ac9a08da6f	2.652378374141889	decision_function	1	51.1	RU	harmonized_benchmark	23	2476
integrin	0.7	random	kmer_logistic	TAAGACGCACCATAACTACGCAAGAGTTCTCTCTGCCTGA	fam_815467bca46c38e1	2.804053265630528	decision_function	0	18.2	RU	harmonized_benchmark	23	2476
integrin	0.7	random	kmer_logistic	TACGACTACTTCGGCACATTACGCGACGATCGAACCCGCC	fam_815467bca46c38e1	2.2659101211519657	decision_function	1	47.0	RU	harmonized_benchmark	23	2476
integrin	0.7	random	kmer_logistic	TAGCTCATAACGACCAAAACGACCCAGCAGTTCCTTTCGT	fam_231aaf77d03c2cca	3.6265833135809604	decision_function	0	21.6	RU	harmonized_benchmark	23	2476
integrin	0.7	random	kmer_logistic	TAGCTCCGCGCGCACGTTACGCGAAAACGTTCTGCCCGCC	fam_815467bca46c38e1	2.8594877597930344	decision_function	1	153.0	RU	harmonized_benchmark	23	2476
integrin	0.7	random	kmer_logistic	TCAATCCTGCACGTACTACGCGAAAACTGTCCCCCGCCTG	fam_815467bca46c38e1	2.946793358368637	decision_function	1	102.9	RU	harmonized_benchmark	23	2476
integrin	0.7	random	kmer_logistic	TCCTAAGATGCGTTAACATTACGTAAGAATCTACCTACC	fam_815467bca46c38e1	4.481100154441835	decision_function	0	3.5	RU	harmonized_benchmark	23	2476
integrin	0.7	random	kmer_logistic	TCCTACACTGCGCATAATACGTAACTATCGACCTACCTT	fam_815467bca46c38e1	2.072935474777303	decision_function	0	8.8	RU	harmonized_benchmark	23	2476
integrin	0.7	random	kmer_logistic	TCTAGACACTACGCGAAAAGAACCCACGCCTGTGTCTACG	fam_815467bca46c38e1	2.5422173250391222	decision_function	1	65.4	RU	harmonized_benchmark	23	2476
integrin	0.7	random	kmer_logistic	TCTCCTAGTCCATTTTGGCGCACGCGAATACGGGAGACAC	fam_23cbba95cae66638	3.201147412471268	decision_function	1	155.8	RU	harmonized_benchmark	23	2476
integrin	0.7	random	kmer_logistic	TGGAACTACGCGACAAACTTCCCGCCTGTTCCACCTTATG	fam_815467bca46c38e1	3.1045222487665876	decision_function	1	100.3	RU	harmonized_benchmark	23	2476
integrin	0.7	random	kmer_logistic	TTCCGGCCTACGCAACTTTTTATCCCCTGCCTGGCCGTAAT	fam_815467bca46c38e1	4.160879437488313	decision_function	1	35.8	RU	harmonized_benchmark	23	2476
integrin	0.7	random	kmer_logistic	TTCCTGCCAATTGAGCACATTACGCAAAAAAATTCCCTGCC	fam_815467bca46c38e1	3.2312361061648995	decision_function	1	29.5	RU	harmonized_benchmark	23	2476
integrin	0.7	random	kmer_logistic	TTGCATTCCTGCGCCACATTACGCGAAACGATCCCCGCC	fam_815467bca46c38e1	2.3145438935514435	decision_function	1	90.8	RU	harmonized_benchmark	23	2476
integrin	0.7	random	kmer_logistic	TTTCCTAGTCCATTTTGGCGCACGCGAATACGGGAGACAC	fam_23cbba95cae66638	3.5993662192068125	decision_function	1	113.6	RU	harmonized_benchmark	23	2476
integrin	0.7	naive_sequence_random	kmer_ridge	AAACCAGGAGGACGCACATTACGCAAAAAGTATCCCTGCC	fam_815467bca46c38e1	0.8186905921609151	predicted_log2_enrichment	1	92.2	RU	harmonized_benchmark	0	2476
integrin	0.7	naive_sequence_random	kmer_ridge	AAGGATACGCATCTAGCACCCCTGCCTTCCTTCTAATGTT	fam_3d80303db7ddc456	0.71677815268826	predicted_log2_enrichment	1	109.2	RU	harmonized_benchmark	0	2476
integrin	0.7	naive_sequence_random	kmer_ridge	ACAAATATGCAACATGTTACGCCAAAAGTTCCCCGGCCTA	fam_815467bca46c38e1	0.5942929627875018	predicted_log2_enrichment	1	62.6	RU	harmonized_benchmark	0	2476
integrin	0.7	naive_sequence_random	kmer_ridge	ACACATAACACGCCTTTGGAGCGATACCTCCATCAACGAT	fam_62b642a7df50f264	0.0970589096673472	predicted_log2_enrichment	1	239.0	RU	harmonized_benchmark	0	2476
integrin	0.7	naive_sequence_random	kmer_ridge	ACCAATAACCGTTCACATTACGCATCAACTCAACCTGCC	fam_815467bca46c38e1	-0.6086092643320203	predicted_log2_enrichment	0	18.6	RU	harmonized_benchmark	0	2476
integrin	0.7	naive_sequence_random	kmer_ridge	ACTATATCCGCCGTACTACGCATCTTTTTCTTCCTGCCTG	fam_815467bca46c38e1	0.132284365646817	predicted_log2_enrichment	1	45.2	RU	harmonized_benchmark	0	2476
integrin	0.7	naive_sequence_random	kmer_ridge	AGCAAGTACGCGAAAATCTTCCCCGCCTCTTGTTGGCATC	fam_815467bca46c38e1	0.7805787441102974	predicted_log2_enrichment	1	73.9	RU	harmonized_benchmark	0	2476
integrin	0.7	naive_sequence_random	kmer_ridge	ATTCCAGAGAGCGACACATTACGCGAAACACTCGCCCGCC	fam_815467bca46c38e1	-0.3727750902514454	predicted_log2_enrichment	1	45.8	RU	harmonized_benchmark	0	2476
integrin	0.7	naive_sequence_random	kmer_ridge	CACCTCTCCCAACAGCGGAACTGTTTCTCGGTCCAAAAGG	fam_dee0f6a6ebfe4b67	0.34234593578737527	predicted_log2_enrichment	0	24.8	RU	harmonized_benchmark	0	2476
integrin	0.7	naive_sequence_random	kmer_ridge	CTACCAGGTCTTGCACATTACGCGACAACCAAGCCCCGCC	fam_815467bca46c38e1	-0.25217266075352585	predicted_log2_enrichment	0	21.9	RU	harmonized_benchmark	0	2476
integrin	0.7	naive_sequence_random	kmer_ridge	GACATCTACGCAAAAGTGTTCCCCTGCCTGATGTGACAAA	fam_815467bca46c38e1	0.6776426880798675	predicted_log2_enrichment	1	83.2	RU	harmonized_benchmark	0	2476
integrin	0.7	naive_sequence_random	kmer_ridge	GACTACGCGAAACTTACTCCCCCCGCCTGTCCTTAAACTT	fam_815467bca46c38e1	0.39034150527284284	predicted_log2_enrichment	1	95.7	RU	harmonized_benchmark	0	2476
integrin	0.7	naive_sequence_random	kmer_ridge	GCTGTGTCTACGTCCGGATTGGGGACCTGCACGGCCCATG	fam_2bcfdb9efca3e03d	2.0482569805968747	predicted_log2_enrichment	1	260.1	RU	harmonized_benchmark	0	2476
integrin	0.7	naive_sequence_random	kmer_ridge	GTACTACGCCACAACGAACCCCGGCCTGTACCTTTCCGTA	fam_815467bca46c38e1	1.4876904417942614	predicted_log2_enrichment	1	99.7	RU	harmonized_benchmark	0	2476
integrin	0.7	naive_sequence_random	kmer_ridge	GTTCAAATCCCCGCACATTACGTAACACTCGAACCCTACC	fam_815467bca46c38e1	0.01600943718450054	predicted_log2_enrichment	1	46.9	RU	harmonized_benchmark	0	2476
integrin	0.7	naive_sequence_random	kmer_ridge	TAAGACGCACCATAACTACGCAAGAGTTCTCTCTGCCTGA	fam_815467bca46c38e1	0.337420748532857	predicted_log2_enrichment	0	18.2	RU	harmonized_benchmark	0	2476
integrin	0.7	naive_sequence_random	kmer_ridge	TAGCTCATAACGACCAAAACGACCCAGCAGTTCCTTTCGT	fam_231aaf77d03c2cca	0.1148104169764127	predicted_log2_enrichment	0	21.6	RU	harmonized_benchmark	0	2476
integrin	0.7	naive_sequence_random	kmer_ridge	TCCTACACTGCGCATAATACGTAACTATCGACCTACCTT	fam_815467bca46c38e1	0.43940892323659686	predicted_log2_enrichment	0	8.8	RU	harmonized_benchmark	0	2476
integrin	0.7	naive_sequence_random	kmer_ridge	TCCTTAACTTCAGCGTACATTACGCTACATCTCCCCAGCC	fam_815467bca46c38e1	-0.46746786050782607	predicted_log2_enrichment	1	120.2	RU	harmonized_benchmark	0	2476
integrin	0.7	naive_sequence_random	kmer_ridge	TCGGAAGCGATCCGAACATTACGCAAAACACCTCCCTGCC	fam_815467bca46c38e1	0.17123246231028166	predicted_log2_enrichment	1	75.1	RU	harmonized_benchmark	0	2476
integrin	0.7	naive_sequence_random	kmer_ridge	TCTCCTAGTCCATTTTGGCGCACGCGAATACGGGAGACAC	fam_23cbba95cae66638	1.5237798292398743	predicted_log2_enrichment	1	155.8	RU	harmonized_benchmark	0	2476
integrin	0.7	naive_sequence_random	kmer_ridge	TGCCAAGCCAGGCAGCGTGCATAATCCGAGTAGACATTTT	fam_0e423bb8096220c9	0.9430526738583094	predicted_log2_enrichment	1	65.1	RU	harmonized_benchmark	0	2476
integrin	0.7	naive_sequence_random	kmer_ridge	TGCCATAAGCATACGCAACAAACTCGCCTGCCTTGCTTAG	fam_815467bca46c38e1	-0.6920395536883249	predicted_log2_enrichment	1	55.5	RU	harmonized_benchmark	0	2476
integrin	0.7	naive_sequence_random	kmer_ridge	TTATCACCCCTGCACATTACGCAAAAGTATTATCCCTGCC	fam_815467bca46c38e1	0.2380033178182011	predicted_log2_enrichment	1	57.2	RU	harmonized_benchmark	0	2476
integrin	0.7	naive_sequence_random	frequency	AAACCAGGAGGACGCACATTACGCAAAAAGTATCCCTGCC	fam_815467bca46c38e1	0.0	relative_frequency	1	92.2	RU	harmonized_benchmark	0	2476
integrin	0.7	naive_sequence_random	frequency	AAGGATACGCATCTAGCACCCCTGCCTTCCTTCTAATGTT	fam_3d80303db7ddc456	0.0	relative_frequency	1	109.2	RU	harmonized_benchmark	0	2476
integrin	0.7	naive_sequence_random	frequency	ACAAATATGCAACATGTTACGCCAAAAGTTCCCCGGCCTA	fam_815467bca46c38e1	0.0	relative_frequency	1	62.6	RU	harmonized_benchmark	0	2476
integrin	0.7	naive_sequence_random	frequency	ACACATAACACGCCTTTGGAGCGATACCTCCATCAACGAT	fam_62b642a7df50f264	0.0	relative_frequency	1	239.0	RU	harmonized_benchmark	0	2476
integrin	0.7	naive_sequence_random	frequency	ACCAATAACCGTTCACATTACGCATCAACTCAACCTGCC	fam_815467bca46c38e1	0.0	relative_frequency	0	18.6	RU	harmonized_benchmark	0	2476
integrin	0.7	naive_sequence_random	frequency	ACTATATCCGCCGTACTACGCATCTTTTTCTTCCTGCCTG	fam_815467bca46c38e1	0.0	relative_frequency	1	45.2	RU	harmonized_benchmark	0	2476
integrin	0.7	naive_sequence_random	frequency	AGCAAGTACGCGAAAATCTTCCCCGCCTCTTGTTGGCATC	fam_815467bca46c38e1	0.0	relative_frequency	1	73.9	RU	harmonized_benchmark	0	2476
integrin	0.7	naive_sequence_random	frequency	ATTCCAGAGAGCGACACATTACGCGAAACACTCGCCCGCC	fam_815467bca46c38e1	0.0	relative_frequency	1	45.8	RU	harmonized_benchmark	0	2476
integrin	0.7	naive_sequence_random	frequency	CACCTCTCCCAACAGCGGAACTGTTTCTCGGTCCAAAAGG	fam_dee0f6a6ebfe4b67	0.0	relative_frequency	0	24.8	RU	harmonized_benchmark	0	2476
integrin	0.7	naive_sequence_random	frequency	CTACCAGGTCTTGCACATTACGCGACAACCAAGCCCCGCC	fam_815467bca46c38e1	0.0	relative_frequency	0	21.9	RU	harmonized_benchmark	0	2476
integrin	0.7	naive_sequence_random	frequency	GACATCTACGCAAAAGTGTTCCCCTGCCTGATGTGACAAA	fam_815467bca46c38e1	0.0	relative_frequency	1	83.2	RU	harmonized_benchmark	0	2476
integrin	0.7	naive_sequence_random	frequency	GACTACGCGAAACTTACTCCCCCCGCCTGTCCTTAAACTT	fam_815467bca46c38e1	0.0	relative_frequency	1	95.7	RU	harmonized_benchmark	0	2476
integrin	0.7	naive_sequence_random	frequency	GCTGTGTCTACGTCCGGATTGGGGACCTGCACGGCCCATG	fam_2bcfdb9efca3e03d	0.0	relative_frequency	1	260.1	RU	harmonized_benchmark	0	2476
integrin	0.7	naive_sequence_random	frequency	GTACTACGCCACAACGAACCCCGGCCTGTACCTTTCCGTA	fam_815467bca46c38e1	0.0	relative_frequency	1	99.7	RU	harmonized_benchmark	0	2476
integrin	0.7	naive_sequence_random	frequency	GTTCAAATCCCCGCACATTACGTAACACTCGAACCCTACC	fam_815467bca46c38e1	0.0	relative_frequency	1	46.9	RU	harmonized_benchmark	0	2476
integrin	0.7	naive_sequence_random	frequency	TAAGACGCACCATAACTACGCAAGAGTTCTCTCTGCCTGA	fam_815467bca46c38e1	0.0	relative_frequency	0	18.2	RU	harmonized_benchmark	0	2476
integrin	0.7	naive_sequence_random	frequency	TAGCTCATAACGACCAAAACGACCCAGCAGTTCCTTTCGT	fam_231aaf77d03c2cca	0.0	relative_frequency	0	21.6	RU	harmonized_benchmark	0	2476
integrin	0.7	naive_sequence_random	frequency	TCCTACACTGCGCATAATACGTAACTATCGACCTACCTT	fam_815467bca46c38e1	0.0	relative_frequency	0	8.8	RU	harmonized_benchmark	0	2476
integrin	0.7	naive_sequence_random	frequency	TCCTTAACTTCAGCGTACATTACGCTACATCTCCCCAGCC	fam_815467bca46c38e1	0.0	relative_frequency	1	120.2	RU	harmonized_benchmark	0	2476
integrin	0.7	naive_sequence_random	frequency	TCGGAAGCGATCCGAACATTACGCAAAACACCTCCCTGCC	fam_815467bca46c38e1	0.0	relative_frequency	1	75.1	RU	harmonized_benchmark	0	2476
integrin	0.7	naive_sequence_random	frequency	TCTCCTAGTCCATTTTGGCGCACGCGAATACGGGAGACAC	fam_23cbba95cae66638	0.0	relative_frequency	1	155.8	RU	harmonized_benchmark	0	2476
integrin	0.7	naive_sequence_random	frequency	TGCCAAGCCAGGCAGCGTGCATAATCCGAGTAGACATTTT	fam_0e423bb8096220c9	0.0	relative_frequency	1	65.1	RU	harmonized_benchmark	0	2476
integrin	0.7	naive_sequence_random	frequency	TGCCATAAGCATACGCAACAAACTCGCCTGCCTTGCTTAG	fam_815467bca46c38e1	0.0	relative_frequency	1	55.5	RU	harmonized_benchmark	0	2476
integrin	0.7	naive_sequence_random	frequency	TTATCACCCCTGCACATTACGCAAAAGTATTATCCCTGCC	fam_815467bca46c38e1	0.0	relative_frequency	1	57.2	RU	harmonized_benchmark	0	2476
integrin	0.7	naive_sequence_random	enrichment	AAACCAGGAGGACGCACATTACGCAAAAAGTATCCCTGCC	fam_815467bca46c38e1	0.5960968178325448	log2_enrichment	1	92.2	RU	harmonized_benchmark	0	2476
integrin	0.7	naive_sequence_random	enrichment	AAGGATACGCATCTAGCACCCCTGCCTTCCTTCTAATGTT	fam_3d80303db7ddc456	0.5960968178325448	log2_enrichment	1	109.2	RU	harmonized_benchmark	0	2476
integrin	0.7	naive_sequence_random	enrichment	ACAAATATGCAACATGTTACGCCAAAAGTTCCCCGGCCTA	fam_815467bca46c38e1	0.5960968178325448	log2_enrichment	1	62.6	RU	harmonized_benchmark	0	2476
integrin	0.7	naive_sequence_random	enrichment	ACACATAACACGCCTTTGGAGCGATACCTCCATCAACGAT	fam_62b642a7df50f264	0.5960968178325448	log2_enrichment	1	239.0	RU	harmonized_benchmark	0	2476
integrin	0.7	naive_sequence_random	enrichment	ACCAATAACCGTTCACATTACGCATCAACTCAACCTGCC	fam_815467bca46c38e1	0.5960968178325448	log2_enrichment	0	18.6	RU	harmonized_benchmark	0	2476
integrin	0.7	naive_sequence_random	enrichment	ACTATATCCGCCGTACTACGCATCTTTTTCTTCCTGCCTG	fam_815467bca46c38e1	0.5960968178325448	log2_enrichment	1	45.2	RU	harmonized_benchmark	0	2476
integrin	0.7	naive_sequence_random	enrichment	AGCAAGTACGCGAAAATCTTCCCCGCCTCTTGTTGGCATC	fam_815467bca46c38e1	0.5960968178325448	log2_enrichment	1	73.9	RU	harmonized_benchmark	0	2476
integrin	0.7	naive_sequence_random	enrichment	ATTCCAGAGAGCGACACATTACGCGAAACACTCGCCCGCC	fam_815467bca46c38e1	0.5960968178325448	log2_enrichment	1	45.8	RU	harmonized_benchmark	0	2476
integrin	0.7	naive_sequence_random	enrichment	CACCTCTCCCAACAGCGGAACTGTTTCTCGGTCCAAAAGG	fam_dee0f6a6ebfe4b67	0.5960968178325448	log2_enrichment	0	24.8	RU	harmonized_benchmark	0	2476
integrin	0.7	naive_sequence_random	enrichment	CTACCAGGTCTTGCACATTACGCGACAACCAAGCCCCGCC	fam_815467bca46c38e1	0.5960968178325448	log2_enrichment	0	21.9	RU	harmonized_benchmark	0	2476
integrin	0.7	naive_sequence_random	enrichment	GACATCTACGCAAAAGTGTTCCCCTGCCTGATGTGACAAA	fam_815467bca46c38e1	0.5960968178325448	log2_enrichment	1	83.2	RU	harmonized_benchmark	0	2476
integrin	0.7	naive_sequence_random	enrichment	GACTACGCGAAACTTACTCCCCCCGCCTGTCCTTAAACTT	fam_815467bca46c38e1	0.5960968178325448	log2_enrichment	1	95.7	RU	harmonized_benchmark	0	2476
integrin	0.7	naive_sequence_random	enrichment	GCTGTGTCTACGTCCGGATTGGGGACCTGCACGGCCCATG	fam_2bcfdb9efca3e03d	0.5960968178325448	log2_enrichment	1	260.1	RU	harmonized_benchmark	0	2476
integrin	0.7	naive_sequence_random	enrichment	GTACTACGCCACAACGAACCCCGGCCTGTACCTTTCCGTA	fam_815467bca46c38e1	0.5960968178325448	log2_enrichment	1	99.7	RU	harmonized_benchmark	0	2476
integrin	0.7	naive_sequence_random	enrichment	GTTCAAATCCCCGCACATTACGTAACACTCGAACCCTACC	fam_815467bca46c38e1	0.5960968178325448	log2_enrichment	1	46.9	RU	harmonized_benchmark	0	2476
integrin	0.7	naive_sequence_random	enrichment	TAAGACGCACCATAACTACGCAAGAGTTCTCTCTGCCTGA	fam_815467bca46c38e1	0.5960968178325448	log2_enrichment	0	18.2	RU	harmonized_benchmark	0	2476
integrin	0.7	naive_sequence_random	enrichment	TAGCTCATAACGACCAAAACGACCCAGCAGTTCCTTTCGT	fam_231aaf77d03c2cca	0.5960968178325448	log2_enrichment	0	21.6	RU	harmonized_benchmark	0	2476
integrin	0.7	naive_sequence_random	enrichment	TCCTACACTGCGCATAATACGTAACTATCGACCTACCTT	fam_815467bca46c38e1	0.5960968178325448	log2_enrichment	0	8.8	RU	harmonized_benchmark	0	2476
integrin	0.7	naive_sequence_random	enrichment	TCCTTAACTTCAGCGTACATTACGCTACATCTCCCCAGCC	fam_815467bca46c38e1	0.5960968178325448	log2_enrichment	1	120.2	RU	harmonized_benchmark	0	2476
integrin	0.7	naive_sequence_random	enrichment	TCGGAAGCGATCCGAACATTACGCAAAACACCTCCCTGCC	fam_815467bca46c38e1	0.5960968178325448	log2_enrichment	1	75.1	RU	harmonized_benchmark	0	2476
integrin	0.7	naive_sequence_random	enrichment	TCTCCTAGTCCATTTTGGCGCACGCGAATACGGGAGACAC	fam_23cbba95cae66638	0.5960968178325448	log2_enrichment	1	155.8	RU	harmonized_benchmark	0	2476
integrin	0.7	naive_sequence_random	enrichment	TGCCAAGCCAGGCAGCGTGCATAATCCGAGTAGACATTTT	fam_0e423bb8096220c9	0.5960968178325448	log2_enrichment	1	65.1	RU	harmonized_benchmark	0	2476
integrin	0.7	naive_sequence_random	enrichment	TGCCATAAGCATACGCAACAAACTCGCCTGCCTTGCTTAG	fam_815467bca46c38e1	0.5960968178325448	log2_enrichment	1	55.5	RU	harmonized_benchmark	0	2476
integrin	0.7	naive_sequence_random	enrichment	TTATCACCCCTGCACATTACGCAAAAGTATTATCCCTGCC	fam_815467bca46c38e1	0.5960968178325448	log2_enrichment	1	57.2	RU	harmonized_benchmark	0	2476
integrin	0.7	naive_sequence_random	frequency_observed	AAACCAGGAGGACGCACATTACGCAAAAAGTATCCCTGCC	fam_815467bca46c38e1	0.0008234797297297298	relative_frequency	1	92.2	RU	observational_reference	0	2476
integrin	0.7	naive_sequence_random	frequency_observed	AAGGATACGCATCTAGCACCCCTGCCTTCCTTCTAATGTT	fam_3d80303db7ddc456	0.0027238175675675675	relative_frequency	1	109.2	RU	observational_reference	0	2476
integrin	0.7	naive_sequence_random	frequency_observed	ACAAATATGCAACATGTTACGCCAAAAGTTCCCCGGCCTA	fam_815467bca46c38e1	0.00046452702702702705	relative_frequency	1	62.6	RU	observational_reference	0	2476
integrin	0.7	naive_sequence_random	frequency_observed	ACACATAACACGCCTTTGGAGCGATACCTCCATCAACGAT	fam_62b642a7df50f264	0.003631756756756757	relative_frequency	1	239.0	RU	observational_reference	0	2476
integrin	0.7	naive_sequence_random	frequency_observed	ACCAATAACCGTTCACATTACGCATCAACTCAACCTGCC	fam_815467bca46c38e1	6.33445945945946e-05	relative_frequency	0	18.6	RU	observational_reference	0	2476
integrin	0.7	naive_sequence_random	frequency_observed	ACTATATCCGCCGTACTACGCATCTTTTTCTTCCTGCCTG	fam_815467bca46c38e1	0.0016258445945945947	relative_frequency	1	45.2	RU	observational_reference	0	2476
integrin	0.7	naive_sequence_random	frequency_observed	AGCAAGTACGCGAAAATCTTCCCCGCCTCTTGTTGGCATC	fam_815467bca46c38e1	0.005933277027027027	relative_frequency	1	73.9	RU	observational_reference	0	2476
integrin	0.7	naive_sequence_random	frequency_observed	ATTCCAGAGAGCGACACATTACGCGAAACACTCGCCCGCC	fam_815467bca46c38e1	0.0001266891891891892	relative_frequency	1	45.8	RU	observational_reference	0	2476
integrin	0.7	naive_sequence_random	frequency_observed	CACCTCTCCCAACAGCGGAACTGTTTCTCGGTCCAAAAGG	fam_dee0f6a6ebfe4b67	0.000633445945945946	relative_frequency	0	24.8	RU	observational_reference	0	2476
integrin	0.7	naive_sequence_random	frequency_observed	CTACCAGGTCTTGCACATTACGCGACAACCAAGCCCCGCC	fam_815467bca46c38e1	6.33445945945946e-05	relative_frequency	0	21.9	RU	observational_reference	0	2476
integrin	0.7	naive_sequence_random	frequency_observed	GACATCTACGCAAAAGTGTTCCCCTGCCTGATGTGACAAA	fam_815467bca46c38e1	0.007326858108108108	relative_frequency	1	83.2	RU	observational_reference	0	2476
integrin	0.7	naive_sequence_random	frequency_observed	GACTACGCGAAACTTACTCCCCCCGCCTGTCCTTAAACTT	fam_815467bca46c38e1	0.0006967905405405406	relative_frequency	1	95.7	RU	observational_reference	0	2476
integrin	0.7	naive_sequence_random	frequency_observed	GCTGTGTCTACGTCCGGATTGGGGACCTGCACGGCCCATG	fam_2bcfdb9efca3e03d	0.01002956081081081	relative_frequency	1	260.1	RU	observational_reference	0	2476
integrin	0.7	naive_sequence_random	frequency_observed	GTACTACGCCACAACGAACCCCGGCCTGTACCTTTCCGTA	fam_815467bca46c38e1	0.05076013513513514	relative_frequency	1	99.7	RU	observational_reference	0	2476
integrin	0.7	naive_sequence_random	frequency_observed	GTTCAAATCCCCGCACATTACGTAACACTCGAACCCTACC	fam_815467bca46c38e1	0.0006123310810810811	relative_frequency	1	46.9	RU	observational_reference	0	2476
integrin	0.7	naive_sequence_random	frequency_observed	TAAGACGCACCATAACTACGCAAGAGTTCTCTCTGCCTGA	fam_815467bca46c38e1	0.005996621621621622	relative_frequency	0	18.2	RU	observational_reference	0	2476
integrin	0.7	naive_sequence_random	frequency_observed	TAGCTCATAACGACCAAAACGACCCAGCAGTTCCTTTCGT	fam_231aaf77d03c2cca	0.0010768581081081082	relative_frequency	0	21.6	RU	observational_reference	0	2476
integrin	0.7	naive_sequence_random	frequency_observed	TCCTACACTGCGCATAATACGTAACTATCGACCTACCTT	fam_815467bca46c38e1	0.0019847972972972974	relative_frequency	0	8.8	RU	observational_reference	0	2476
integrin	0.7	naive_sequence_random	frequency_observed	TCCTTAACTTCAGCGTACATTACGCTACATCTCCCCAGCC	fam_815467bca46c38e1	0.0015202702702702704	relative_frequency	1	120.2	RU	observational_reference	0	2476
integrin	0.7	naive_sequence_random	frequency_observed	TCGGAAGCGATCCGAACATTACGCAAAACACCTCCCTGCC	fam_815467bca46c38e1	0.00033783783783783786	relative_frequency	1	75.1	RU	observational_reference	0	2476
integrin	0.7	naive_sequence_random	frequency_observed	TCTCCTAGTCCATTTTGGCGCACGCGAATACGGGAGACAC	fam_23cbba95cae66638	0.04049831081081081	relative_frequency	1	155.8	RU	observational_reference	0	2476
integrin	0.7	naive_sequence_random	frequency_observed	TGCCAAGCCAGGCAGCGTGCATAATCCGAGTAGACATTTT	fam_0e423bb8096220c9	0.006503378378378379	relative_frequency	1	65.1	RU	observational_reference	0	2476
integrin	0.7	naive_sequence_random	frequency_observed	TGCCATAAGCATACGCAACAAACTCGCCTGCCTTGCTTAG	fam_815467bca46c38e1	0.00021114864864864866	relative_frequency	1	55.5	RU	observational_reference	0	2476
integrin	0.7	naive_sequence_random	frequency_observed	TTATCACCCCTGCACATTACGCAAAAGTATTATCCCTGCC	fam_815467bca46c38e1	0.0018581081081081082	relative_frequency	1	57.2	RU	observational_reference	0	2476
integrin	0.7	naive_sequence_random	enrichment_observed	AAACCAGGAGGACGCACATTACGCAAAAAGTATCCCTGCC	fam_815467bca46c38e1	-0.7796025334957986	log2_enrichment	1	92.2	RU	observational_reference	0	2476
integrin	0.7	naive_sequence_random	enrichment_observed	AAGGATACGCATCTAGCACCCCTGCCTTCCTTCTAATGTT	fam_3d80303db7ddc456	-0.2727912678202969	log2_enrichment	1	109.2	RU	observational_reference	0	2476
integrin	0.7	naive_sequence_random	enrichment_observed	ACAAATATGCAACATGTTACGCCAAAAGTTCCCCGGCCTA	fam_815467bca46c38e1	-0.020574542615949973	log2_enrichment	1	62.6	RU	observational_reference	0	2476
integrin	0.7	naive_sequence_random	enrichment_observed	ACACATAACACGCCTTTGGAGCGATACCTCCATCAACGAT	fam_62b642a7df50f264	-0.32880172692673687	log2_enrichment	1	239.0	RU	observational_reference	0	2476
integrin	0.7	naive_sequence_random	enrichment_observed	ACCAATAACCGTTCACATTACGCATCAACTCAACCTGCC	fam_815467bca46c38e1	-1.1201102161668643	log2_enrichment	0	18.6	RU	observational_reference	0	2476
integrin	0.7	naive_sequence_random	enrichment_observed	ACTATATCCGCCGTACTACGCATCTTTTTCTTCCTGCCTG	fam_815467bca46c38e1	-0.8316823503378818	log2_enrichment	1	45.2	RU	observational_reference	0	2476
integrin	0.7	naive_sequence_random	enrichment_observed	AGCAAGTACGCGAAAATCTTCCCCGCCTCTTGTTGGCATC	fam_815467bca46c38e1	-0.006692679860486207	log2_enrichment	1	73.9	RU	observational_reference	0	2476
integrin	0.7	naive_sequence_random	enrichment_observed	ATTCCAGAGAGCGACACATTACGCGAAACACTCGCCCGCC	fam_815467bca46c38e1	-2.843014816425157	log2_enrichment	1	45.8	RU	observational_reference	0	2476
integrin	0.7	naive_sequence_random	enrichment_observed	CACCTCTCCCAACAGCGGAACTGTTTCTCGGTCCAAAAGG	fam_dee0f6a6ebfe4b67	-0.5499814416554002	log2_enrichment	0	24.8	RU	observational_reference	0	2476
integrin	0.7	naive_sequence_random	enrichment_observed	CTACCAGGTCTTGCACATTACGCGACAACCAAGCCCCGCC	fam_815467bca46c38e1	-1.640942379468305	log2_enrichment	0	21.9	RU	observational_reference	0	2476
integrin	0.7	naive_sequence_random	enrichment_observed	GACATCTACGCAAAAGTGTTCCCCTGCCTGATGTGACAAA	fam_815467bca46c38e1	0.33479330007786656	log2_enrichment	1	83.2	RU	observational_reference	0	2476
integrin	0.7	naive_sequence_random	enrichment_observed	GACTACGCGAAACTTACTCCCCCCGCCTGTCCTTAAACTT	fam_815467bca46c38e1	0.15439136809162052	log2_enrichment	1	95.7	RU	observational_reference	0	2476
integrin	0.7	naive_sequence_random	enrichment_observed	GCTGTGTCTACGTCCGGATTGGGGACCTGCACGGCCCATG	fam_2bcfdb9efca3e03d	1.5381136337261359	log2_enrichment	1	260.1	RU	observational_reference	0	2476
integrin	0.7	naive_sequence_random	enrichment_observed	GTACTACGCCACAACGAACCCCGGCCTGTACCTTTCCGTA	fam_815467bca46c38e1	0.7966061212705425	log2_enrichment	1	99.7	RU	observational_reference	0	2476
integrin	0.7	naive_sequence_random	enrichment_observed	GTTCAAATCCCCGCACATTACGTAACACTCGAACCCTACC	fam_815467bca46c38e1	-1.2147470903049398	log2_enrichment	1	46.9	RU	observational_reference	0	2476
integrin	0.7	naive_sequence_random	enrichment_observed	TAAGACGCACCATAACTACGCAAGAGTTCTCTCTGCCTGA	fam_815467bca46c38e1	-0.3244208744050813	log2_enrichment	0	18.2	RU	observational_reference	0	2476
integrin	0.7	naive_sequence_random	enrichment_observed	TAGCTCATAACGACCAAAACGACCCAGCAGTTCCTTTCGT	fam_231aaf77d03c2cca	-1.6510933099364709	log2_enrichment	0	21.6	RU	observational_reference	0	2476
integrin	0.7	naive_sequence_random	enrichment_observed	TCCTACACTGCGCATAATACGTAACTATCGACCTACCTT	fam_815467bca46c38e1	-0.016586440447061795	log2_enrichment	0	8.8	RU	observational_reference	0	2476
integrin	0.7	naive_sequence_random	enrichment_observed	TCCTTAACTTCAGCGTACATTACGCTACATCTCCCCAGCC	fam_815467bca46c38e1	-0.3584204123734473	log2_enrichment	1	120.2	RU	observational_reference	0	2476
integrin	0.7	naive_sequence_random	enrichment_observed	TCGGAAGCGATCCGAACATTACGCAAAACACCTCCCTGCC	fam_815467bca46c38e1	-1.436324659859833	log2_enrichment	1	75.1	RU	observational_reference	0	2476
integrin	0.7	naive_sequence_random	enrichment_observed	TCTCCTAGTCCATTTTGGCGCACGCGAATACGGGAGACAC	fam_23cbba95cae66638	1.1004469887211599	log2_enrichment	1	155.8	RU	observational_reference	0	2476
integrin	0.7	naive_sequence_random	enrichment_observed	TGCCAAGCCAGGCAGCGTGCATAATCCGAGTAGACATTTT	fam_0e423bb8096220c9	-0.25501438035999724	log2_enrichment	1	65.1	RU	observational_reference	0	2476
integrin	0.7	naive_sequence_random	enrichment_observed	TGCCATAAGCATACGCAACAAACTCGCCTGCCTTGCTTAG	fam_815467bca46c38e1	-1.35143576227332	log2_enrichment	1	55.5	RU	observational_reference	0	2476
integrin	0.7	naive_sequence_random	enrichment_observed	TTATCACCCCTGCACATTACGCAAAAGTATTATCCCTGCC	fam_815467bca46c38e1	-0.8991936374217189	log2_enrichment	1	57.2	RU	observational_reference	0	2476
integrin	0.7	naive_sequence_random	kmer_logistic	AAACCAGGAGGACGCACATTACGCAAAAAGTATCCCTGCC	fam_815467bca46c38e1	1.350388036989489	decision_function	1	92.2	RU	harmonized_benchmark	24	2476
integrin	0.7	naive_sequence_random	kmer_logistic	AAGGATACGCATCTAGCACCCCTGCCTTCCTTCTAATGTT	fam_3d80303db7ddc456	0.06155273217513524	decision_function	1	109.2	RU	harmonized_benchmark	24	2476
integrin	0.7	naive_sequence_random	kmer_logistic	ACAAATATGCAACATGTTACGCCAAAAGTTCCCCGGCCTA	fam_815467bca46c38e1	2.1437184288325546	decision_function	1	62.6	RU	harmonized_benchmark	24	2476
integrin	0.7	naive_sequence_random	kmer_logistic	ACACATAACACGCCTTTGGAGCGATACCTCCATCAACGAT	fam_62b642a7df50f264	1.4551418976101518	decision_function	1	239.0	RU	harmonized_benchmark	24	2476
integrin	0.7	naive_sequence_random	kmer_logistic	ACCAATAACCGTTCACATTACGCATCAACTCAACCTGCC	fam_815467bca46c38e1	1.2313521980902205	decision_function	0	18.6	RU	harmonized_benchmark	24	2476
integrin	0.7	naive_sequence_random	kmer_logistic	ACTATATCCGCCGTACTACGCATCTTTTTCTTCCTGCCTG	fam_815467bca46c38e1	-1.296937448214882	decision_function	1	45.2	RU	harmonized_benchmark	24	2476
integrin	0.7	naive_sequence_random	kmer_logistic	AGCAAGTACGCGAAAATCTTCCCCGCCTCTTGTTGGCATC	fam_815467bca46c38e1	1.1645294957639498	decision_function	1	73.9	RU	harmonized_benchmark	24	2476
integrin	0.7	naive_sequence_random	kmer_logistic	ATTCCAGAGAGCGACACATTACGCGAAACACTCGCCCGCC	fam_815467bca46c38e1	2.6672477304226527	decision_function	1	45.8	RU	harmonized_benchmark	24	2476
integrin	0.7	naive_sequence_random	kmer_logistic	CACCTCTCCCAACAGCGGAACTGTTTCTCGGTCCAAAAGG	fam_dee0f6a6ebfe4b67	0.8397259454010345	decision_function	0	24.8	RU	harmonized_benchmark	24	2476
integrin	0.7	naive_sequence_random	kmer_logistic	CTACCAGGTCTTGCACATTACGCGACAACCAAGCCCCGCC	fam_815467bca46c38e1	2.4852137157703504	decision_function	0	21.9	RU	harmonized_benchmark	24	2476
integrin	0.7	naive_sequence_random	kmer_logistic	GACATCTACGCAAAAGTGTTCCCCTGCCTGATGTGACAAA	fam_815467bca46c38e1	1.0174803682100877	decision_function	1	83.2	RU	harmonized_benchmark	24	2476
integrin	0.7	naive_sequence_random	kmer_logistic	GACTACGCGAAACTTACTCCCCCCGCCTGTCCTTAAACTT	fam_815467bca46c38e1	0.93124287498184	decision_function	1	95.7	RU	harmonized_benchmark	24	2476
integrin	0.7	naive_sequence_random	kmer_logistic	GCTGTGTCTACGTCCGGATTGGGGACCTGCACGGCCCATG	fam_2bcfdb9efca3e03d	3.1178293774044414	decision_function	1	260.1	RU	harmonized_benchmark	24	2476
integrin	0.7	naive_sequence_random	kmer_logistic	GTACTACGCCACAACGAACCCCGGCCTGTACCTTTCCGTA	fam_815467bca46c38e1	1.5187015918832893	decision_function	1	99.7	RU	harmonized_benchmark	24	2476
integrin	0.7	naive_sequence_random	kmer_logistic	GTTCAAATCCCCGCACATTACGTAACACTCGAACCCTACC	fam_815467bca46c38e1	1.2096695959166754	decision_function	1	46.9	RU	harmonized_benchmark	24	2476
integrin	0.7	naive_sequence_random	kmer_logistic	TAAGACGCACCATAACTACGCAAGAGTTCTCTCTGCCTGA	fam_815467bca46c38e1	-0.7297382005702684	decision_function	0	18.2	RU	harmonized_benchmark	24	2476
integrin	0.7	naive_sequence_random	kmer_logistic	TAGCTCATAACGACCAAAACGACCCAGCAGTTCCTTTCGT	fam_231aaf77d03c2cca	1.6203952138548823	decision_function	0	21.6	RU	harmonized_benchmark	24	2476
integrin	0.7	naive_sequence_random	kmer_logistic	TCCTACACTGCGCATAATACGTAACTATCGACCTACCTT	fam_815467bca46c38e1	-2.230030375815124	decision_function	0	8.8	RU	harmonized_benchmark	24	2476
integrin	0.7	naive_sequence_random	kmer_logistic	TCCTTAACTTCAGCGTACATTACGCTACATCTCCCCAGCC	fam_815467bca46c38e1	1.17377177596504	decision_function	1	120.2	RU	harmonized_benchmark	24	2476
integrin	0.7	naive_sequence_random	kmer_logistic	TCGGAAGCGATCCGAACATTACGCAAAACACCTCCCTGCC	fam_815467bca46c38e1	2.2754060869416186	decision_function	1	75.1	RU	harmonized_benchmark	24	2476
integrin	0.7	naive_sequence_random	kmer_logistic	TCTCCTAGTCCATTTTGGCGCACGCGAATACGGGAGACAC	fam_23cbba95cae66638	2.456675122911096	decision_function	1	155.8	RU	harmonized_benchmark	24	2476
integrin	0.7	naive_sequence_random	kmer_logistic	TGCCAAGCCAGGCAGCGTGCATAATCCGAGTAGACATTTT	fam_0e423bb8096220c9	1.5285541241298046	decision_function	1	65.1	RU	harmonized_benchmark	24	2476
integrin	0.7	naive_sequence_random	kmer_logistic	TGCCATAAGCATACGCAACAAACTCGCCTGCCTTGCTTAG	fam_815467bca46c38e1	0.5734700314355625	decision_function	1	55.5	RU	harmonized_benchmark	24	2476
integrin	0.7	naive_sequence_random	kmer_logistic	TTATCACCCCTGCACATTACGCAAAAGTATTATCCCTGCC	fam_815467bca46c38e1	1.6199351466813776	decision_function	1	57.2	RU	harmonized_benchmark	24	2476
integrin	0.8	family	kmer_ridge	ACACATAACACGCCTTTGGAGCGATACCTCCATCAACGAT	fam_61512e2b450fa5b1	-0.3607803427615751	predicted_log2_enrichment	1	239.0	RU	harmonized_benchmark	0	2202
integrin	0.8	family	kmer_ridge	ACCAATAACCGTTCACATTACGCATCAACTCAACCTGCC	fam_47cd004639a6a0a6	-0.7133794597995474	predicted_log2_enrichment	0	18.6	RU	harmonized_benchmark	0	2202
integrin	0.8	family	kmer_ridge	AGCAAGTACGCGAAAATCTTCCCCGCCTCTTGTTGGCATC	fam_8c727c7983ffd45c	0.5572401178692751	predicted_log2_enrichment	1	73.9	RU	harmonized_benchmark	0	2202
integrin	0.8	family	kmer_ridge	AGCGACTAAACGCAGAGAAATCGTCTCCCTGAGGTTCCGA	fam_db79d6a9db13e668	-0.008126110178682588	predicted_log2_enrichment	0	5.0	RU	harmonized_benchmark	0	2202
integrin	0.8	family	kmer_ridge	ATTGTGACCCGATTTGTCACTCTTTCTATGTACGCGGAAT	fam_0b751e18ea4dfdcd	1.7352345376044003	predicted_log2_enrichment	0	-0.1	RU	harmonized_benchmark	0	2202
integrin	0.8	family	kmer_ridge	CACCTCTCCCAACAGCGGAACTGTTTCTCGGTCCAAAAGG	fam_dee0f6a6ebfe4b67	0.592423155520182	predicted_log2_enrichment	0	24.8	RU	harmonized_benchmark	0	2202
integrin	0.8	family	kmer_ridge	CACTACGCAAACTCCTTCTGCCTGTGCTTGAAAAACGCAT	fam_027d18c491f4d376	0.3392000934565693	predicted_log2_enrichment	0	24.1	RU	harmonized_benchmark	0	2202
integrin	0.8	family	kmer_ridge	CTGGATTACGCGAAAAAACTCCTCGCCTATCGCAGCAATG	fam_c6686a55890956db	0.7142050917964444	predicted_log2_enrichment	1	40.6	RU	harmonized_benchmark	0	2202
integrin	0.8	family	kmer_ridge	GACATCTACGCAAAAGTGTTCCCCTGCCTGATGTGACAAA	fam_97a2b00244aed5ec	-0.10146158963868834	predicted_log2_enrichment	1	83.2	RU	harmonized_benchmark	0	2202
integrin	0.8	family	kmer_ridge	GACTACCATCGAACGTACATTACGCTACTCTCTACCAGC	fam_fa109b5b45bc5b3f	-0.34583734641097663	predicted_log2_enrichment	0	-4.2	RU	harmonized_benchmark	0	2202
integrin	0.8	family	kmer_ridge	GTGCACGGCAATACGCATGACGTTCACCCTGCCTTTGCCT	fam_598a4d098b675f9b	0.1450464778722922	predicted_log2_enrichment	1	51.1	RU	harmonized_benchmark	0	2202
integrin	0.8	family	kmer_ridge	TAAGACGCACCATAACTACGCAAGAGTTCTCTCTGCCTGA	fam_79641d07ed6733c2	-0.268752854084059	predicted_log2_enrichment	0	18.2	RU	harmonized_benchmark	0	2202
integrin	0.8	family	kmer_ridge	TACGACTACTTCGGCACATTACGCGACGATCGAACCCGCC	fam_0193e9f167906fe5	0.1665678116490119	predicted_log2_enrichment	1	47.0	RU	harmonized_benchmark	0	2202
integrin	0.8	family	kmer_ridge	TAGCTCATAACGACCAAAACGACCCAGCAGTTCCTTTCGT	fam_231aaf77d03c2cca	0.16032570479918873	predicted_log2_enrichment	0	21.6	RU	harmonized_benchmark	0	2202
integrin	0.8	family	kmer_ridge	TAGCTCCGCGCGCACGTTACGCGAAAACGTTCTGCCCGCC	fam_2ec06c8b2f1ea9ce	0.3872457986539489	predicted_log2_enrichment	1	153.0	RU	harmonized_benchmark	0	2202
integrin	0.8	family	kmer_ridge	TCAATCCTGCACGTACTACGCGAAAACTGTCCCCCGCCTG	fam_0e6349d012a5fc7b	0.8222623713305306	predicted_log2_enrichment	1	102.9	RU	harmonized_benchmark	0	2202
integrin	0.8	family	kmer_ridge	TCCTAAGATGCGTTAACATTACGTAAGAATCTACCTACC	fam_c30a5a5b86d1bf8a	-0.1640005150586401	predicted_log2_enrichment	0	3.5	RU	harmonized_benchmark	0	2202
integrin	0.8	family	kmer_ridge	TCCTACACTGCGCATAATACGTAACTATCGACCTACCTT	fam_1e377a2fb7a747db	0.06457573371604342	predicted_log2_enrichment	0	8.8	RU	harmonized_benchmark	0	2202
integrin	0.8	family	kmer_ridge	TCTAGACACTACGCGAAAAGAACCCACGCCTGTGTCTACG	fam_73d2f5ca32636fdf	1.088283254798586	predicted_log2_enrichment	1	65.4	RU	harmonized_benchmark	0	2202
integrin	0.8	family	kmer_ridge	TCTCCTAGTCCATTTTGGCGCACGCGAATACGGGAGACAC	fam_f976924dfb78017b	0.9014971391970886	predicted_log2_enrichment	1	155.8	RU	harmonized_benchmark	0	2202
integrin	0.8	family	kmer_ridge	TGGAACTACGCGACAAACTTCCCGCCTGTTCCACCTTATG	fam_6669cb644adf66d1	0.5480041026454474	predicted_log2_enrichment	1	100.3	RU	harmonized_benchmark	0	2202
integrin	0.8	family	kmer_ridge	TTCCGGCCTACGCAACTTTTTATCCCCTGCCTGGCCGTAAT	fam_270fe5788fb0790c	0.7240100174825301	predicted_log2_enrichment	1	35.8	RU	harmonized_benchmark	0	2202
integrin	0.8	family	kmer_ridge	TTCCTGCCAATTGAGCACATTACGCAAAAAAATTCCCTGCC	fam_4279a9b8df6a0cd8	0.04054239005176874	predicted_log2_enrichment	1	29.5	RU	harmonized_benchmark	0	2202
integrin	0.8	family	kmer_ridge	TTGCATTCCTGCGCCACATTACGCGAAACGATCCCCGCC	fam_6588c23d0ddc2beb	0.1673174093177141	predicted_log2_enrichment	1	90.8	RU	harmonized_benchmark	0	2202
integrin	0.8	family	kmer_ridge	TTTCCTAGTCCATTTTGGCGCACGCGAATACGGGAGACAC	fam_f976924dfb78017b	1.1226063705100557	predicted_log2_enrichment	1	113.6	RU	harmonized_benchmark	0	2202
integrin	0.8	family	frequency	ACACATAACACGCCTTTGGAGCGATACCTCCATCAACGAT	fam_61512e2b450fa5b1	0.0	relative_frequency	1	239.0	RU	harmonized_benchmark	0	2202
integrin	0.8	family	frequency	ACCAATAACCGTTCACATTACGCATCAACTCAACCTGCC	fam_47cd004639a6a0a6	0.0	relative_frequency	0	18.6	RU	harmonized_benchmark	0	2202
integrin	0.8	family	frequency	AGCAAGTACGCGAAAATCTTCCCCGCCTCTTGTTGGCATC	fam_8c727c7983ffd45c	0.0	relative_frequency	1	73.9	RU	harmonized_benchmark	0	2202
integrin	0.8	family	frequency	AGCGACTAAACGCAGAGAAATCGTCTCCCTGAGGTTCCGA	fam_db79d6a9db13e668	0.0	relative_frequency	0	5.0	RU	harmonized_benchmark	0	2202
integrin	0.8	family	frequency	ATTGTGACCCGATTTGTCACTCTTTCTATGTACGCGGAAT	fam_0b751e18ea4dfdcd	0.0	relative_frequency	0	-0.1	RU	harmonized_benchmark	0	2202
integrin	0.8	family	frequency	CACCTCTCCCAACAGCGGAACTGTTTCTCGGTCCAAAAGG	fam_dee0f6a6ebfe4b67	0.0	relative_frequency	0	24.8	RU	harmonized_benchmark	0	2202
integrin	0.8	family	frequency	CACTACGCAAACTCCTTCTGCCTGTGCTTGAAAAACGCAT	fam_027d18c491f4d376	0.0	relative_frequency	0	24.1	RU	harmonized_benchmark	0	2202
integrin	0.8	family	frequency	CTGGATTACGCGAAAAAACTCCTCGCCTATCGCAGCAATG	fam_c6686a55890956db	0.0	relative_frequency	1	40.6	RU	harmonized_benchmark	0	2202
integrin	0.8	family	frequency	GACATCTACGCAAAAGTGTTCCCCTGCCTGATGTGACAAA	fam_97a2b00244aed5ec	0.0	relative_frequency	1	83.2	RU	harmonized_benchmark	0	2202
integrin	0.8	family	frequency	GACTACCATCGAACGTACATTACGCTACTCTCTACCAGC	fam_fa109b5b45bc5b3f	0.0	relative_frequency	0	-4.2	RU	harmonized_benchmark	0	2202
integrin	0.8	family	frequency	GTGCACGGCAATACGCATGACGTTCACCCTGCCTTTGCCT	fam_598a4d098b675f9b	0.0	relative_frequency	1	51.1	RU	harmonized_benchmark	0	2202
integrin	0.8	family	frequency	TAAGACGCACCATAACTACGCAAGAGTTCTCTCTGCCTGA	fam_79641d07ed6733c2	0.0	relative_frequency	0	18.2	RU	harmonized_benchmark	0	2202
integrin	0.8	family	frequency	TACGACTACTTCGGCACATTACGCGACGATCGAACCCGCC	fam_0193e9f167906fe5	0.0	relative_frequency	1	47.0	RU	harmonized_benchmark	0	2202
integrin	0.8	family	frequency	TAGCTCATAACGACCAAAACGACCCAGCAGTTCCTTTCGT	fam_231aaf77d03c2cca	0.0	relative_frequency	0	21.6	RU	harmonized_benchmark	0	2202
integrin	0.8	family	frequency	TAGCTCCGCGCGCACGTTACGCGAAAACGTTCTGCCCGCC	fam_2ec06c8b2f1ea9ce	0.0	relative_frequency	1	153.0	RU	harmonized_benchmark	0	2202
integrin	0.8	family	frequency	TCAATCCTGCACGTACTACGCGAAAACTGTCCCCCGCCTG	fam_0e6349d012a5fc7b	0.0	relative_frequency	1	102.9	RU	harmonized_benchmark	0	2202
integrin	0.8	family	frequency	TCCTAAGATGCGTTAACATTACGTAAGAATCTACCTACC	fam_c30a5a5b86d1bf8a	0.0	relative_frequency	0	3.5	RU	harmonized_benchmark	0	2202
integrin	0.8	family	frequency	TCCTACACTGCGCATAATACGTAACTATCGACCTACCTT	fam_1e377a2fb7a747db	0.0	relative_frequency	0	8.8	RU	harmonized_benchmark	0	2202
integrin	0.8	family	frequency	TCTAGACACTACGCGAAAAGAACCCACGCCTGTGTCTACG	fam_73d2f5ca32636fdf	0.0	relative_frequency	1	65.4	RU	harmonized_benchmark	0	2202
integrin	0.8	family	frequency	TCTCCTAGTCCATTTTGGCGCACGCGAATACGGGAGACAC	fam_f976924dfb78017b	0.0	relative_frequency	1	155.8	RU	harmonized_benchmark	0	2202
integrin	0.8	family	frequency	TGGAACTACGCGACAAACTTCCCGCCTGTTCCACCTTATG	fam_6669cb644adf66d1	0.0	relative_frequency	1	100.3	RU	harmonized_benchmark	0	2202
integrin	0.8	family	frequency	TTCCGGCCTACGCAACTTTTTATCCCCTGCCTGGCCGTAAT	fam_270fe5788fb0790c	0.0	relative_frequency	1	35.8	RU	harmonized_benchmark	0	2202
integrin	0.8	family	frequency	TTCCTGCCAATTGAGCACATTACGCAAAAAAATTCCCTGCC	fam_4279a9b8df6a0cd8	0.0	relative_frequency	1	29.5	RU	harmonized_benchmark	0	2202
integrin	0.8	family	frequency	TTGCATTCCTGCGCCACATTACGCGAAACGATCCCCGCC	fam_6588c23d0ddc2beb	0.0	relative_frequency	1	90.8	RU	harmonized_benchmark	0	2202
integrin	0.8	family	frequency	TTTCCTAGTCCATTTTGGCGCACGCGAATACGGGAGACAC	fam_f976924dfb78017b	0.0	relative_frequency	1	113.6	RU	harmonized_benchmark	0	2202
integrin	0.8	family	enrichment	ACACATAACACGCCTTTGGAGCGATACCTCCATCAACGAT	fam_61512e2b450fa5b1	0.5960968178325448	log2_enrichment	1	239.0	RU	harmonized_benchmark	0	2202
integrin	0.8	family	enrichment	ACCAATAACCGTTCACATTACGCATCAACTCAACCTGCC	fam_47cd004639a6a0a6	0.5960968178325448	log2_enrichment	0	18.6	RU	harmonized_benchmark	0	2202
integrin	0.8	family	enrichment	AGCAAGTACGCGAAAATCTTCCCCGCCTCTTGTTGGCATC	fam_8c727c7983ffd45c	0.5960968178325448	log2_enrichment	1	73.9	RU	harmonized_benchmark	0	2202
integrin	0.8	family	enrichment	AGCGACTAAACGCAGAGAAATCGTCTCCCTGAGGTTCCGA	fam_db79d6a9db13e668	0.5960968178325448	log2_enrichment	0	5.0	RU	harmonized_benchmark	0	2202
integrin	0.8	family	enrichment	ATTGTGACCCGATTTGTCACTCTTTCTATGTACGCGGAAT	fam_0b751e18ea4dfdcd	0.5960968178325448	log2_enrichment	0	-0.1	RU	harmonized_benchmark	0	2202
integrin	0.8	family	enrichment	CACCTCTCCCAACAGCGGAACTGTTTCTCGGTCCAAAAGG	fam_dee0f6a6ebfe4b67	0.5960968178325448	log2_enrichment	0	24.8	RU	harmonized_benchmark	0	2202
integrin	0.8	family	enrichment	CACTACGCAAACTCCTTCTGCCTGTGCTTGAAAAACGCAT	fam_027d18c491f4d376	0.5960968178325448	log2_enrichment	0	24.1	RU	harmonized_benchmark	0	2202
integrin	0.8	family	enrichment	CTGGATTACGCGAAAAAACTCCTCGCCTATCGCAGCAATG	fam_c6686a55890956db	0.5960968178325448	log2_enrichment	1	40.6	RU	harmonized_benchmark	0	2202
integrin	0.8	family	enrichment	GACATCTACGCAAAAGTGTTCCCCTGCCTGATGTGACAAA	fam_97a2b00244aed5ec	0.5960968178325448	log2_enrichment	1	83.2	RU	harmonized_benchmark	0	2202
integrin	0.8	family	enrichment	GACTACCATCGAACGTACATTACGCTACTCTCTACCAGC	fam_fa109b5b45bc5b3f	0.5960968178325448	log2_enrichment	0	-4.2	RU	harmonized_benchmark	0	2202
integrin	0.8	family	enrichment	GTGCACGGCAATACGCATGACGTTCACCCTGCCTTTGCCT	fam_598a4d098b675f9b	0.5960968178325448	log2_enrichment	1	51.1	RU	harmonized_benchmark	0	2202
integrin	0.8	family	enrichment	TAAGACGCACCATAACTACGCAAGAGTTCTCTCTGCCTGA	fam_79641d07ed6733c2	0.5960968178325448	log2_enrichment	0	18.2	RU	harmonized_benchmark	0	2202
integrin	0.8	family	enrichment	TACGACTACTTCGGCACATTACGCGACGATCGAACCCGCC	fam_0193e9f167906fe5	0.5960968178325448	log2_enrichment	1	47.0	RU	harmonized_benchmark	0	2202
integrin	0.8	family	enrichment	TAGCTCATAACGACCAAAACGACCCAGCAGTTCCTTTCGT	fam_231aaf77d03c2cca	0.5960968178325448	log2_enrichment	0	21.6	RU	harmonized_benchmark	0	2202
integrin	0.8	family	enrichment	TAGCTCCGCGCGCACGTTACGCGAAAACGTTCTGCCCGCC	fam_2ec06c8b2f1ea9ce	0.5960968178325448	log2_enrichment	1	153.0	RU	harmonized_benchmark	0	2202
integrin	0.8	family	enrichment	TCAATCCTGCACGTACTACGCGAAAACTGTCCCCCGCCTG	fam_0e6349d012a5fc7b	0.5960968178325448	log2_enrichment	1	102.9	RU	harmonized_benchmark	0	2202
integrin	0.8	family	enrichment	TCCTAAGATGCGTTAACATTACGTAAGAATCTACCTACC	fam_c30a5a5b86d1bf8a	0.5960968178325448	log2_enrichment	0	3.5	RU	harmonized_benchmark	0	2202
integrin	0.8	family	enrichment	TCCTACACTGCGCATAATACGTAACTATCGACCTACCTT	fam_1e377a2fb7a747db	0.5960968178325448	log2_enrichment	0	8.8	RU	harmonized_benchmark	0	2202
integrin	0.8	family	enrichment	TCTAGACACTACGCGAAAAGAACCCACGCCTGTGTCTACG	fam_73d2f5ca32636fdf	0.5960968178325448	log2_enrichment	1	65.4	RU	harmonized_benchmark	0	2202
integrin	0.8	family	enrichment	TCTCCTAGTCCATTTTGGCGCACGCGAATACGGGAGACAC	fam_f976924dfb78017b	0.5960968178325448	log2_enrichment	1	155.8	RU	harmonized_benchmark	0	2202
integrin	0.8	family	enrichment	TGGAACTACGCGACAAACTTCCCGCCTGTTCCACCTTATG	fam_6669cb644adf66d1	0.5960968178325448	log2_enrichment	1	100.3	RU	harmonized_benchmark	0	2202
integrin	0.8	family	enrichment	TTCCGGCCTACGCAACTTTTTATCCCCTGCCTGGCCGTAAT	fam_270fe5788fb0790c	0.5960968178325448	log2_enrichment	1	35.8	RU	harmonized_benchmark	0	2202
integrin	0.8	family	enrichment	TTCCTGCCAATTGAGCACATTACGCAAAAAAATTCCCTGCC	fam_4279a9b8df6a0cd8	0.5960968178325448	log2_enrichment	1	29.5	RU	harmonized_benchmark	0	2202
integrin	0.8	family	enrichment	TTGCATTCCTGCGCCACATTACGCGAAACGATCCCCGCC	fam_6588c23d0ddc2beb	0.5960968178325448	log2_enrichment	1	90.8	RU	harmonized_benchmark	0	2202
integrin	0.8	family	enrichment	TTTCCTAGTCCATTTTGGCGCACGCGAATACGGGAGACAC	fam_f976924dfb78017b	0.5960968178325448	log2_enrichment	1	113.6	RU	harmonized_benchmark	0	2202
integrin	0.8	family	frequency_observed	ACACATAACACGCCTTTGGAGCGATACCTCCATCAACGAT	fam_61512e2b450fa5b1	0.003631756756756757	relative_frequency	1	239.0	RU	observational_reference	0	2202
integrin	0.8	family	frequency_observed	ACCAATAACCGTTCACATTACGCATCAACTCAACCTGCC	fam_47cd004639a6a0a6	6.33445945945946e-05	relative_frequency	0	18.6	RU	observational_reference	0	2202
integrin	0.8	family	frequency_observed	AGCAAGTACGCGAAAATCTTCCCCGCCTCTTGTTGGCATC	fam_8c727c7983ffd45c	0.005933277027027027	relative_frequency	1	73.9	RU	observational_reference	0	2202
integrin	0.8	family	frequency_observed	AGCGACTAAACGCAGAGAAATCGTCTCCCTGAGGTTCCGA	fam_db79d6a9db13e668	0.0015202702702702704	relative_frequency	0	5.0	RU	observational_reference	0	2202
integrin	0.8	family	frequency_observed	ATTGTGACCCGATTTGTCACTCTTTCTATGTACGCGGAAT	fam_0b751e18ea4dfdcd	0.000316722972972973	relative_frequency	0	-0.1	RU	observational_reference	0	2202
integrin	0.8	family	frequency_observed	CACCTCTCCCAACAGCGGAACTGTTTCTCGGTCCAAAAGG	fam_dee0f6a6ebfe4b67	0.000633445945945946	relative_frequency	0	24.8	RU	observational_reference	0	2202
integrin	0.8	family	frequency_observed	CACTACGCAAACTCCTTCTGCCTGTGCTTGAAAAACGCAT	fam_027d18c491f4d376	8.445945945945946e-05	relative_frequency	0	24.1	RU	observational_reference	0	2202
integrin	0.8	family	frequency_observed	CTGGATTACGCGAAAAAACTCCTCGCCTATCGCAGCAATG	fam_c6686a55890956db	0.001245777027027027	relative_frequency	1	40.6	RU	observational_reference	0	2202
integrin	0.8	family	frequency_observed	GACATCTACGCAAAAGTGTTCCCCTGCCTGATGTGACAAA	fam_97a2b00244aed5ec	0.007326858108108108	relative_frequency	1	83.2	RU	observational_reference	0	2202
integrin	0.8	family	frequency_observed	GACTACCATCGAACGTACATTACGCTACTCTCTACCAGC	fam_fa109b5b45bc5b3f	4.222972972972973e-05	relative_frequency	0	-4.2	RU	observational_reference	0	2202
integrin	0.8	family	frequency_observed	GTGCACGGCAATACGCATGACGTTCACCCTGCCTTTGCCT	fam_598a4d098b675f9b	0.00027449324324324326	relative_frequency	1	51.1	RU	observational_reference	0	2202
integrin	0.8	family	frequency_observed	TAAGACGCACCATAACTACGCAAGAGTTCTCTCTGCCTGA	fam_79641d07ed6733c2	0.005996621621621622	relative_frequency	0	18.2	RU	observational_reference	0	2202
integrin	0.8	family	frequency_observed	TACGACTACTTCGGCACATTACGCGACGATCGAACCCGCC	fam_0193e9f167906fe5	0.0005489864864864865	relative_frequency	1	47.0	RU	observational_reference	0	2202
integrin	0.8	family	frequency_observed	TAGCTCATAACGACCAAAACGACCCAGCAGTTCCTTTCGT	fam_231aaf77d03c2cca	0.0010768581081081082	relative_frequency	0	21.6	RU	observational_reference	0	2202
integrin	0.8	family	frequency_observed	TAGCTCCGCGCGCACGTTACGCGAAAACGTTCTGCCCGCC	fam_2ec06c8b2f1ea9ce	0.002702702702702703	relative_frequency	1	153.0	RU	observational_reference	0	2202
integrin	0.8	family	frequency_observed	TCAATCCTGCACGTACTACGCGAAAACTGTCCCCCGCCTG	fam_0e6349d012a5fc7b	0.0017525337837837839	relative_frequency	1	102.9	RU	observational_reference	0	2202
integrin	0.8	family	frequency_observed	TCCTAAGATGCGTTAACATTACGTAAGAATCTACCTACC	fam_c30a5a5b86d1bf8a	0.0015625	relative_frequency	0	3.5	RU	observational_reference	0	2202
integrin	0.8	family	frequency_observed	TCCTACACTGCGCATAATACGTAACTATCGACCTACCTT	fam_1e377a2fb7a747db	0.0019847972972972974	relative_frequency	0	8.8	RU	observational_reference	0	2202
integrin	0.8	family	frequency_observed	TCTAGACACTACGCGAAAAGAACCCACGCCTGTGTCTACG	fam_73d2f5ca32636fdf	0.00014780405405405406	relative_frequency	1	65.4	RU	observational_reference	0	2202
integrin	0.8	family	frequency_observed	TCTCCTAGTCCATTTTGGCGCACGCGAATACGGGAGACAC	fam_f976924dfb78017b	0.04049831081081081	relative_frequency	1	155.8	RU	observational_reference	0	2202
integrin	0.8	family	frequency_observed	TGGAACTACGCGACAAACTTCCCGCCTGTTCCACCTTATG	fam_6669cb644adf66d1	0.0026815878378378378	relative_frequency	1	100.3	RU	observational_reference	0	2202
integrin	0.8	family	frequency_observed	TTCCGGCCTACGCAACTTTTTATCCCCTGCCTGGCCGTAAT	fam_270fe5788fb0790c	0.0016258445945945947	relative_frequency	1	35.8	RU	observational_reference	0	2202
integrin	0.8	family	frequency_observed	TTCCTGCCAATTGAGCACATTACGCAAAAAAATTCCCTGCC	fam_4279a9b8df6a0cd8	6.33445945945946e-05	relative_frequency	1	29.5	RU	observational_reference	0	2202
integrin	0.8	family	frequency_observed	TTGCATTCCTGCGCCACATTACGCGAAACGATCCCCGCC	fam_6588c23d0ddc2beb	0.000950168918918919	relative_frequency	1	90.8	RU	observational_reference	0	2202
integrin	0.8	family	frequency_observed	TTTCCTAGTCCATTTTGGCGCACGCGAATACGGGAGACAC	fam_f976924dfb78017b	0.0009712837837837838	relative_frequency	1	113.6	RU	observational_reference	0	2202
integrin	0.8	family	enrichment_observed	ACACATAACACGCCTTTGGAGCGATACCTCCATCAACGAT	fam_61512e2b450fa5b1	-0.32880172692673687	log2_enrichment	1	239.0	RU	observational_reference	0	2202
integrin	0.8	family	enrichment_observed	ACCAATAACCGTTCACATTACGCATCAACTCAACCTGCC	fam_47cd004639a6a0a6	-1.1201102161668643	log2_enrichment	0	18.6	RU	observational_reference	0	2202
integrin	0.8	family	enrichment_observed	AGCAAGTACGCGAAAATCTTCCCCGCCTCTTGTTGGCATC	fam_8c727c7983ffd45c	-0.006692679860486207	log2_enrichment	1	73.9	RU	observational_reference	0	2202
integrin	0.8	family	enrichment_observed	AGCGACTAAACGCAGAGAAATCGTCTCCCTGAGGTTCCGA	fam_db79d6a9db13e668	0.27616002076427354	log2_enrichment	0	5.0	RU	observational_reference	0	2202
integrin	0.8	family	enrichment_observed	ATTGTGACCCGATTTGTCACTCTTTCTATGTACGCGGAAT	fam_0b751e18ea4dfdcd	-2.2762553590714956	log2_enrichment	0	-0.1	RU	observational_reference	0	2202
integrin	0.8	family	enrichment_observed	CACCTCTCCCAACAGCGGAACTGTTTCTCGGTCCAAAAGG	fam_dee0f6a6ebfe4b67	-0.5499814416554002	log2_enrichment	0	24.8	RU	observational_reference	0	2202
integrin	0.8	family	enrichment_observed	CACTACGCAAACTCCTTCTGCCTGTGCTTGAAAAACGCAT	fam_027d18c491f4d376	-1.8486880248403514	log2_enrichment	0	24.1	RU	observational_reference	0	2202
integrin	0.8	family	enrichment_observed	CTGGATTACGCGAAAAAACTCCTCGCCTATCGCAGCAATG	fam_c6686a55890956db	-0.3228666100765491	log2_enrichment	1	40.6	RU	observational_reference	0	2202
integrin	0.8	family	enrichment_observed	GACATCTACGCAAAAGTGTTCCCCTGCCTGATGTGACAAA	fam_97a2b00244aed5ec	0.33479330007786656	log2_enrichment	1	83.2	RU	observational_reference	0	2202
integrin	0.8	family	enrichment_observed	GACTACCATCGAACGTACATTACGCTACTCTCTACCAGC	fam_fa109b5b45bc5b3f	-2.1263692066385467	log2_enrichment	0	-4.2	RU	observational_reference	0	2202
integrin	0.8	family	enrichment_observed	GTGCACGGCAATACGCATGACGTTCACCCTGCCTTTGCCT	fam_598a4d098b675f9b	-1.3355162071872053	log2_enrichment	1	51.1	RU	observational_reference	0	2202
integrin	0.8	family	enrichment_observed	TAAGACGCACCATAACTACGCAAGAGTTCTCTCTGCCTGA	fam_79641d07ed6733c2	-0.3244208744050813	log2_enrichment	0	18.2	RU	observational_reference	0	2202
integrin	0.8	family	enrichment_observed	TACGACTACTTCGGCACATTACGCGACGATCGAACCCGCC	fam_0193e9f167906fe5	-1.2228771874918931	log2_enrichment	1	47.0	RU	observational_reference	0	2202
integrin	0.8	family	enrichment_observed	TAGCTCATAACGACCAAAACGACCCAGCAGTTCCTTTCGT	fam_231aaf77d03c2cca	-1.6510933099364709	log2_enrichment	0	21.6	RU	observational_reference	0	2202
integrin	0.8	family	enrichment_observed	TAGCTCCGCGCGCACGTTACGCGAAAACGTTCTGCCCGCC	fam_2ec06c8b2f1ea9ce	0.7499723256103648	log2_enrichment	1	153.0	RU	observational_reference	0	2202
integrin	0.8	family	enrichment_observed	TCAATCCTGCACGTACTACGCGAAAACTGTCCCCCGCCTG	fam_0e6349d012a5fc7b	1.060937873032002	log2_enrichment	1	102.9	RU	observational_reference	0	2202
integrin	0.8	family	enrichment_observed	TCCTAAGATGCGTTAACATTACGTAAGAATCTACCTACC	fam_c30a5a5b86d1bf8a	-1.5488693167133456	log2_enrichment	0	3.5	RU	observational_reference	0	2202
integrin	0.8	family	enrichment_observed	TCCTACACTGCGCATAATACGTAACTATCGACCTACCTT	fam_1e377a2fb7a747db	-0.016586440447061795	log2_enrichment	0	8.8	RU	observational_reference	0	2202
integrin	0.8	family	enrichment_observed	TCTAGACACTACGCGAAAAGAACCCACGCCTGTGTCTACG	fam_73d2f5ca32636fdf	-1.9399560824076654	log2_enrichment	1	65.4	RU	observational_reference	0	2202
integrin	0.8	family	enrichment_observed	TCTCCTAGTCCATTTTGGCGCACGCGAATACGGGAGACAC	fam_f976924dfb78017b	1.1004469887211599	log2_enrichment	1	155.8	RU	observational_reference	0	2202
integrin	0.8	family	enrichment_observed	TGGAACTACGCGACAAACTTCCCGCCTGTTCCACCTTATG	fam_6669cb644adf66d1	-0.46754146806777336	log2_enrichment	1	100.3	RU	observational_reference	0	2202
integrin	0.8	family	enrichment_observed	TTCCGGCCTACGCAACTTTTTATCCCCTGCCTGGCCGTAAT	fam_270fe5788fb0790c	0.6338164837817031	log2_enrichment	1	35.8	RU	observational_reference	0	2202
integrin	0.8	family	enrichment_observed	TTCCTGCCAATTGAGCACATTACGCAAAAAAATTCCCTGCC	fam_4279a9b8df6a0cd8	-0.9888656828886118	log2_enrichment	1	29.5	RU	observational_reference	0	2202
integrin	0.8	family	enrichment_observed	TTGCATTCCTGCGCCACATTACGCGAAACGATCCCCGCC	fam_6588c23d0ddc2beb	0.30947559168113453	log2_enrichment	1	90.8	RU	observational_reference	0	2202
integrin	0.8	family	enrichment_observed	TTTCCTAGTCCATTTTGGCGCACGCGAATACGGGAGACAC	fam_f976924dfb78017b	1.302365614775834	log2_enrichment	1	113.6	RU	observational_reference	0	2202
integrin	0.8	family	kmer_logistic	ACACATAACACGCCTTTGGAGCGATACCTCCATCAACGAT	fam_61512e2b450fa5b1	2.76652088615181	decision_function	1	239.0	RU	harmonized_benchmark	23	2202
integrin	0.8	family	kmer_logistic	ACCAATAACCGTTCACATTACGCATCAACTCAACCTGCC	fam_47cd004639a6a0a6	2.488904835198822	decision_function	0	18.6	RU	harmonized_benchmark	23	2202
integrin	0.8	family	kmer_logistic	AGCAAGTACGCGAAAATCTTCCCCGCCTCTTGTTGGCATC	fam_8c727c7983ffd45c	3.288669412842533	decision_function	1	73.9	RU	harmonized_benchmark	23	2202
integrin	0.8	family	kmer_logistic	AGCGACTAAACGCAGAGAAATCGTCTCCCTGAGGTTCCGA	fam_db79d6a9db13e668	4.240992979105811	decision_function	0	5.0	RU	harmonized_benchmark	23	2202
integrin	0.8	family	kmer_logistic	ATTGTGACCCGATTTGTCACTCTTTCTATGTACGCGGAAT	fam_0b751e18ea4dfdcd	4.172191704320838	decision_function	0	-0.1	RU	harmonized_benchmark	23	2202
integrin	0.8	family	kmer_logistic	CACCTCTCCCAACAGCGGAACTGTTTCTCGGTCCAAAAGG	fam_dee0f6a6ebfe4b67	2.679117064782978	decision_function	0	24.8	RU	harmonized_benchmark	23	2202
integrin	0.8	family	kmer_logistic	CACTACGCAAACTCCTTCTGCCTGTGCTTGAAAAACGCAT	fam_027d18c491f4d376	3.0412448061866524	decision_function	0	24.1	RU	harmonized_benchmark	23	2202
integrin	0.8	family	kmer_logistic	CTGGATTACGCGAAAAAACTCCTCGCCTATCGCAGCAATG	fam_c6686a55890956db	2.896209334985655	decision_function	1	40.6	RU	harmonized_benchmark	23	2202
integrin	0.8	family	kmer_logistic	GACATCTACGCAAAAGTGTTCCCCTGCCTGATGTGACAAA	fam_97a2b00244aed5ec	3.7574835715648334	decision_function	1	83.2	RU	harmonized_benchmark	23	2202
integrin	0.8	family	kmer_logistic	GACTACCATCGAACGTACATTACGCTACTCTCTACCAGC	fam_fa109b5b45bc5b3f	1.7625552172387327	decision_function	0	-4.2	RU	harmonized_benchmark	23	2202
integrin	0.8	family	kmer_logistic	GTGCACGGCAATACGCATGACGTTCACCCTGCCTTTGCCT	fam_598a4d098b675f9b	2.652378374141889	decision_function	1	51.1	RU	harmonized_benchmark	23	2202
integrin	0.8	family	kmer_logistic	TAAGACGCACCATAACTACGCAAGAGTTCTCTCTGCCTGA	fam_79641d07ed6733c2	2.804053265630528	decision_function	0	18.2	RU	harmonized_benchmark	23	2202
integrin	0.8	family	kmer_logistic	TACGACTACTTCGGCACATTACGCGACGATCGAACCCGCC	fam_0193e9f167906fe5	2.2659101211519657	decision_function	1	47.0	RU	harmonized_benchmark	23	2202
integrin	0.8	family	kmer_logistic	TAGCTCATAACGACCAAAACGACCCAGCAGTTCCTTTCGT	fam_231aaf77d03c2cca	3.6265833135809604	decision_function	0	21.6	RU	harmonized_benchmark	23	2202
integrin	0.8	family	kmer_logistic	TAGCTCCGCGCGCACGTTACGCGAAAACGTTCTGCCCGCC	fam_2ec06c8b2f1ea9ce	2.8594877597930344	decision_function	1	153.0	RU	harmonized_benchmark	23	2202
integrin	0.8	family	kmer_logistic	TCAATCCTGCACGTACTACGCGAAAACTGTCCCCCGCCTG	fam_0e6349d012a5fc7b	2.946793358368637	decision_function	1	102.9	RU	harmonized_benchmark	23	2202
integrin	0.8	family	kmer_logistic	TCCTAAGATGCGTTAACATTACGTAAGAATCTACCTACC	fam_c30a5a5b86d1bf8a	4.481100154441835	decision_function	0	3.5	RU	harmonized_benchmark	23	2202
integrin	0.8	family	kmer_logistic	TCCTACACTGCGCATAATACGTAACTATCGACCTACCTT	fam_1e377a2fb7a747db	2.072935474777303	decision_function	0	8.8	RU	harmonized_benchmark	23	2202
integrin	0.8	family	kmer_logistic	TCTAGACACTACGCGAAAAGAACCCACGCCTGTGTCTACG	fam_73d2f5ca32636fdf	2.5422173250391222	decision_function	1	65.4	RU	harmonized_benchmark	23	2202
integrin	0.8	family	kmer_logistic	TCTCCTAGTCCATTTTGGCGCACGCGAATACGGGAGACAC	fam_f976924dfb78017b	3.201147412471268	decision_function	1	155.8	RU	harmonized_benchmark	23	2202
integrin	0.8	family	kmer_logistic	TGGAACTACGCGACAAACTTCCCGCCTGTTCCACCTTATG	fam_6669cb644adf66d1	3.1045222487665876	decision_function	1	100.3	RU	harmonized_benchmark	23	2202
integrin	0.8	family	kmer_logistic	TTCCGGCCTACGCAACTTTTTATCCCCTGCCTGGCCGTAAT	fam_270fe5788fb0790c	4.160879437488313	decision_function	1	35.8	RU	harmonized_benchmark	23	2202
integrin	0.8	family	kmer_logistic	TTCCTGCCAATTGAGCACATTACGCAAAAAAATTCCCTGCC	fam_4279a9b8df6a0cd8	3.2312361061648995	decision_function	1	29.5	RU	harmonized_benchmark	23	2202
integrin	0.8	family	kmer_logistic	TTGCATTCCTGCGCCACATTACGCGAAACGATCCCCGCC	fam_6588c23d0ddc2beb	2.3145438935514435	decision_function	1	90.8	RU	harmonized_benchmark	23	2202
integrin	0.8	family	kmer_logistic	TTTCCTAGTCCATTTTGGCGCACGCGAATACGGGAGACAC	fam_f976924dfb78017b	3.5993662192068125	decision_function	1	113.6	RU	harmonized_benchmark	23	2202
integrin	0.8	random	kmer_ridge	ACACATAACACGCCTTTGGAGCGATACCTCCATCAACGAT	fam_61512e2b450fa5b1	0.08286382603781162	predicted_log2_enrichment	1	239.0	RU	harmonized_benchmark	0	2476
integrin	0.8	random	kmer_ridge	ACCAATAACCGTTCACATTACGCATCAACTCAACCTGCC	fam_47cd004639a6a0a6	-0.6595481208539631	predicted_log2_enrichment	0	18.6	RU	harmonized_benchmark	0	2476
integrin	0.8	random	kmer_ridge	AGCAAGTACGCGAAAATCTTCCCCGCCTCTTGTTGGCATC	fam_8c727c7983ffd45c	0.8217469919856449	predicted_log2_enrichment	1	73.9	RU	harmonized_benchmark	0	2476
integrin	0.8	random	kmer_ridge	AGCGACTAAACGCAGAGAAATCGTCTCCCTGAGGTTCCGA	fam_db79d6a9db13e668	0.24170068607846462	predicted_log2_enrichment	0	5.0	RU	harmonized_benchmark	0	2476
integrin	0.8	random	kmer_ridge	ATTGTGACCCGATTTGTCACTCTTTCTATGTACGCGGAAT	fam_0b751e18ea4dfdcd	1.6401025736517276	predicted_log2_enrichment	0	-0.1	RU	harmonized_benchmark	0	2476
integrin	0.8	random	kmer_ridge	CACCTCTCCCAACAGCGGAACTGTTTCTCGGTCCAAAAGG	fam_dee0f6a6ebfe4b67	0.3166292857802938	predicted_log2_enrichment	0	24.8	RU	harmonized_benchmark	0	2476
integrin	0.8	random	kmer_ridge	CACTACGCAAACTCCTTCTGCCTGTGCTTGAAAAACGCAT	fam_027d18c491f4d376	0.4583310869844288	predicted_log2_enrichment	0	24.1	RU	harmonized_benchmark	0	2476
integrin	0.8	random	kmer_ridge	CTGGATTACGCGAAAAAACTCCTCGCCTATCGCAGCAATG	fam_c6686a55890956db	0.4460602377309625	predicted_log2_enrichment	1	40.6	RU	harmonized_benchmark	0	2476
integrin	0.8	random	kmer_ridge	GACATCTACGCAAAAGTGTTCCCCTGCCTGATGTGACAAA	fam_97a2b00244aed5ec	0.6955382934364623	predicted_log2_enrichment	1	83.2	RU	harmonized_benchmark	0	2476
integrin	0.8	random	kmer_ridge	GACTACCATCGAACGTACATTACGCTACTCTCTACCAGC	fam_fa109b5b45bc5b3f	-0.3621404583485761	predicted_log2_enrichment	0	-4.2	RU	harmonized_benchmark	0	2476
integrin	0.8	random	kmer_ridge	GTGCACGGCAATACGCATGACGTTCACCCTGCCTTTGCCT	fam_598a4d098b675f9b	0.35104190090060117	predicted_log2_enrichment	1	51.1	RU	harmonized_benchmark	0	2476
integrin	0.8	random	kmer_ridge	TAAGACGCACCATAACTACGCAAGAGTTCTCTCTGCCTGA	fam_79641d07ed6733c2	0.3222668149464023	predicted_log2_enrichment	0	18.2	RU	harmonized_benchmark	0	2476
integrin	0.8	random	kmer_ridge	TACGACTACTTCGGCACATTACGCGACGATCGAACCCGCC	fam_0193e9f167906fe5	0.17904521046344535	predicted_log2_enrichment	1	47.0	RU	harmonized_benchmark	0	2476
integrin	0.8	random	kmer_ridge	TAGCTCATAACGACCAAAACGACCCAGCAGTTCCTTTCGT	fam_231aaf77d03c2cca	0.11326281054214027	predicted_log2_enrichment	0	21.6	RU	harmonized_benchmark	0	2476
integrin	0.8	random	kmer_ridge	TAGCTCCGCGCGCACGTTACGCGAAAACGTTCTGCCCGCC	fam_2ec06c8b2f1ea9ce	0.4939901322909752	predicted_log2_enrichment	1	153.0	RU	harmonized_benchmark	0	2476
integrin	0.8	random	kmer_ridge	TCAATCCTGCACGTACTACGCGAAAACTGTCCCCCGCCTG	fam_0e6349d012a5fc7b	1.0090843427510205	predicted_log2_enrichment	1	102.9	RU	harmonized_benchmark	0	2476
integrin	0.8	random	kmer_ridge	TCCTAAGATGCGTTAACATTACGTAAGAATCTACCTACC	fam_c30a5a5b86d1bf8a	-0.10022948898884199	predicted_log2_enrichment	0	3.5	RU	harmonized_benchmark	0	2476
integrin	0.8	random	kmer_ridge	TCCTACACTGCGCATAATACGTAACTATCGACCTACCTT	fam_1e377a2fb7a747db	0.4275820638861344	predicted_log2_enrichment	0	8.8	RU	harmonized_benchmark	0	2476
integrin	0.8	random	kmer_ridge	TCTAGACACTACGCGAAAAGAACCCACGCCTGTGTCTACG	fam_73d2f5ca32636fdf	1.1531750841867083	predicted_log2_enrichment	1	65.4	RU	harmonized_benchmark	0	2476
integrin	0.8	random	kmer_ridge	TCTCCTAGTCCATTTTGGCGCACGCGAATACGGGAGACAC	fam_f976924dfb78017b	1.540388353786247	predicted_log2_enrichment	1	155.8	RU	harmonized_benchmark	0	2476
integrin	0.8	random	kmer_ridge	TGGAACTACGCGACAAACTTCCCGCCTGTTCCACCTTATG	fam_6669cb644adf66d1	0.433579257341998	predicted_log2_enrichment	1	100.3	RU	harmonized_benchmark	0	2476
integrin	0.8	random	kmer_ridge	TTCCGGCCTACGCAACTTTTTATCCCCTGCCTGGCCGTAAT	fam_270fe5788fb0790c	0.9588271935685353	predicted_log2_enrichment	1	35.8	RU	harmonized_benchmark	0	2476
integrin	0.8	random	kmer_ridge	TTCCTGCCAATTGAGCACATTACGCAAAAAAATTCCCTGCC	fam_4279a9b8df6a0cd8	0.19016146203177386	predicted_log2_enrichment	1	29.5	RU	harmonized_benchmark	0	2476
integrin	0.8	random	kmer_ridge	TTGCATTCCTGCGCCACATTACGCGAAACGATCCCCGCC	fam_6588c23d0ddc2beb	0.23973380241846076	predicted_log2_enrichment	1	90.8	RU	harmonized_benchmark	0	2476
integrin	0.8	random	kmer_ridge	TTTCCTAGTCCATTTTGGCGCACGCGAATACGGGAGACAC	fam_f976924dfb78017b	1.7781854823661654	predicted_log2_enrichment	1	113.6	RU	harmonized_benchmark	0	2476
integrin	0.8	random	frequency	ACACATAACACGCCTTTGGAGCGATACCTCCATCAACGAT	fam_61512e2b450fa5b1	0.0	relative_frequency	1	239.0	RU	harmonized_benchmark	0	2476
integrin	0.8	random	frequency	ACCAATAACCGTTCACATTACGCATCAACTCAACCTGCC	fam_47cd004639a6a0a6	0.0	relative_frequency	0	18.6	RU	harmonized_benchmark	0	2476
integrin	0.8	random	frequency	AGCAAGTACGCGAAAATCTTCCCCGCCTCTTGTTGGCATC	fam_8c727c7983ffd45c	0.0	relative_frequency	1	73.9	RU	harmonized_benchmark	0	2476
integrin	0.8	random	frequency	AGCGACTAAACGCAGAGAAATCGTCTCCCTGAGGTTCCGA	fam_db79d6a9db13e668	0.0	relative_frequency	0	5.0	RU	harmonized_benchmark	0	2476
integrin	0.8	random	frequency	ATTGTGACCCGATTTGTCACTCTTTCTATGTACGCGGAAT	fam_0b751e18ea4dfdcd	0.0	relative_frequency	0	-0.1	RU	harmonized_benchmark	0	2476
integrin	0.8	random	frequency	CACCTCTCCCAACAGCGGAACTGTTTCTCGGTCCAAAAGG	fam_dee0f6a6ebfe4b67	0.0	relative_frequency	0	24.8	RU	harmonized_benchmark	0	2476
integrin	0.8	random	frequency	CACTACGCAAACTCCTTCTGCCTGTGCTTGAAAAACGCAT	fam_027d18c491f4d376	0.0	relative_frequency	0	24.1	RU	harmonized_benchmark	0	2476
integrin	0.8	random	frequency	CTGGATTACGCGAAAAAACTCCTCGCCTATCGCAGCAATG	fam_c6686a55890956db	0.0	relative_frequency	1	40.6	RU	harmonized_benchmark	0	2476
integrin	0.8	random	frequency	GACATCTACGCAAAAGTGTTCCCCTGCCTGATGTGACAAA	fam_97a2b00244aed5ec	0.0	relative_frequency	1	83.2	RU	harmonized_benchmark	0	2476
integrin	0.8	random	frequency	GACTACCATCGAACGTACATTACGCTACTCTCTACCAGC	fam_fa109b5b45bc5b3f	0.0	relative_frequency	0	-4.2	RU	harmonized_benchmark	0	2476
integrin	0.8	random	frequency	GTGCACGGCAATACGCATGACGTTCACCCTGCCTTTGCCT	fam_598a4d098b675f9b	0.0	relative_frequency	1	51.1	RU	harmonized_benchmark	0	2476
integrin	0.8	random	frequency	TAAGACGCACCATAACTACGCAAGAGTTCTCTCTGCCTGA	fam_79641d07ed6733c2	0.0	relative_frequency	0	18.2	RU	harmonized_benchmark	0	2476
integrin	0.8	random	frequency	TACGACTACTTCGGCACATTACGCGACGATCGAACCCGCC	fam_0193e9f167906fe5	0.0	relative_frequency	1	47.0	RU	harmonized_benchmark	0	2476
integrin	0.8	random	frequency	TAGCTCATAACGACCAAAACGACCCAGCAGTTCCTTTCGT	fam_231aaf77d03c2cca	0.0	relative_frequency	0	21.6	RU	harmonized_benchmark	0	2476
integrin	0.8	random	frequency	TAGCTCCGCGCGCACGTTACGCGAAAACGTTCTGCCCGCC	fam_2ec06c8b2f1ea9ce	0.0	relative_frequency	1	153.0	RU	harmonized_benchmark	0	2476
integrin	0.8	random	frequency	TCAATCCTGCACGTACTACGCGAAAACTGTCCCCCGCCTG	fam_0e6349d012a5fc7b	0.0	relative_frequency	1	102.9	RU	harmonized_benchmark	0	2476
integrin	0.8	random	frequency	TCCTAAGATGCGTTAACATTACGTAAGAATCTACCTACC	fam_c30a5a5b86d1bf8a	0.0	relative_frequency	0	3.5	RU	harmonized_benchmark	0	2476
integrin	0.8	random	frequency	TCCTACACTGCGCATAATACGTAACTATCGACCTACCTT	fam_1e377a2fb7a747db	0.0	relative_frequency	0	8.8	RU	harmonized_benchmark	0	2476
integrin	0.8	random	frequency	TCTAGACACTACGCGAAAAGAACCCACGCCTGTGTCTACG	fam_73d2f5ca32636fdf	0.0	relative_frequency	1	65.4	RU	harmonized_benchmark	0	2476
integrin	0.8	random	frequency	TCTCCTAGTCCATTTTGGCGCACGCGAATACGGGAGACAC	fam_f976924dfb78017b	0.0	relative_frequency	1	155.8	RU	harmonized_benchmark	0	2476
integrin	0.8	random	frequency	TGGAACTACGCGACAAACTTCCCGCCTGTTCCACCTTATG	fam_6669cb644adf66d1	0.0	relative_frequency	1	100.3	RU	harmonized_benchmark	0	2476
integrin	0.8	random	frequency	TTCCGGCCTACGCAACTTTTTATCCCCTGCCTGGCCGTAAT	fam_270fe5788fb0790c	0.0	relative_frequency	1	35.8	RU	harmonized_benchmark	0	2476
integrin	0.8	random	frequency	TTCCTGCCAATTGAGCACATTACGCAAAAAAATTCCCTGCC	fam_4279a9b8df6a0cd8	0.0	relative_frequency	1	29.5	RU	harmonized_benchmark	0	2476
integrin	0.8	random	frequency	TTGCATTCCTGCGCCACATTACGCGAAACGATCCCCGCC	fam_6588c23d0ddc2beb	0.0	relative_frequency	1	90.8	RU	harmonized_benchmark	0	2476
integrin	0.8	random	frequency	TTTCCTAGTCCATTTTGGCGCACGCGAATACGGGAGACAC	fam_f976924dfb78017b	0.0	relative_frequency	1	113.6	RU	harmonized_benchmark	0	2476
integrin	0.8	random	enrichment	ACACATAACACGCCTTTGGAGCGATACCTCCATCAACGAT	fam_61512e2b450fa5b1	0.5960968178325448	log2_enrichment	1	239.0	RU	harmonized_benchmark	0	2476
integrin	0.8	random	enrichment	ACCAATAACCGTTCACATTACGCATCAACTCAACCTGCC	fam_47cd004639a6a0a6	0.5960968178325448	log2_enrichment	0	18.6	RU	harmonized_benchmark	0	2476
integrin	0.8	random	enrichment	AGCAAGTACGCGAAAATCTTCCCCGCCTCTTGTTGGCATC	fam_8c727c7983ffd45c	0.5960968178325448	log2_enrichment	1	73.9	RU	harmonized_benchmark	0	2476
integrin	0.8	random	enrichment	AGCGACTAAACGCAGAGAAATCGTCTCCCTGAGGTTCCGA	fam_db79d6a9db13e668	0.5960968178325448	log2_enrichment	0	5.0	RU	harmonized_benchmark	0	2476
integrin	0.8	random	enrichment	ATTGTGACCCGATTTGTCACTCTTTCTATGTACGCGGAAT	fam_0b751e18ea4dfdcd	0.5960968178325448	log2_enrichment	0	-0.1	RU	harmonized_benchmark	0	2476
integrin	0.8	random	enrichment	CACCTCTCCCAACAGCGGAACTGTTTCTCGGTCCAAAAGG	fam_dee0f6a6ebfe4b67	0.5960968178325448	log2_enrichment	0	24.8	RU	harmonized_benchmark	0	2476
integrin	0.8	random	enrichment	CACTACGCAAACTCCTTCTGCCTGTGCTTGAAAAACGCAT	fam_027d18c491f4d376	0.5960968178325448	log2_enrichment	0	24.1	RU	harmonized_benchmark	0	2476
integrin	0.8	random	enrichment	CTGGATTACGCGAAAAAACTCCTCGCCTATCGCAGCAATG	fam_c6686a55890956db	0.5960968178325448	log2_enrichment	1	40.6	RU	harmonized_benchmark	0	2476
integrin	0.8	random	enrichment	GACATCTACGCAAAAGTGTTCCCCTGCCTGATGTGACAAA	fam_97a2b00244aed5ec	0.5960968178325448	log2_enrichment	1	83.2	RU	harmonized_benchmark	0	2476
integrin	0.8	random	enrichment	GACTACCATCGAACGTACATTACGCTACTCTCTACCAGC	fam_fa109b5b45bc5b3f	0.5960968178325448	log2_enrichment	0	-4.2	RU	harmonized_benchmark	0	2476
integrin	0.8	random	enrichment	GTGCACGGCAATACGCATGACGTTCACCCTGCCTTTGCCT	fam_598a4d098b675f9b	0.5960968178325448	log2_enrichment	1	51.1	RU	harmonized_benchmark	0	2476
integrin	0.8	random	enrichment	TAAGACGCACCATAACTACGCAAGAGTTCTCTCTGCCTGA	fam_79641d07ed6733c2	0.5960968178325448	log2_enrichment	0	18.2	RU	harmonized_benchmark	0	2476
integrin	0.8	random	enrichment	TACGACTACTTCGGCACATTACGCGACGATCGAACCCGCC	fam_0193e9f167906fe5	0.5960968178325448	log2_enrichment	1	47.0	RU	harmonized_benchmark	0	2476
integrin	0.8	random	enrichment	TAGCTCATAACGACCAAAACGACCCAGCAGTTCCTTTCGT	fam_231aaf77d03c2cca	0.5960968178325448	log2_enrichment	0	21.6	RU	harmonized_benchmark	0	2476
integrin	0.8	random	enrichment	TAGCTCCGCGCGCACGTTACGCGAAAACGTTCTGCCCGCC	fam_2ec06c8b2f1ea9ce	0.5960968178325448	log2_enrichment	1	153.0	RU	harmonized_benchmark	0	2476
integrin	0.8	random	enrichment	TCAATCCTGCACGTACTACGCGAAAACTGTCCCCCGCCTG	fam_0e6349d012a5fc7b	0.5960968178325448	log2_enrichment	1	102.9	RU	harmonized_benchmark	0	2476
integrin	0.8	random	enrichment	TCCTAAGATGCGTTAACATTACGTAAGAATCTACCTACC	fam_c30a5a5b86d1bf8a	0.5960968178325448	log2_enrichment	0	3.5	RU	harmonized_benchmark	0	2476
integrin	0.8	random	enrichment	TCCTACACTGCGCATAATACGTAACTATCGACCTACCTT	fam_1e377a2fb7a747db	0.5960968178325448	log2_enrichment	0	8.8	RU	harmonized_benchmark	0	2476
integrin	0.8	random	enrichment	TCTAGACACTACGCGAAAAGAACCCACGCCTGTGTCTACG	fam_73d2f5ca32636fdf	0.5960968178325448	log2_enrichment	1	65.4	RU	harmonized_benchmark	0	2476
integrin	0.8	random	enrichment	TCTCCTAGTCCATTTTGGCGCACGCGAATACGGGAGACAC	fam_f976924dfb78017b	0.5960968178325448	log2_enrichment	1	155.8	RU	harmonized_benchmark	0	2476
integrin	0.8	random	enrichment	TGGAACTACGCGACAAACTTCCCGCCTGTTCCACCTTATG	fam_6669cb644adf66d1	0.5960968178325448	log2_enrichment	1	100.3	RU	harmonized_benchmark	0	2476
integrin	0.8	random	enrichment	TTCCGGCCTACGCAACTTTTTATCCCCTGCCTGGCCGTAAT	fam_270fe5788fb0790c	0.5960968178325448	log2_enrichment	1	35.8	RU	harmonized_benchmark	0	2476
integrin	0.8	random	enrichment	TTCCTGCCAATTGAGCACATTACGCAAAAAAATTCCCTGCC	fam_4279a9b8df6a0cd8	0.5960968178325448	log2_enrichment	1	29.5	RU	harmonized_benchmark	0	2476
integrin	0.8	random	enrichment	TTGCATTCCTGCGCCACATTACGCGAAACGATCCCCGCC	fam_6588c23d0ddc2beb	0.5960968178325448	log2_enrichment	1	90.8	RU	harmonized_benchmark	0	2476
integrin	0.8	random	enrichment	TTTCCTAGTCCATTTTGGCGCACGCGAATACGGGAGACAC	fam_f976924dfb78017b	0.5960968178325448	log2_enrichment	1	113.6	RU	harmonized_benchmark	0	2476
integrin	0.8	random	frequency_observed	ACACATAACACGCCTTTGGAGCGATACCTCCATCAACGAT	fam_61512e2b450fa5b1	0.003631756756756757	relative_frequency	1	239.0	RU	observational_reference	0	2476
integrin	0.8	random	frequency_observed	ACCAATAACCGTTCACATTACGCATCAACTCAACCTGCC	fam_47cd004639a6a0a6	6.33445945945946e-05	relative_frequency	0	18.6	RU	observational_reference	0	2476
integrin	0.8	random	frequency_observed	AGCAAGTACGCGAAAATCTTCCCCGCCTCTTGTTGGCATC	fam_8c727c7983ffd45c	0.005933277027027027	relative_frequency	1	73.9	RU	observational_reference	0	2476
integrin	0.8	random	frequency_observed	AGCGACTAAACGCAGAGAAATCGTCTCCCTGAGGTTCCGA	fam_db79d6a9db13e668	0.0015202702702702704	relative_frequency	0	5.0	RU	observational_reference	0	2476
integrin	0.8	random	frequency_observed	ATTGTGACCCGATTTGTCACTCTTTCTATGTACGCGGAAT	fam_0b751e18ea4dfdcd	0.000316722972972973	relative_frequency	0	-0.1	RU	observational_reference	0	2476
integrin	0.8	random	frequency_observed	CACCTCTCCCAACAGCGGAACTGTTTCTCGGTCCAAAAGG	fam_dee0f6a6ebfe4b67	0.000633445945945946	relative_frequency	0	24.8	RU	observational_reference	0	2476
integrin	0.8	random	frequency_observed	CACTACGCAAACTCCTTCTGCCTGTGCTTGAAAAACGCAT	fam_027d18c491f4d376	8.445945945945946e-05	relative_frequency	0	24.1	RU	observational_reference	0	2476
integrin	0.8	random	frequency_observed	CTGGATTACGCGAAAAAACTCCTCGCCTATCGCAGCAATG	fam_c6686a55890956db	0.001245777027027027	relative_frequency	1	40.6	RU	observational_reference	0	2476
integrin	0.8	random	frequency_observed	GACATCTACGCAAAAGTGTTCCCCTGCCTGATGTGACAAA	fam_97a2b00244aed5ec	0.007326858108108108	relative_frequency	1	83.2	RU	observational_reference	0	2476
integrin	0.8	random	frequency_observed	GACTACCATCGAACGTACATTACGCTACTCTCTACCAGC	fam_fa109b5b45bc5b3f	4.222972972972973e-05	relative_frequency	0	-4.2	RU	observational_reference	0	2476
integrin	0.8	random	frequency_observed	GTGCACGGCAATACGCATGACGTTCACCCTGCCTTTGCCT	fam_598a4d098b675f9b	0.00027449324324324326	relative_frequency	1	51.1	RU	observational_reference	0	2476
integrin	0.8	random	frequency_observed	TAAGACGCACCATAACTACGCAAGAGTTCTCTCTGCCTGA	fam_79641d07ed6733c2	0.005996621621621622	relative_frequency	0	18.2	RU	observational_reference	0	2476
integrin	0.8	random	frequency_observed	TACGACTACTTCGGCACATTACGCGACGATCGAACCCGCC	fam_0193e9f167906fe5	0.0005489864864864865	relative_frequency	1	47.0	RU	observational_reference	0	2476
integrin	0.8	random	frequency_observed	TAGCTCATAACGACCAAAACGACCCAGCAGTTCCTTTCGT	fam_231aaf77d03c2cca	0.0010768581081081082	relative_frequency	0	21.6	RU	observational_reference	0	2476
integrin	0.8	random	frequency_observed	TAGCTCCGCGCGCACGTTACGCGAAAACGTTCTGCCCGCC	fam_2ec06c8b2f1ea9ce	0.002702702702702703	relative_frequency	1	153.0	RU	observational_reference	0	2476
integrin	0.8	random	frequency_observed	TCAATCCTGCACGTACTACGCGAAAACTGTCCCCCGCCTG	fam_0e6349d012a5fc7b	0.0017525337837837839	relative_frequency	1	102.9	RU	observational_reference	0	2476
integrin	0.8	random	frequency_observed	TCCTAAGATGCGTTAACATTACGTAAGAATCTACCTACC	fam_c30a5a5b86d1bf8a	0.0015625	relative_frequency	0	3.5	RU	observational_reference	0	2476
integrin	0.8	random	frequency_observed	TCCTACACTGCGCATAATACGTAACTATCGACCTACCTT	fam_1e377a2fb7a747db	0.0019847972972972974	relative_frequency	0	8.8	RU	observational_reference	0	2476
integrin	0.8	random	frequency_observed	TCTAGACACTACGCGAAAAGAACCCACGCCTGTGTCTACG	fam_73d2f5ca32636fdf	0.00014780405405405406	relative_frequency	1	65.4	RU	observational_reference	0	2476
integrin	0.8	random	frequency_observed	TCTCCTAGTCCATTTTGGCGCACGCGAATACGGGAGACAC	fam_f976924dfb78017b	0.04049831081081081	relative_frequency	1	155.8	RU	observational_reference	0	2476
integrin	0.8	random	frequency_observed	TGGAACTACGCGACAAACTTCCCGCCTGTTCCACCTTATG	fam_6669cb644adf66d1	0.0026815878378378378	relative_frequency	1	100.3	RU	observational_reference	0	2476
integrin	0.8	random	frequency_observed	TTCCGGCCTACGCAACTTTTTATCCCCTGCCTGGCCGTAAT	fam_270fe5788fb0790c	0.0016258445945945947	relative_frequency	1	35.8	RU	observational_reference	0	2476
integrin	0.8	random	frequency_observed	TTCCTGCCAATTGAGCACATTACGCAAAAAAATTCCCTGCC	fam_4279a9b8df6a0cd8	6.33445945945946e-05	relative_frequency	1	29.5	RU	observational_reference	0	2476
integrin	0.8	random	frequency_observed	TTGCATTCCTGCGCCACATTACGCGAAACGATCCCCGCC	fam_6588c23d0ddc2beb	0.000950168918918919	relative_frequency	1	90.8	RU	observational_reference	0	2476
integrin	0.8	random	frequency_observed	TTTCCTAGTCCATTTTGGCGCACGCGAATACGGGAGACAC	fam_f976924dfb78017b	0.0009712837837837838	relative_frequency	1	113.6	RU	observational_reference	0	2476
integrin	0.8	random	enrichment_observed	ACACATAACACGCCTTTGGAGCGATACCTCCATCAACGAT	fam_61512e2b450fa5b1	-0.32880172692673687	log2_enrichment	1	239.0	RU	observational_reference	0	2476
integrin	0.8	random	enrichment_observed	ACCAATAACCGTTCACATTACGCATCAACTCAACCTGCC	fam_47cd004639a6a0a6	-1.1201102161668643	log2_enrichment	0	18.6	RU	observational_reference	0	2476
integrin	0.8	random	enrichment_observed	AGCAAGTACGCGAAAATCTTCCCCGCCTCTTGTTGGCATC	fam_8c727c7983ffd45c	-0.006692679860486207	log2_enrichment	1	73.9	RU	observational_reference	0	2476
integrin	0.8	random	enrichment_observed	AGCGACTAAACGCAGAGAAATCGTCTCCCTGAGGTTCCGA	fam_db79d6a9db13e668	0.27616002076427354	log2_enrichment	0	5.0	RU	observational_reference	0	2476
integrin	0.8	random	enrichment_observed	ATTGTGACCCGATTTGTCACTCTTTCTATGTACGCGGAAT	fam_0b751e18ea4dfdcd	-2.2762553590714956	log2_enrichment	0	-0.1	RU	observational_reference	0	2476
integrin	0.8	random	enrichment_observed	CACCTCTCCCAACAGCGGAACTGTTTCTCGGTCCAAAAGG	fam_dee0f6a6ebfe4b67	-0.5499814416554002	log2_enrichment	0	24.8	RU	observational_reference	0	2476
integrin	0.8	random	enrichment_observed	CACTACGCAAACTCCTTCTGCCTGTGCTTGAAAAACGCAT	fam_027d18c491f4d376	-1.8486880248403514	log2_enrichment	0	24.1	RU	observational_reference	0	2476
integrin	0.8	random	enrichment_observed	CTGGATTACGCGAAAAAACTCCTCGCCTATCGCAGCAATG	fam_c6686a55890956db	-0.3228666100765491	log2_enrichment	1	40.6	RU	observational_reference	0	2476
integrin	0.8	random	enrichment_observed	GACATCTACGCAAAAGTGTTCCCCTGCCTGATGTGACAAA	fam_97a2b00244aed5ec	0.33479330007786656	log2_enrichment	1	83.2	RU	observational_reference	0	2476
integrin	0.8	random	enrichment_observed	GACTACCATCGAACGTACATTACGCTACTCTCTACCAGC	fam_fa109b5b45bc5b3f	-2.1263692066385467	log2_enrichment	0	-4.2	RU	observational_reference	0	2476
integrin	0.8	random	enrichment_observed	GTGCACGGCAATACGCATGACGTTCACCCTGCCTTTGCCT	fam_598a4d098b675f9b	-1.3355162071872053	log2_enrichment	1	51.1	RU	observational_reference	0	2476
integrin	0.8	random	enrichment_observed	TAAGACGCACCATAACTACGCAAGAGTTCTCTCTGCCTGA	fam_79641d07ed6733c2	-0.3244208744050813	log2_enrichment	0	18.2	RU	observational_reference	0	2476
integrin	0.8	random	enrichment_observed	TACGACTACTTCGGCACATTACGCGACGATCGAACCCGCC	fam_0193e9f167906fe5	-1.2228771874918931	log2_enrichment	1	47.0	RU	observational_reference	0	2476
integrin	0.8	random	enrichment_observed	TAGCTCATAACGACCAAAACGACCCAGCAGTTCCTTTCGT	fam_231aaf77d03c2cca	-1.6510933099364709	log2_enrichment	0	21.6	RU	observational_reference	0	2476
integrin	0.8	random	enrichment_observed	TAGCTCCGCGCGCACGTTACGCGAAAACGTTCTGCCCGCC	fam_2ec06c8b2f1ea9ce	0.7499723256103648	log2_enrichment	1	153.0	RU	observational_reference	0	2476
integrin	0.8	random	enrichment_observed	TCAATCCTGCACGTACTACGCGAAAACTGTCCCCCGCCTG	fam_0e6349d012a5fc7b	1.060937873032002	log2_enrichment	1	102.9	RU	observational_reference	0	2476
integrin	0.8	random	enrichment_observed	TCCTAAGATGCGTTAACATTACGTAAGAATCTACCTACC	fam_c30a5a5b86d1bf8a	-1.5488693167133456	log2_enrichment	0	3.5	RU	observational_reference	0	2476
integrin	0.8	random	enrichment_observed	TCCTACACTGCGCATAATACGTAACTATCGACCTACCTT	fam_1e377a2fb7a747db	-0.016586440447061795	log2_enrichment	0	8.8	RU	observational_reference	0	2476
integrin	0.8	random	enrichment_observed	TCTAGACACTACGCGAAAAGAACCCACGCCTGTGTCTACG	fam_73d2f5ca32636fdf	-1.9399560824076654	log2_enrichment	1	65.4	RU	observational_reference	0	2476
integrin	0.8	random	enrichment_observed	TCTCCTAGTCCATTTTGGCGCACGCGAATACGGGAGACAC	fam_f976924dfb78017b	1.1004469887211599	log2_enrichment	1	155.8	RU	observational_reference	0	2476
integrin	0.8	random	enrichment_observed	TGGAACTACGCGACAAACTTCCCGCCTGTTCCACCTTATG	fam_6669cb644adf66d1	-0.46754146806777336	log2_enrichment	1	100.3	RU	observational_reference	0	2476
integrin	0.8	random	enrichment_observed	TTCCGGCCTACGCAACTTTTTATCCCCTGCCTGGCCGTAAT	fam_270fe5788fb0790c	0.6338164837817031	log2_enrichment	1	35.8	RU	observational_reference	0	2476
integrin	0.8	random	enrichment_observed	TTCCTGCCAATTGAGCACATTACGCAAAAAAATTCCCTGCC	fam_4279a9b8df6a0cd8	-0.9888656828886118	log2_enrichment	1	29.5	RU	observational_reference	0	2476
integrin	0.8	random	enrichment_observed	TTGCATTCCTGCGCCACATTACGCGAAACGATCCCCGCC	fam_6588c23d0ddc2beb	0.30947559168113453	log2_enrichment	1	90.8	RU	observational_reference	0	2476
integrin	0.8	random	enrichment_observed	TTTCCTAGTCCATTTTGGCGCACGCGAATACGGGAGACAC	fam_f976924dfb78017b	1.302365614775834	log2_enrichment	1	113.6	RU	observational_reference	0	2476
integrin	0.8	random	kmer_logistic	ACACATAACACGCCTTTGGAGCGATACCTCCATCAACGAT	fam_61512e2b450fa5b1	2.76652088615181	decision_function	1	239.0	RU	harmonized_benchmark	23	2476
integrin	0.8	random	kmer_logistic	ACCAATAACCGTTCACATTACGCATCAACTCAACCTGCC	fam_47cd004639a6a0a6	2.488904835198822	decision_function	0	18.6	RU	harmonized_benchmark	23	2476
integrin	0.8	random	kmer_logistic	AGCAAGTACGCGAAAATCTTCCCCGCCTCTTGTTGGCATC	fam_8c727c7983ffd45c	3.288669412842533	decision_function	1	73.9	RU	harmonized_benchmark	23	2476
integrin	0.8	random	kmer_logistic	AGCGACTAAACGCAGAGAAATCGTCTCCCTGAGGTTCCGA	fam_db79d6a9db13e668	4.240992979105811	decision_function	0	5.0	RU	harmonized_benchmark	23	2476
integrin	0.8	random	kmer_logistic	ATTGTGACCCGATTTGTCACTCTTTCTATGTACGCGGAAT	fam_0b751e18ea4dfdcd	4.172191704320838	decision_function	0	-0.1	RU	harmonized_benchmark	23	2476
integrin	0.8	random	kmer_logistic	CACCTCTCCCAACAGCGGAACTGTTTCTCGGTCCAAAAGG	fam_dee0f6a6ebfe4b67	2.679117064782978	decision_function	0	24.8	RU	harmonized_benchmark	23	2476
integrin	0.8	random	kmer_logistic	CACTACGCAAACTCCTTCTGCCTGTGCTTGAAAAACGCAT	fam_027d18c491f4d376	3.0412448061866524	decision_function	0	24.1	RU	harmonized_benchmark	23	2476
integrin	0.8	random	kmer_logistic	CTGGATTACGCGAAAAAACTCCTCGCCTATCGCAGCAATG	fam_c6686a55890956db	2.896209334985655	decision_function	1	40.6	RU	harmonized_benchmark	23	2476
integrin	0.8	random	kmer_logistic	GACATCTACGCAAAAGTGTTCCCCTGCCTGATGTGACAAA	fam_97a2b00244aed5ec	3.7574835715648334	decision_function	1	83.2	RU	harmonized_benchmark	23	2476
integrin	0.8	random	kmer_logistic	GACTACCATCGAACGTACATTACGCTACTCTCTACCAGC	fam_fa109b5b45bc5b3f	1.7625552172387327	decision_function	0	-4.2	RU	harmonized_benchmark	23	2476
integrin	0.8	random	kmer_logistic	GTGCACGGCAATACGCATGACGTTCACCCTGCCTTTGCCT	fam_598a4d098b675f9b	2.652378374141889	decision_function	1	51.1	RU	harmonized_benchmark	23	2476
integrin	0.8	random	kmer_logistic	TAAGACGCACCATAACTACGCAAGAGTTCTCTCTGCCTGA	fam_79641d07ed6733c2	2.804053265630528	decision_function	0	18.2	RU	harmonized_benchmark	23	2476
integrin	0.8	random	kmer_logistic	TACGACTACTTCGGCACATTACGCGACGATCGAACCCGCC	fam_0193e9f167906fe5	2.2659101211519657	decision_function	1	47.0	RU	harmonized_benchmark	23	2476
integrin	0.8	random	kmer_logistic	TAGCTCATAACGACCAAAACGACCCAGCAGTTCCTTTCGT	fam_231aaf77d03c2cca	3.6265833135809604	decision_function	0	21.6	RU	harmonized_benchmark	23	2476
integrin	0.8	random	kmer_logistic	TAGCTCCGCGCGCACGTTACGCGAAAACGTTCTGCCCGCC	fam_2ec06c8b2f1ea9ce	2.8594877597930344	decision_function	1	153.0	RU	harmonized_benchmark	23	2476
integrin	0.8	random	kmer_logistic	TCAATCCTGCACGTACTACGCGAAAACTGTCCCCCGCCTG	fam_0e6349d012a5fc7b	2.946793358368637	decision_function	1	102.9	RU	harmonized_benchmark	23	2476
integrin	0.8	random	kmer_logistic	TCCTAAGATGCGTTAACATTACGTAAGAATCTACCTACC	fam_c30a5a5b86d1bf8a	4.481100154441835	decision_function	0	3.5	RU	harmonized_benchmark	23	2476
integrin	0.8	random	kmer_logistic	TCCTACACTGCGCATAATACGTAACTATCGACCTACCTT	fam_1e377a2fb7a747db	2.072935474777303	decision_function	0	8.8	RU	harmonized_benchmark	23	2476
integrin	0.8	random	kmer_logistic	TCTAGACACTACGCGAAAAGAACCCACGCCTGTGTCTACG	fam_73d2f5ca32636fdf	2.5422173250391222	decision_function	1	65.4	RU	harmonized_benchmark	23	2476
integrin	0.8	random	kmer_logistic	TCTCCTAGTCCATTTTGGCGCACGCGAATACGGGAGACAC	fam_f976924dfb78017b	3.201147412471268	decision_function	1	155.8	RU	harmonized_benchmark	23	2476
integrin	0.8	random	kmer_logistic	TGGAACTACGCGACAAACTTCCCGCCTGTTCCACCTTATG	fam_6669cb644adf66d1	3.1045222487665876	decision_function	1	100.3	RU	harmonized_benchmark	23	2476
integrin	0.8	random	kmer_logistic	TTCCGGCCTACGCAACTTTTTATCCCCTGCCTGGCCGTAAT	fam_270fe5788fb0790c	4.160879437488313	decision_function	1	35.8	RU	harmonized_benchmark	23	2476
integrin	0.8	random	kmer_logistic	TTCCTGCCAATTGAGCACATTACGCAAAAAAATTCCCTGCC	fam_4279a9b8df6a0cd8	3.2312361061648995	decision_function	1	29.5	RU	harmonized_benchmark	23	2476
integrin	0.8	random	kmer_logistic	TTGCATTCCTGCGCCACATTACGCGAAACGATCCCCGCC	fam_6588c23d0ddc2beb	2.3145438935514435	decision_function	1	90.8	RU	harmonized_benchmark	23	2476
integrin	0.8	random	kmer_logistic	TTTCCTAGTCCATTTTGGCGCACGCGAATACGGGAGACAC	fam_f976924dfb78017b	3.5993662192068125	decision_function	1	113.6	RU	harmonized_benchmark	23	2476
integrin	0.8	naive_sequence_random	kmer_ridge	AAACCAGGAGGACGCACATTACGCAAAAAGTATCCCTGCC	fam_b245e619ff6fbf39	0.8186905921609151	predicted_log2_enrichment	1	92.2	RU	harmonized_benchmark	0	2476
integrin	0.8	naive_sequence_random	kmer_ridge	AAGGATACGCATCTAGCACCCCTGCCTTCCTTCTAATGTT	fam_3d80303db7ddc456	0.71677815268826	predicted_log2_enrichment	1	109.2	RU	harmonized_benchmark	0	2476
integrin	0.8	naive_sequence_random	kmer_ridge	ACAAATATGCAACATGTTACGCCAAAAGTTCCCCGGCCTA	fam_abe92cfe3d0d94a8	0.5942929627875018	predicted_log2_enrichment	1	62.6	RU	harmonized_benchmark	0	2476
integrin	0.8	naive_sequence_random	kmer_ridge	ACACATAACACGCCTTTGGAGCGATACCTCCATCAACGAT	fam_61512e2b450fa5b1	0.0970589096673472	predicted_log2_enrichment	1	239.0	RU	harmonized_benchmark	0	2476
integrin	0.8	naive_sequence_random	kmer_ridge	ACCAATAACCGTTCACATTACGCATCAACTCAACCTGCC	fam_47cd004639a6a0a6	-0.6086092643320203	predicted_log2_enrichment	0	18.6	RU	harmonized_benchmark	0	2476
integrin	0.8	naive_sequence_random	kmer_ridge	ACTATATCCGCCGTACTACGCATCTTTTTCTTCCTGCCTG	fam_94c3dd3aa853fdfd	0.132284365646817	predicted_log2_enrichment	1	45.2	RU	harmonized_benchmark	0	2476
integrin	0.8	naive_sequence_random	kmer_ridge	AGCAAGTACGCGAAAATCTTCCCCGCCTCTTGTTGGCATC	fam_8c727c7983ffd45c	0.7805787441102974	predicted_log2_enrichment	1	73.9	RU	harmonized_benchmark	0	2476
integrin	0.8	naive_sequence_random	kmer_ridge	ATTCCAGAGAGCGACACATTACGCGAAACACTCGCCCGCC	fam_1f0df8de0d91313c	-0.3727750902514454	predicted_log2_enrichment	1	45.8	RU	harmonized_benchmark	0	2476
integrin	0.8	naive_sequence_random	kmer_ridge	CACCTCTCCCAACAGCGGAACTGTTTCTCGGTCCAAAAGG	fam_dee0f6a6ebfe4b67	0.34234593578737527	predicted_log2_enrichment	0	24.8	RU	harmonized_benchmark	0	2476
integrin	0.8	naive_sequence_random	kmer_ridge	CTACCAGGTCTTGCACATTACGCGACAACCAAGCCCCGCC	fam_c48f14fcdea4e768	-0.25217266075352585	predicted_log2_enrichment	0	21.9	RU	harmonized_benchmark	0	2476
integrin	0.8	naive_sequence_random	kmer_ridge	GACATCTACGCAAAAGTGTTCCCCTGCCTGATGTGACAAA	fam_97a2b00244aed5ec	0.6776426880798675	predicted_log2_enrichment	1	83.2	RU	harmonized_benchmark	0	2476
integrin	0.8	naive_sequence_random	kmer_ridge	GACTACGCGAAACTTACTCCCCCCGCCTGTCCTTAAACTT	fam_7f9632c20c1230cd	0.39034150527284284	predicted_log2_enrichment	1	95.7	RU	harmonized_benchmark	0	2476
integrin	0.8	naive_sequence_random	kmer_ridge	GCTGTGTCTACGTCCGGATTGGGGACCTGCACGGCCCATG	fam_2bcfdb9efca3e03d	2.0482569805968747	predicted_log2_enrichment	1	260.1	RU	harmonized_benchmark	0	2476
integrin	0.8	naive_sequence_random	kmer_ridge	GTACTACGCCACAACGAACCCCGGCCTGTACCTTTCCGTA	fam_15765d48133718f1	1.4876904417942614	predicted_log2_enrichment	1	99.7	RU	harmonized_benchmark	0	2476
integrin	0.8	naive_sequence_random	kmer_ridge	GTTCAAATCCCCGCACATTACGTAACACTCGAACCCTACC	fam_1eff9caea621fa44	0.01600943718450054	predicted_log2_enrichment	1	46.9	RU	harmonized_benchmark	0	2476
integrin	0.8	naive_sequence_random	kmer_ridge	TAAGACGCACCATAACTACGCAAGAGTTCTCTCTGCCTGA	fam_79641d07ed6733c2	0.337420748532857	predicted_log2_enrichment	0	18.2	RU	harmonized_benchmark	0	2476
integrin	0.8	naive_sequence_random	kmer_ridge	TAGCTCATAACGACCAAAACGACCCAGCAGTTCCTTTCGT	fam_231aaf77d03c2cca	0.1148104169764127	predicted_log2_enrichment	0	21.6	RU	harmonized_benchmark	0	2476
integrin	0.8	naive_sequence_random	kmer_ridge	TCCTACACTGCGCATAATACGTAACTATCGACCTACCTT	fam_1e377a2fb7a747db	0.43940892323659686	predicted_log2_enrichment	0	8.8	RU	harmonized_benchmark	0	2476
integrin	0.8	naive_sequence_random	kmer_ridge	TCCTTAACTTCAGCGTACATTACGCTACATCTCCCCAGCC	fam_259eb8550c5e35bf	-0.46746786050782607	predicted_log2_enrichment	1	120.2	RU	harmonized_benchmark	0	2476
integrin	0.8	naive_sequence_random	kmer_ridge	TCGGAAGCGATCCGAACATTACGCAAAACACCTCCCTGCC	fam_83cb4e7a94a04621	0.17123246231028166	predicted_log2_enrichment	1	75.1	RU	harmonized_benchmark	0	2476
integrin	0.8	naive_sequence_random	kmer_ridge	TCTCCTAGTCCATTTTGGCGCACGCGAATACGGGAGACAC	fam_f976924dfb78017b	1.5237798292398743	predicted_log2_enrichment	1	155.8	RU	harmonized_benchmark	0	2476
integrin	0.8	naive_sequence_random	kmer_ridge	TGCCAAGCCAGGCAGCGTGCATAATCCGAGTAGACATTTT	fam_0e423bb8096220c9	0.9430526738583094	predicted_log2_enrichment	1	65.1	RU	harmonized_benchmark	0	2476
integrin	0.8	naive_sequence_random	kmer_ridge	TGCCATAAGCATACGCAACAAACTCGCCTGCCTTGCTTAG	fam_9a5bde0709909fc2	-0.6920395536883249	predicted_log2_enrichment	1	55.5	RU	harmonized_benchmark	0	2476
integrin	0.8	naive_sequence_random	kmer_ridge	TTATCACCCCTGCACATTACGCAAAAGTATTATCCCTGCC	fam_34dd286cf0198b9e	0.2380033178182011	predicted_log2_enrichment	1	57.2	RU	harmonized_benchmark	0	2476
integrin	0.8	naive_sequence_random	frequency	AAACCAGGAGGACGCACATTACGCAAAAAGTATCCCTGCC	fam_b245e619ff6fbf39	0.0	relative_frequency	1	92.2	RU	harmonized_benchmark	0	2476
integrin	0.8	naive_sequence_random	frequency	AAGGATACGCATCTAGCACCCCTGCCTTCCTTCTAATGTT	fam_3d80303db7ddc456	0.0	relative_frequency	1	109.2	RU	harmonized_benchmark	0	2476
integrin	0.8	naive_sequence_random	frequency	ACAAATATGCAACATGTTACGCCAAAAGTTCCCCGGCCTA	fam_abe92cfe3d0d94a8	0.0	relative_frequency	1	62.6	RU	harmonized_benchmark	0	2476
integrin	0.8	naive_sequence_random	frequency	ACACATAACACGCCTTTGGAGCGATACCTCCATCAACGAT	fam_61512e2b450fa5b1	0.0	relative_frequency	1	239.0	RU	harmonized_benchmark	0	2476
integrin	0.8	naive_sequence_random	frequency	ACCAATAACCGTTCACATTACGCATCAACTCAACCTGCC	fam_47cd004639a6a0a6	0.0	relative_frequency	0	18.6	RU	harmonized_benchmark	0	2476
integrin	0.8	naive_sequence_random	frequency	ACTATATCCGCCGTACTACGCATCTTTTTCTTCCTGCCTG	fam_94c3dd3aa853fdfd	0.0	relative_frequency	1	45.2	RU	harmonized_benchmark	0	2476
integrin	0.8	naive_sequence_random	frequency	AGCAAGTACGCGAAAATCTTCCCCGCCTCTTGTTGGCATC	fam_8c727c7983ffd45c	0.0	relative_frequency	1	73.9	RU	harmonized_benchmark	0	2476
integrin	0.8	naive_sequence_random	frequency	ATTCCAGAGAGCGACACATTACGCGAAACACTCGCCCGCC	fam_1f0df8de0d91313c	0.0	relative_frequency	1	45.8	RU	harmonized_benchmark	0	2476
integrin	0.8	naive_sequence_random	frequency	CACCTCTCCCAACAGCGGAACTGTTTCTCGGTCCAAAAGG	fam_dee0f6a6ebfe4b67	0.0	relative_frequency	0	24.8	RU	harmonized_benchmark	0	2476
integrin	0.8	naive_sequence_random	frequency	CTACCAGGTCTTGCACATTACGCGACAACCAAGCCCCGCC	fam_c48f14fcdea4e768	0.0	relative_frequency	0	21.9	RU	harmonized_benchmark	0	2476
integrin	0.8	naive_sequence_random	frequency	GACATCTACGCAAAAGTGTTCCCCTGCCTGATGTGACAAA	fam_97a2b00244aed5ec	0.0	relative_frequency	1	83.2	RU	harmonized_benchmark	0	2476
integrin	0.8	naive_sequence_random	frequency	GACTACGCGAAACTTACTCCCCCCGCCTGTCCTTAAACTT	fam_7f9632c20c1230cd	0.0	relative_frequency	1	95.7	RU	harmonized_benchmark	0	2476
integrin	0.8	naive_sequence_random	frequency	GCTGTGTCTACGTCCGGATTGGGGACCTGCACGGCCCATG	fam_2bcfdb9efca3e03d	0.0	relative_frequency	1	260.1	RU	harmonized_benchmark	0	2476
integrin	0.8	naive_sequence_random	frequency	GTACTACGCCACAACGAACCCCGGCCTGTACCTTTCCGTA	fam_15765d48133718f1	0.0	relative_frequency	1	99.7	RU	harmonized_benchmark	0	2476
integrin	0.8	naive_sequence_random	frequency	GTTCAAATCCCCGCACATTACGTAACACTCGAACCCTACC	fam_1eff9caea621fa44	0.0	relative_frequency	1	46.9	RU	harmonized_benchmark	0	2476
integrin	0.8	naive_sequence_random	frequency	TAAGACGCACCATAACTACGCAAGAGTTCTCTCTGCCTGA	fam_79641d07ed6733c2	0.0	relative_frequency	0	18.2	RU	harmonized_benchmark	0	2476
integrin	0.8	naive_sequence_random	frequency	TAGCTCATAACGACCAAAACGACCCAGCAGTTCCTTTCGT	fam_231aaf77d03c2cca	0.0	relative_frequency	0	21.6	RU	harmonized_benchmark	0	2476
integrin	0.8	naive_sequence_random	frequency	TCCTACACTGCGCATAATACGTAACTATCGACCTACCTT	fam_1e377a2fb7a747db	0.0	relative_frequency	0	8.8	RU	harmonized_benchmark	0	2476
integrin	0.8	naive_sequence_random	frequency	TCCTTAACTTCAGCGTACATTACGCTACATCTCCCCAGCC	fam_259eb8550c5e35bf	0.0	relative_frequency	1	120.2	RU	harmonized_benchmark	0	2476
integrin	0.8	naive_sequence_random	frequency	TCGGAAGCGATCCGAACATTACGCAAAACACCTCCCTGCC	fam_83cb4e7a94a04621	0.0	relative_frequency	1	75.1	RU	harmonized_benchmark	0	2476
integrin	0.8	naive_sequence_random	frequency	TCTCCTAGTCCATTTTGGCGCACGCGAATACGGGAGACAC	fam_f976924dfb78017b	0.0	relative_frequency	1	155.8	RU	harmonized_benchmark	0	2476
integrin	0.8	naive_sequence_random	frequency	TGCCAAGCCAGGCAGCGTGCATAATCCGAGTAGACATTTT	fam_0e423bb8096220c9	0.0	relative_frequency	1	65.1	RU	harmonized_benchmark	0	2476
integrin	0.8	naive_sequence_random	frequency	TGCCATAAGCATACGCAACAAACTCGCCTGCCTTGCTTAG	fam_9a5bde0709909fc2	0.0	relative_frequency	1	55.5	RU	harmonized_benchmark	0	2476
integrin	0.8	naive_sequence_random	frequency	TTATCACCCCTGCACATTACGCAAAAGTATTATCCCTGCC	fam_34dd286cf0198b9e	0.0	relative_frequency	1	57.2	RU	harmonized_benchmark	0	2476
integrin	0.8	naive_sequence_random	enrichment	AAACCAGGAGGACGCACATTACGCAAAAAGTATCCCTGCC	fam_b245e619ff6fbf39	0.5960968178325448	log2_enrichment	1	92.2	RU	harmonized_benchmark	0	2476
integrin	0.8	naive_sequence_random	enrichment	AAGGATACGCATCTAGCACCCCTGCCTTCCTTCTAATGTT	fam_3d80303db7ddc456	0.5960968178325448	log2_enrichment	1	109.2	RU	harmonized_benchmark	0	2476
integrin	0.8	naive_sequence_random	enrichment	ACAAATATGCAACATGTTACGCCAAAAGTTCCCCGGCCTA	fam_abe92cfe3d0d94a8	0.5960968178325448	log2_enrichment	1	62.6	RU	harmonized_benchmark	0	2476
integrin	0.8	naive_sequence_random	enrichment	ACACATAACACGCCTTTGGAGCGATACCTCCATCAACGAT	fam_61512e2b450fa5b1	0.5960968178325448	log2_enrichment	1	239.0	RU	harmonized_benchmark	0	2476
integrin	0.8	naive_sequence_random	enrichment	ACCAATAACCGTTCACATTACGCATCAACTCAACCTGCC	fam_47cd004639a6a0a6	0.5960968178325448	log2_enrichment	0	18.6	RU	harmonized_benchmark	0	2476
integrin	0.8	naive_sequence_random	enrichment	ACTATATCCGCCGTACTACGCATCTTTTTCTTCCTGCCTG	fam_94c3dd3aa853fdfd	0.5960968178325448	log2_enrichment	1	45.2	RU	harmonized_benchmark	0	2476
integrin	0.8	naive_sequence_random	enrichment	AGCAAGTACGCGAAAATCTTCCCCGCCTCTTGTTGGCATC	fam_8c727c7983ffd45c	0.5960968178325448	log2_enrichment	1	73.9	RU	harmonized_benchmark	0	2476
integrin	0.8	naive_sequence_random	enrichment	ATTCCAGAGAGCGACACATTACGCGAAACACTCGCCCGCC	fam_1f0df8de0d91313c	0.5960968178325448	log2_enrichment	1	45.8	RU	harmonized_benchmark	0	2476
integrin	0.8	naive_sequence_random	enrichment	CACCTCTCCCAACAGCGGAACTGTTTCTCGGTCCAAAAGG	fam_dee0f6a6ebfe4b67	0.5960968178325448	log2_enrichment	0	24.8	RU	harmonized_benchmark	0	2476
integrin	0.8	naive_sequence_random	enrichment	CTACCAGGTCTTGCACATTACGCGACAACCAAGCCCCGCC	fam_c48f14fcdea4e768	0.5960968178325448	log2_enrichment	0	21.9	RU	harmonized_benchmark	0	2476
integrin	0.8	naive_sequence_random	enrichment	GACATCTACGCAAAAGTGTTCCCCTGCCTGATGTGACAAA	fam_97a2b00244aed5ec	0.5960968178325448	log2_enrichment	1	83.2	RU	harmonized_benchmark	0	2476
integrin	0.8	naive_sequence_random	enrichment	GACTACGCGAAACTTACTCCCCCCGCCTGTCCTTAAACTT	fam_7f9632c20c1230cd	0.5960968178325448	log2_enrichment	1	95.7	RU	harmonized_benchmark	0	2476
integrin	0.8	naive_sequence_random	enrichment	GCTGTGTCTACGTCCGGATTGGGGACCTGCACGGCCCATG	fam_2bcfdb9efca3e03d	0.5960968178325448	log2_enrichment	1	260.1	RU	harmonized_benchmark	0	2476
integrin	0.8	naive_sequence_random	enrichment	GTACTACGCCACAACGAACCCCGGCCTGTACCTTTCCGTA	fam_15765d48133718f1	0.5960968178325448	log2_enrichment	1	99.7	RU	harmonized_benchmark	0	2476
integrin	0.8	naive_sequence_random	enrichment	GTTCAAATCCCCGCACATTACGTAACACTCGAACCCTACC	fam_1eff9caea621fa44	0.5960968178325448	log2_enrichment	1	46.9	RU	harmonized_benchmark	0	2476
integrin	0.8	naive_sequence_random	enrichment	TAAGACGCACCATAACTACGCAAGAGTTCTCTCTGCCTGA	fam_79641d07ed6733c2	0.5960968178325448	log2_enrichment	0	18.2	RU	harmonized_benchmark	0	2476
integrin	0.8	naive_sequence_random	enrichment	TAGCTCATAACGACCAAAACGACCCAGCAGTTCCTTTCGT	fam_231aaf77d03c2cca	0.5960968178325448	log2_enrichment	0	21.6	RU	harmonized_benchmark	0	2476
integrin	0.8	naive_sequence_random	enrichment	TCCTACACTGCGCATAATACGTAACTATCGACCTACCTT	fam_1e377a2fb7a747db	0.5960968178325448	log2_enrichment	0	8.8	RU	harmonized_benchmark	0	2476
integrin	0.8	naive_sequence_random	enrichment	TCCTTAACTTCAGCGTACATTACGCTACATCTCCCCAGCC	fam_259eb8550c5e35bf	0.5960968178325448	log2_enrichment	1	120.2	RU	harmonized_benchmark	0	2476
integrin	0.8	naive_sequence_random	enrichment	TCGGAAGCGATCCGAACATTACGCAAAACACCTCCCTGCC	fam_83cb4e7a94a04621	0.5960968178325448	log2_enrichment	1	75.1	RU	harmonized_benchmark	0	2476
integrin	0.8	naive_sequence_random	enrichment	TCTCCTAGTCCATTTTGGCGCACGCGAATACGGGAGACAC	fam_f976924dfb78017b	0.5960968178325448	log2_enrichment	1	155.8	RU	harmonized_benchmark	0	2476
integrin	0.8	naive_sequence_random	enrichment	TGCCAAGCCAGGCAGCGTGCATAATCCGAGTAGACATTTT	fam_0e423bb8096220c9	0.5960968178325448	log2_enrichment	1	65.1	RU	harmonized_benchmark	0	2476
integrin	0.8	naive_sequence_random	enrichment	TGCCATAAGCATACGCAACAAACTCGCCTGCCTTGCTTAG	fam_9a5bde0709909fc2	0.5960968178325448	log2_enrichment	1	55.5	RU	harmonized_benchmark	0	2476
integrin	0.8	naive_sequence_random	enrichment	TTATCACCCCTGCACATTACGCAAAAGTATTATCCCTGCC	fam_34dd286cf0198b9e	0.5960968178325448	log2_enrichment	1	57.2	RU	harmonized_benchmark	0	2476
integrin	0.8	naive_sequence_random	frequency_observed	AAACCAGGAGGACGCACATTACGCAAAAAGTATCCCTGCC	fam_b245e619ff6fbf39	0.0008234797297297298	relative_frequency	1	92.2	RU	observational_reference	0	2476
integrin	0.8	naive_sequence_random	frequency_observed	AAGGATACGCATCTAGCACCCCTGCCTTCCTTCTAATGTT	fam_3d80303db7ddc456	0.0027238175675675675	relative_frequency	1	109.2	RU	observational_reference	0	2476
integrin	0.8	naive_sequence_random	frequency_observed	ACAAATATGCAACATGTTACGCCAAAAGTTCCCCGGCCTA	fam_abe92cfe3d0d94a8	0.00046452702702702705	relative_frequency	1	62.6	RU	observational_reference	0	2476
integrin	0.8	naive_sequence_random	frequency_observed	ACACATAACACGCCTTTGGAGCGATACCTCCATCAACGAT	fam_61512e2b450fa5b1	0.003631756756756757	relative_frequency	1	239.0	RU	observational_reference	0	2476
integrin	0.8	naive_sequence_random	frequency_observed	ACCAATAACCGTTCACATTACGCATCAACTCAACCTGCC	fam_47cd004639a6a0a6	6.33445945945946e-05	relative_frequency	0	18.6	RU	observational_reference	0	2476
integrin	0.8	naive_sequence_random	frequency_observed	ACTATATCCGCCGTACTACGCATCTTTTTCTTCCTGCCTG	fam_94c3dd3aa853fdfd	0.0016258445945945947	relative_frequency	1	45.2	RU	observational_reference	0	2476
integrin	0.8	naive_sequence_random	frequency_observed	AGCAAGTACGCGAAAATCTTCCCCGCCTCTTGTTGGCATC	fam_8c727c7983ffd45c	0.005933277027027027	relative_frequency	1	73.9	RU	observational_reference	0	2476
integrin	0.8	naive_sequence_random	frequency_observed	ATTCCAGAGAGCGACACATTACGCGAAACACTCGCCCGCC	fam_1f0df8de0d91313c	0.0001266891891891892	relative_frequency	1	45.8	RU	observational_reference	0	2476
integrin	0.8	naive_sequence_random	frequency_observed	CACCTCTCCCAACAGCGGAACTGTTTCTCGGTCCAAAAGG	fam_dee0f6a6ebfe4b67	0.000633445945945946	relative_frequency	0	24.8	RU	observational_reference	0	2476
integrin	0.8	naive_sequence_random	frequency_observed	CTACCAGGTCTTGCACATTACGCGACAACCAAGCCCCGCC	fam_c48f14fcdea4e768	6.33445945945946e-05	relative_frequency	0	21.9	RU	observational_reference	0	2476
integrin	0.8	naive_sequence_random	frequency_observed	GACATCTACGCAAAAGTGTTCCCCTGCCTGATGTGACAAA	fam_97a2b00244aed5ec	0.007326858108108108	relative_frequency	1	83.2	RU	observational_reference	0	2476
integrin	0.8	naive_sequence_random	frequency_observed	GACTACGCGAAACTTACTCCCCCCGCCTGTCCTTAAACTT	fam_7f9632c20c1230cd	0.0006967905405405406	relative_frequency	1	95.7	RU	observational_reference	0	2476
integrin	0.8	naive_sequence_random	frequency_observed	GCTGTGTCTACGTCCGGATTGGGGACCTGCACGGCCCATG	fam_2bcfdb9efca3e03d	0.01002956081081081	relative_frequency	1	260.1	RU	observational_reference	0	2476
integrin	0.8	naive_sequence_random	frequency_observed	GTACTACGCCACAACGAACCCCGGCCTGTACCTTTCCGTA	fam_15765d48133718f1	0.05076013513513514	relative_frequency	1	99.7	RU	observational_reference	0	2476
integrin	0.8	naive_sequence_random	frequency_observed	GTTCAAATCCCCGCACATTACGTAACACTCGAACCCTACC	fam_1eff9caea621fa44	0.0006123310810810811	relative_frequency	1	46.9	RU	observational_reference	0	2476
integrin	0.8	naive_sequence_random	frequency_observed	TAAGACGCACCATAACTACGCAAGAGTTCTCTCTGCCTGA	fam_79641d07ed6733c2	0.005996621621621622	relative_frequency	0	18.2	RU	observational_reference	0	2476
integrin	0.8	naive_sequence_random	frequency_observed	TAGCTCATAACGACCAAAACGACCCAGCAGTTCCTTTCGT	fam_231aaf77d03c2cca	0.0010768581081081082	relative_frequency	0	21.6	RU	observational_reference	0	2476
integrin	0.8	naive_sequence_random	frequency_observed	TCCTACACTGCGCATAATACGTAACTATCGACCTACCTT	fam_1e377a2fb7a747db	0.0019847972972972974	relative_frequency	0	8.8	RU	observational_reference	0	2476
integrin	0.8	naive_sequence_random	frequency_observed	TCCTTAACTTCAGCGTACATTACGCTACATCTCCCCAGCC	fam_259eb8550c5e35bf	0.0015202702702702704	relative_frequency	1	120.2	RU	observational_reference	0	2476
integrin	0.8	naive_sequence_random	frequency_observed	TCGGAAGCGATCCGAACATTACGCAAAACACCTCCCTGCC	fam_83cb4e7a94a04621	0.00033783783783783786	relative_frequency	1	75.1	RU	observational_reference	0	2476
integrin	0.8	naive_sequence_random	frequency_observed	TCTCCTAGTCCATTTTGGCGCACGCGAATACGGGAGACAC	fam_f976924dfb78017b	0.04049831081081081	relative_frequency	1	155.8	RU	observational_reference	0	2476
integrin	0.8	naive_sequence_random	frequency_observed	TGCCAAGCCAGGCAGCGTGCATAATCCGAGTAGACATTTT	fam_0e423bb8096220c9	0.006503378378378379	relative_frequency	1	65.1	RU	observational_reference	0	2476
integrin	0.8	naive_sequence_random	frequency_observed	TGCCATAAGCATACGCAACAAACTCGCCTGCCTTGCTTAG	fam_9a5bde0709909fc2	0.00021114864864864866	relative_frequency	1	55.5	RU	observational_reference	0	2476
integrin	0.8	naive_sequence_random	frequency_observed	TTATCACCCCTGCACATTACGCAAAAGTATTATCCCTGCC	fam_34dd286cf0198b9e	0.0018581081081081082	relative_frequency	1	57.2	RU	observational_reference	0	2476
integrin	0.8	naive_sequence_random	enrichment_observed	AAACCAGGAGGACGCACATTACGCAAAAAGTATCCCTGCC	fam_b245e619ff6fbf39	-0.7796025334957986	log2_enrichment	1	92.2	RU	observational_reference	0	2476
integrin	0.8	naive_sequence_random	enrichment_observed	AAGGATACGCATCTAGCACCCCTGCCTTCCTTCTAATGTT	fam_3d80303db7ddc456	-0.2727912678202969	log2_enrichment	1	109.2	RU	observational_reference	0	2476
integrin	0.8	naive_sequence_random	enrichment_observed	ACAAATATGCAACATGTTACGCCAAAAGTTCCCCGGCCTA	fam_abe92cfe3d0d94a8	-0.020574542615949973	log2_enrichment	1	62.6	RU	observational_reference	0	2476
integrin	0.8	naive_sequence_random	enrichment_observed	ACACATAACACGCCTTTGGAGCGATACCTCCATCAACGAT	fam_61512e2b450fa5b1	-0.32880172692673687	log2_enrichment	1	239.0	RU	observational_reference	0	2476
integrin	0.8	naive_sequence_random	enrichment_observed	ACCAATAACCGTTCACATTACGCATCAACTCAACCTGCC	fam_47cd004639a6a0a6	-1.1201102161668643	log2_enrichment	0	18.6	RU	observational_reference	0	2476
integrin	0.8	naive_sequence_random	enrichment_observed	ACTATATCCGCCGTACTACGCATCTTTTTCTTCCTGCCTG	fam_94c3dd3aa853fdfd	-0.8316823503378818	log2_enrichment	1	45.2	RU	observational_reference	0	2476
integrin	0.8	naive_sequence_random	enrichment_observed	AGCAAGTACGCGAAAATCTTCCCCGCCTCTTGTTGGCATC	fam_8c727c7983ffd45c	-0.006692679860486207	log2_enrichment	1	73.9	RU	observational_reference	0	2476
integrin	0.8	naive_sequence_random	enrichment_observed	ATTCCAGAGAGCGACACATTACGCGAAACACTCGCCCGCC	fam_1f0df8de0d91313c	-2.843014816425157	log2_enrichment	1	45.8	RU	observational_reference	0	2476
integrin	0.8	naive_sequence_random	enrichment_observed	CACCTCTCCCAACAGCGGAACTGTTTCTCGGTCCAAAAGG	fam_dee0f6a6ebfe4b67	-0.5499814416554002	log2_enrichment	0	24.8	RU	observational_reference	0	2476
integrin	0.8	naive_sequence_random	enrichment_observed	CTACCAGGTCTTGCACATTACGCGACAACCAAGCCCCGCC	fam_c48f14fcdea4e768	-1.640942379468305	log2_enrichment	0	21.9	RU	observational_reference	0	2476
integrin	0.8	naive_sequence_random	enrichment_observed	GACATCTACGCAAAAGTGTTCCCCTGCCTGATGTGACAAA	fam_97a2b00244aed5ec	0.33479330007786656	log2_enrichment	1	83.2	RU	observational_reference	0	2476
integrin	0.8	naive_sequence_random	enrichment_observed	GACTACGCGAAACTTACTCCCCCCGCCTGTCCTTAAACTT	fam_7f9632c20c1230cd	0.15439136809162052	log2_enrichment	1	95.7	RU	observational_reference	0	2476
integrin	0.8	naive_sequence_random	enrichment_observed	GCTGTGTCTACGTCCGGATTGGGGACCTGCACGGCCCATG	fam_2bcfdb9efca3e03d	1.5381136337261359	log2_enrichment	1	260.1	RU	observational_reference	0	2476
integrin	0.8	naive_sequence_random	enrichment_observed	GTACTACGCCACAACGAACCCCGGCCTGTACCTTTCCGTA	fam_15765d48133718f1	0.7966061212705425	log2_enrichment	1	99.7	RU	observational_reference	0	2476
integrin	0.8	naive_sequence_random	enrichment_observed	GTTCAAATCCCCGCACATTACGTAACACTCGAACCCTACC	fam_1eff9caea621fa44	-1.2147470903049398	log2_enrichment	1	46.9	RU	observational_reference	0	2476
integrin	0.8	naive_sequence_random	enrichment_observed	TAAGACGCACCATAACTACGCAAGAGTTCTCTCTGCCTGA	fam_79641d07ed6733c2	-0.3244208744050813	log2_enrichment	0	18.2	RU	observational_reference	0	2476
integrin	0.8	naive_sequence_random	enrichment_observed	TAGCTCATAACGACCAAAACGACCCAGCAGTTCCTTTCGT	fam_231aaf77d03c2cca	-1.6510933099364709	log2_enrichment	0	21.6	RU	observational_reference	0	2476
integrin	0.8	naive_sequence_random	enrichment_observed	TCCTACACTGCGCATAATACGTAACTATCGACCTACCTT	fam_1e377a2fb7a747db	-0.016586440447061795	log2_enrichment	0	8.8	RU	observational_reference	0	2476
integrin	0.8	naive_sequence_random	enrichment_observed	TCCTTAACTTCAGCGTACATTACGCTACATCTCCCCAGCC	fam_259eb8550c5e35bf	-0.3584204123734473	log2_enrichment	1	120.2	RU	observational_reference	0	2476
integrin	0.8	naive_sequence_random	enrichment_observed	TCGGAAGCGATCCGAACATTACGCAAAACACCTCCCTGCC	fam_83cb4e7a94a04621	-1.436324659859833	log2_enrichment	1	75.1	RU	observational_reference	0	2476
integrin	0.8	naive_sequence_random	enrichment_observed	TCTCCTAGTCCATTTTGGCGCACGCGAATACGGGAGACAC	fam_f976924dfb78017b	1.1004469887211599	log2_enrichment	1	155.8	RU	observational_reference	0	2476
integrin	0.8	naive_sequence_random	enrichment_observed	TGCCAAGCCAGGCAGCGTGCATAATCCGAGTAGACATTTT	fam_0e423bb8096220c9	-0.25501438035999724	log2_enrichment	1	65.1	RU	observational_reference	0	2476
integrin	0.8	naive_sequence_random	enrichment_observed	TGCCATAAGCATACGCAACAAACTCGCCTGCCTTGCTTAG	fam_9a5bde0709909fc2	-1.35143576227332	log2_enrichment	1	55.5	RU	observational_reference	0	2476
integrin	0.8	naive_sequence_random	enrichment_observed	TTATCACCCCTGCACATTACGCAAAAGTATTATCCCTGCC	fam_34dd286cf0198b9e	-0.8991936374217189	log2_enrichment	1	57.2	RU	observational_reference	0	2476
integrin	0.8	naive_sequence_random	kmer_logistic	AAACCAGGAGGACGCACATTACGCAAAAAGTATCCCTGCC	fam_b245e619ff6fbf39	1.350388036989489	decision_function	1	92.2	RU	harmonized_benchmark	24	2476
integrin	0.8	naive_sequence_random	kmer_logistic	AAGGATACGCATCTAGCACCCCTGCCTTCCTTCTAATGTT	fam_3d80303db7ddc456	0.06155273217513524	decision_function	1	109.2	RU	harmonized_benchmark	24	2476
integrin	0.8	naive_sequence_random	kmer_logistic	ACAAATATGCAACATGTTACGCCAAAAGTTCCCCGGCCTA	fam_abe92cfe3d0d94a8	2.1437184288325546	decision_function	1	62.6	RU	harmonized_benchmark	24	2476
integrin	0.8	naive_sequence_random	kmer_logistic	ACACATAACACGCCTTTGGAGCGATACCTCCATCAACGAT	fam_61512e2b450fa5b1	1.4551418976101518	decision_function	1	239.0	RU	harmonized_benchmark	24	2476
integrin	0.8	naive_sequence_random	kmer_logistic	ACCAATAACCGTTCACATTACGCATCAACTCAACCTGCC	fam_47cd004639a6a0a6	1.2313521980902205	decision_function	0	18.6	RU	harmonized_benchmark	24	2476
integrin	0.8	naive_sequence_random	kmer_logistic	ACTATATCCGCCGTACTACGCATCTTTTTCTTCCTGCCTG	fam_94c3dd3aa853fdfd	-1.296937448214882	decision_function	1	45.2	RU	harmonized_benchmark	24	2476
integrin	0.8	naive_sequence_random	kmer_logistic	AGCAAGTACGCGAAAATCTTCCCCGCCTCTTGTTGGCATC	fam_8c727c7983ffd45c	1.1645294957639498	decision_function	1	73.9	RU	harmonized_benchmark	24	2476
integrin	0.8	naive_sequence_random	kmer_logistic	ATTCCAGAGAGCGACACATTACGCGAAACACTCGCCCGCC	fam_1f0df8de0d91313c	2.6672477304226527	decision_function	1	45.8	RU	harmonized_benchmark	24	2476
integrin	0.8	naive_sequence_random	kmer_logistic	CACCTCTCCCAACAGCGGAACTGTTTCTCGGTCCAAAAGG	fam_dee0f6a6ebfe4b67	0.8397259454010345	decision_function	0	24.8	RU	harmonized_benchmark	24	2476
integrin	0.8	naive_sequence_random	kmer_logistic	CTACCAGGTCTTGCACATTACGCGACAACCAAGCCCCGCC	fam_c48f14fcdea4e768	2.4852137157703504	decision_function	0	21.9	RU	harmonized_benchmark	24	2476
integrin	0.8	naive_sequence_random	kmer_logistic	GACATCTACGCAAAAGTGTTCCCCTGCCTGATGTGACAAA	fam_97a2b00244aed5ec	1.0174803682100877	decision_function	1	83.2	RU	harmonized_benchmark	24	2476
integrin	0.8	naive_sequence_random	kmer_logistic	GACTACGCGAAACTTACTCCCCCCGCCTGTCCTTAAACTT	fam_7f9632c20c1230cd	0.93124287498184	decision_function	1	95.7	RU	harmonized_benchmark	24	2476
integrin	0.8	naive_sequence_random	kmer_logistic	GCTGTGTCTACGTCCGGATTGGGGACCTGCACGGCCCATG	fam_2bcfdb9efca3e03d	3.1178293774044414	decision_function	1	260.1	RU	harmonized_benchmark	24	2476
integrin	0.8	naive_sequence_random	kmer_logistic	GTACTACGCCACAACGAACCCCGGCCTGTACCTTTCCGTA	fam_15765d48133718f1	1.5187015918832893	decision_function	1	99.7	RU	harmonized_benchmark	24	2476
integrin	0.8	naive_sequence_random	kmer_logistic	GTTCAAATCCCCGCACATTACGTAACACTCGAACCCTACC	fam_1eff9caea621fa44	1.2096695959166754	decision_function	1	46.9	RU	harmonized_benchmark	24	2476
integrin	0.8	naive_sequence_random	kmer_logistic	TAAGACGCACCATAACTACGCAAGAGTTCTCTCTGCCTGA	fam_79641d07ed6733c2	-0.7297382005702684	decision_function	0	18.2	RU	harmonized_benchmark	24	2476
integrin	0.8	naive_sequence_random	kmer_logistic	TAGCTCATAACGACCAAAACGACCCAGCAGTTCCTTTCGT	fam_231aaf77d03c2cca	1.6203952138548823	decision_function	0	21.6	RU	harmonized_benchmark	24	2476
integrin	0.8	naive_sequence_random	kmer_logistic	TCCTACACTGCGCATAATACGTAACTATCGACCTACCTT	fam_1e377a2fb7a747db	-2.230030375815124	decision_function	0	8.8	RU	harmonized_benchmark	24	2476
integrin	0.8	naive_sequence_random	kmer_logistic	TCCTTAACTTCAGCGTACATTACGCTACATCTCCCCAGCC	fam_259eb8550c5e35bf	1.17377177596504	decision_function	1	120.2	RU	harmonized_benchmark	24	2476
integrin	0.8	naive_sequence_random	kmer_logistic	TCGGAAGCGATCCGAACATTACGCAAAACACCTCCCTGCC	fam_83cb4e7a94a04621	2.2754060869416186	decision_function	1	75.1	RU	harmonized_benchmark	24	2476
integrin	0.8	naive_sequence_random	kmer_logistic	TCTCCTAGTCCATTTTGGCGCACGCGAATACGGGAGACAC	fam_f976924dfb78017b	2.456675122911096	decision_function	1	155.8	RU	harmonized_benchmark	24	2476
integrin	0.8	naive_sequence_random	kmer_logistic	TGCCAAGCCAGGCAGCGTGCATAATCCGAGTAGACATTTT	fam_0e423bb8096220c9	1.5285541241298046	decision_function	1	65.1	RU	harmonized_benchmark	24	2476
integrin	0.8	naive_sequence_random	kmer_logistic	TGCCATAAGCATACGCAACAAACTCGCCTGCCTTGCTTAG	fam_9a5bde0709909fc2	0.5734700314355625	decision_function	1	55.5	RU	harmonized_benchmark	24	2476
integrin	0.8	naive_sequence_random	kmer_logistic	TTATCACCCCTGCACATTACGCAAAAGTATTATCCCTGCC	fam_34dd286cf0198b9e	1.6199351466813776	decision_function	1	57.2	RU	harmonized_benchmark	24	2476
integrin	0.9	family	kmer_ridge	ACACATAACACGCCTTTGGAGCGATACCTCCATCAACGAT	fam_61512e2b450fa5b1	-0.3353597343857936	predicted_log2_enrichment	1	239.0	RU	harmonized_benchmark	0	2214
integrin	0.9	family	kmer_ridge	ACCAATAACCGTTCACATTACGCATCAACTCAACCTGCC	fam_47cd004639a6a0a6	-0.70119413836823	predicted_log2_enrichment	0	18.6	RU	harmonized_benchmark	0	2214
integrin	0.9	family	kmer_ridge	AGCAAGTACGCGAAAATCTTCCCCGCCTCTTGTTGGCATC	fam_8c727c7983ffd45c	0.5358860502107936	predicted_log2_enrichment	1	73.9	RU	harmonized_benchmark	0	2214
integrin	0.9	family	kmer_ridge	AGCGACTAAACGCAGAGAAATCGTCTCCCTGAGGTTCCGA	fam_db79d6a9db13e668	-0.020570538680962702	predicted_log2_enrichment	0	5.0	RU	harmonized_benchmark	0	2214
integrin	0.9	family	kmer_ridge	ATTGTGACCCGATTTGTCACTCTTTCTATGTACGCGGAAT	fam_0b751e18ea4dfdcd	1.7430685491420927	predicted_log2_enrichment	0	-0.1	RU	harmonized_benchmark	0	2214
integrin	0.9	family	kmer_ridge	CACCTCTCCCAACAGCGGAACTGTTTCTCGGTCCAAAAGG	fam_dee0f6a6ebfe4b67	0.5541196942760546	predicted_log2_enrichment	0	24.8	RU	harmonized_benchmark	0	2214
integrin	0.9	family	kmer_ridge	CACTACGCAAACTCCTTCTGCCTGTGCTTGAAAAACGCAT	fam_027d18c491f4d376	0.32799734785634105	predicted_log2_enrichment	0	24.1	RU	harmonized_benchmark	0	2214
integrin	0.9	family	kmer_ridge	CTGGATTACGCGAAAAAACTCCTCGCCTATCGCAGCAATG	fam_c6686a55890956db	0.7036026752131793	predicted_log2_enrichment	1	40.6	RU	harmonized_benchmark	0	2214
integrin	0.9	family	kmer_ridge	GACATCTACGCAAAAGTGTTCCCCTGCCTGATGTGACAAA	fam_4273bd180ab67043	-0.09682682431368117	predicted_log2_enrichment	1	83.2	RU	harmonized_benchmark	0	2214
integrin	0.9	family	kmer_ridge	GACTACCATCGAACGTACATTACGCTACTCTCTACCAGC	fam_fa109b5b45bc5b3f	-0.33679761502325833	predicted_log2_enrichment	0	-4.2	RU	harmonized_benchmark	0	2214
integrin	0.9	family	kmer_ridge	GTGCACGGCAATACGCATGACGTTCACCCTGCCTTTGCCT	fam_598a4d098b675f9b	0.18114498854065614	predicted_log2_enrichment	1	51.1	RU	harmonized_benchmark	0	2214
integrin	0.9	family	kmer_ridge	TAAGACGCACCATAACTACGCAAGAGTTCTCTCTGCCTGA	fam_79641d07ed6733c2	-0.26859163119827945	predicted_log2_enrichment	0	18.2	RU	harmonized_benchmark	0	2214
integrin	0.9	family	kmer_ridge	TACGACTACTTCGGCACATTACGCGACGATCGAACCCGCC	fam_55b1b61f206d17cf	0.15462811887970862	predicted_log2_enrichment	1	47.0	RU	harmonized_benchmark	0	2214
integrin	0.9	family	kmer_ridge	TAGCTCATAACGACCAAAACGACCCAGCAGTTCCTTTCGT	fam_231aaf77d03c2cca	0.13161762755021378	predicted_log2_enrichment	0	21.6	RU	harmonized_benchmark	0	2214
integrin	0.9	family	kmer_ridge	TAGCTCCGCGCGCACGTTACGCGAAAACGTTCTGCCCGCC	fam_2ec06c8b2f1ea9ce	0.3577555449806046	predicted_log2_enrichment	1	153.0	RU	harmonized_benchmark	0	2214
integrin	0.9	family	kmer_ridge	TCAATCCTGCACGTACTACGCGAAAACTGTCCCCCGCCTG	fam_0e6349d012a5fc7b	0.8304931197085007	predicted_log2_enrichment	1	102.9	RU	harmonized_benchmark	0	2214
integrin	0.9	family	kmer_ridge	TCCTAAGATGCGTTAACATTACGTAAGAATCTACCTACC	fam_c30a5a5b86d1bf8a	-0.15725909737127008	predicted_log2_enrichment	0	3.5	RU	harmonized_benchmark	0	2214
integrin	0.9	family	kmer_ridge	TCCTACACTGCGCATAATACGTAACTATCGACCTACCTT	fam_1e377a2fb7a747db	0.08989787435158536	predicted_log2_enrichment	0	8.8	RU	harmonized_benchmark	0	2214
integrin	0.9	family	kmer_ridge	TCTAGACACTACGCGAAAAGAACCCACGCCTGTGTCTACG	fam_73d2f5ca32636fdf	1.0981637089850071	predicted_log2_enrichment	1	65.4	RU	harmonized_benchmark	0	2214
integrin	0.9	family	kmer_ridge	TCTCCTAGTCCATTTTGGCGCACGCGAATACGGGAGACAC	fam_778f5ebd95e894a6	0.9520303981692364	predicted_log2_enrichment	1	155.8	RU	harmonized_benchmark	0	2214
integrin	0.9	family	kmer_ridge	TGGAACTACGCGACAAACTTCCCGCCTGTTCCACCTTATG	fam_6669cb644adf66d1	0.5155943983167723	predicted_log2_enrichment	1	100.3	RU	harmonized_benchmark	0	2214
integrin	0.9	family	kmer_ridge	TTCCGGCCTACGCAACTTTTTATCCCCTGCCTGGCCGTAAT	fam_270fe5788fb0790c	0.7268292879824287	predicted_log2_enrichment	1	35.8	RU	harmonized_benchmark	0	2214
integrin	0.9	family	kmer_ridge	TTCCTGCCAATTGAGCACATTACGCAAAAAAATTCCCTGCC	fam_4279a9b8df6a0cd8	0.044666950391706206	predicted_log2_enrichment	1	29.5	RU	harmonized_benchmark	0	2214
integrin	0.9	family	kmer_ridge	TTGCATTCCTGCGCCACATTACGCGAAACGATCCCCGCC	fam_cba6492fdc904815	0.14733595578064373	predicted_log2_enrichment	1	90.8	RU	harmonized_benchmark	0	2214
integrin	0.9	family	kmer_ridge	TTTCCTAGTCCATTTTGGCGCACGCGAATACGGGAGACAC	fam_778f5ebd95e894a6	1.1807190812834127	predicted_log2_enrichment	1	113.6	RU	harmonized_benchmark	0	2214
integrin	0.9	family	frequency	ACACATAACACGCCTTTGGAGCGATACCTCCATCAACGAT	fam_61512e2b450fa5b1	0.0	relative_frequency	1	239.0	RU	harmonized_benchmark	0	2214
integrin	0.9	family	frequency	ACCAATAACCGTTCACATTACGCATCAACTCAACCTGCC	fam_47cd004639a6a0a6	0.0	relative_frequency	0	18.6	RU	harmonized_benchmark	0	2214
integrin	0.9	family	frequency	AGCAAGTACGCGAAAATCTTCCCCGCCTCTTGTTGGCATC	fam_8c727c7983ffd45c	0.0	relative_frequency	1	73.9	RU	harmonized_benchmark	0	2214
integrin	0.9	family	frequency	AGCGACTAAACGCAGAGAAATCGTCTCCCTGAGGTTCCGA	fam_db79d6a9db13e668	0.0	relative_frequency	0	5.0	RU	harmonized_benchmark	0	2214
integrin	0.9	family	frequency	ATTGTGACCCGATTTGTCACTCTTTCTATGTACGCGGAAT	fam_0b751e18ea4dfdcd	0.0	relative_frequency	0	-0.1	RU	harmonized_benchmark	0	2214
integrin	0.9	family	frequency	CACCTCTCCCAACAGCGGAACTGTTTCTCGGTCCAAAAGG	fam_dee0f6a6ebfe4b67	0.0	relative_frequency	0	24.8	RU	harmonized_benchmark	0	2214
integrin	0.9	family	frequency	CACTACGCAAACTCCTTCTGCCTGTGCTTGAAAAACGCAT	fam_027d18c491f4d376	0.0	relative_frequency	0	24.1	RU	harmonized_benchmark	0	2214
integrin	0.9	family	frequency	CTGGATTACGCGAAAAAACTCCTCGCCTATCGCAGCAATG	fam_c6686a55890956db	0.0	relative_frequency	1	40.6	RU	harmonized_benchmark	0	2214
integrin	0.9	family	frequency	GACATCTACGCAAAAGTGTTCCCCTGCCTGATGTGACAAA	fam_4273bd180ab67043	0.0	relative_frequency	1	83.2	RU	harmonized_benchmark	0	2214
integrin	0.9	family	frequency	GACTACCATCGAACGTACATTACGCTACTCTCTACCAGC	fam_fa109b5b45bc5b3f	0.0	relative_frequency	0	-4.2	RU	harmonized_benchmark	0	2214
integrin	0.9	family	frequency	GTGCACGGCAATACGCATGACGTTCACCCTGCCTTTGCCT	fam_598a4d098b675f9b	0.0	relative_frequency	1	51.1	RU	harmonized_benchmark	0	2214
integrin	0.9	family	frequency	TAAGACGCACCATAACTACGCAAGAGTTCTCTCTGCCTGA	fam_79641d07ed6733c2	0.0	relative_frequency	0	18.2	RU	harmonized_benchmark	0	2214
integrin	0.9	family	frequency	TACGACTACTTCGGCACATTACGCGACGATCGAACCCGCC	fam_55b1b61f206d17cf	0.0	relative_frequency	1	47.0	RU	harmonized_benchmark	0	2214
integrin	0.9	family	frequency	TAGCTCATAACGACCAAAACGACCCAGCAGTTCCTTTCGT	fam_231aaf77d03c2cca	0.0	relative_frequency	0	21.6	RU	harmonized_benchmark	0	2214
integrin	0.9	family	frequency	TAGCTCCGCGCGCACGTTACGCGAAAACGTTCTGCCCGCC	fam_2ec06c8b2f1ea9ce	0.0	relative_frequency	1	153.0	RU	harmonized_benchmark	0	2214
integrin	0.9	family	frequency	TCAATCCTGCACGTACTACGCGAAAACTGTCCCCCGCCTG	fam_0e6349d012a5fc7b	0.0	relative_frequency	1	102.9	RU	harmonized_benchmark	0	2214
integrin	0.9	family	frequency	TCCTAAGATGCGTTAACATTACGTAAGAATCTACCTACC	fam_c30a5a5b86d1bf8a	0.0	relative_frequency	0	3.5	RU	harmonized_benchmark	0	2214
integrin	0.9	family	frequency	TCCTACACTGCGCATAATACGTAACTATCGACCTACCTT	fam_1e377a2fb7a747db	0.0	relative_frequency	0	8.8	RU	harmonized_benchmark	0	2214
integrin	0.9	family	frequency	TCTAGACACTACGCGAAAAGAACCCACGCCTGTGTCTACG	fam_73d2f5ca32636fdf	0.0	relative_frequency	1	65.4	RU	harmonized_benchmark	0	2214
integrin	0.9	family	frequency	TCTCCTAGTCCATTTTGGCGCACGCGAATACGGGAGACAC	fam_778f5ebd95e894a6	0.0	relative_frequency	1	155.8	RU	harmonized_benchmark	0	2214
integrin	0.9	family	frequency	TGGAACTACGCGACAAACTTCCCGCCTGTTCCACCTTATG	fam_6669cb644adf66d1	0.0	relative_frequency	1	100.3	RU	harmonized_benchmark	0	2214
integrin	0.9	family	frequency	TTCCGGCCTACGCAACTTTTTATCCCCTGCCTGGCCGTAAT	fam_270fe5788fb0790c	0.0	relative_frequency	1	35.8	RU	harmonized_benchmark	0	2214
integrin	0.9	family	frequency	TTCCTGCCAATTGAGCACATTACGCAAAAAAATTCCCTGCC	fam_4279a9b8df6a0cd8	0.0	relative_frequency	1	29.5	RU	harmonized_benchmark	0	2214
integrin	0.9	family	frequency	TTGCATTCCTGCGCCACATTACGCGAAACGATCCCCGCC	fam_cba6492fdc904815	0.0	relative_frequency	1	90.8	RU	harmonized_benchmark	0	2214
integrin	0.9	family	frequency	TTTCCTAGTCCATTTTGGCGCACGCGAATACGGGAGACAC	fam_778f5ebd95e894a6	0.0	relative_frequency	1	113.6	RU	harmonized_benchmark	0	2214
integrin	0.9	family	enrichment	ACACATAACACGCCTTTGGAGCGATACCTCCATCAACGAT	fam_61512e2b450fa5b1	0.5960968178325448	log2_enrichment	1	239.0	RU	harmonized_benchmark	0	2214
integrin	0.9	family	enrichment	ACCAATAACCGTTCACATTACGCATCAACTCAACCTGCC	fam_47cd004639a6a0a6	0.5960968178325448	log2_enrichment	0	18.6	RU	harmonized_benchmark	0	2214
integrin	0.9	family	enrichment	AGCAAGTACGCGAAAATCTTCCCCGCCTCTTGTTGGCATC	fam_8c727c7983ffd45c	0.5960968178325448	log2_enrichment	1	73.9	RU	harmonized_benchmark	0	2214
integrin	0.9	family	enrichment	AGCGACTAAACGCAGAGAAATCGTCTCCCTGAGGTTCCGA	fam_db79d6a9db13e668	0.5960968178325448	log2_enrichment	0	5.0	RU	harmonized_benchmark	0	2214
integrin	0.9	family	enrichment	ATTGTGACCCGATTTGTCACTCTTTCTATGTACGCGGAAT	fam_0b751e18ea4dfdcd	0.5960968178325448	log2_enrichment	0	-0.1	RU	harmonized_benchmark	0	2214
integrin	0.9	family	enrichment	CACCTCTCCCAACAGCGGAACTGTTTCTCGGTCCAAAAGG	fam_dee0f6a6ebfe4b67	0.5960968178325448	log2_enrichment	0	24.8	RU	harmonized_benchmark	0	2214
integrin	0.9	family	enrichment	CACTACGCAAACTCCTTCTGCCTGTGCTTGAAAAACGCAT	fam_027d18c491f4d376	0.5960968178325448	log2_enrichment	0	24.1	RU	harmonized_benchmark	0	2214
integrin	0.9	family	enrichment	CTGGATTACGCGAAAAAACTCCTCGCCTATCGCAGCAATG	fam_c6686a55890956db	0.5960968178325448	log2_enrichment	1	40.6	RU	harmonized_benchmark	0	2214
integrin	0.9	family	enrichment	GACATCTACGCAAAAGTGTTCCCCTGCCTGATGTGACAAA	fam_4273bd180ab67043	0.5960968178325448	log2_enrichment	1	83.2	RU	harmonized_benchmark	0	2214
integrin	0.9	family	enrichment	GACTACCATCGAACGTACATTACGCTACTCTCTACCAGC	fam_fa109b5b45bc5b3f	0.5960968178325448	log2_enrichment	0	-4.2	RU	harmonized_benchmark	0	2214
integrin	0.9	family	enrichment	GTGCACGGCAATACGCATGACGTTCACCCTGCCTTTGCCT	fam_598a4d098b675f9b	0.5960968178325448	log2_enrichment	1	51.1	RU	harmonized_benchmark	0	2214
integrin	0.9	family	enrichment	TAAGACGCACCATAACTACGCAAGAGTTCTCTCTGCCTGA	fam_79641d07ed6733c2	0.5960968178325448	log2_enrichment	0	18.2	RU	harmonized_benchmark	0	2214
integrin	0.9	family	enrichment	TACGACTACTTCGGCACATTACGCGACGATCGAACCCGCC	fam_55b1b61f206d17cf	0.5960968178325448	log2_enrichment	1	47.0	RU	harmonized_benchmark	0	2214
integrin	0.9	family	enrichment	TAGCTCATAACGACCAAAACGACCCAGCAGTTCCTTTCGT	fam_231aaf77d03c2cca	0.5960968178325448	log2_enrichment	0	21.6	RU	harmonized_benchmark	0	2214
integrin	0.9	family	enrichment	TAGCTCCGCGCGCACGTTACGCGAAAACGTTCTGCCCGCC	fam_2ec06c8b2f1ea9ce	0.5960968178325448	log2_enrichment	1	153.0	RU	harmonized_benchmark	0	2214
integrin	0.9	family	enrichment	TCAATCCTGCACGTACTACGCGAAAACTGTCCCCCGCCTG	fam_0e6349d012a5fc7b	0.5960968178325448	log2_enrichment	1	102.9	RU	harmonized_benchmark	0	2214
integrin	0.9	family	enrichment	TCCTAAGATGCGTTAACATTACGTAAGAATCTACCTACC	fam_c30a5a5b86d1bf8a	0.5960968178325448	log2_enrichment	0	3.5	RU	harmonized_benchmark	0	2214
integrin	0.9	family	enrichment	TCCTACACTGCGCATAATACGTAACTATCGACCTACCTT	fam_1e377a2fb7a747db	0.5960968178325448	log2_enrichment	0	8.8	RU	harmonized_benchmark	0	2214
integrin	0.9	family	enrichment	TCTAGACACTACGCGAAAAGAACCCACGCCTGTGTCTACG	fam_73d2f5ca32636fdf	0.5960968178325448	log2_enrichment	1	65.4	RU	harmonized_benchmark	0	2214
integrin	0.9	family	enrichment	TCTCCTAGTCCATTTTGGCGCACGCGAATACGGGAGACAC	fam_778f5ebd95e894a6	0.5960968178325448	log2_enrichment	1	155.8	RU	harmonized_benchmark	0	2214
integrin	0.9	family	enrichment	TGGAACTACGCGACAAACTTCCCGCCTGTTCCACCTTATG	fam_6669cb644adf66d1	0.5960968178325448	log2_enrichment	1	100.3	RU	harmonized_benchmark	0	2214
integrin	0.9	family	enrichment	TTCCGGCCTACGCAACTTTTTATCCCCTGCCTGGCCGTAAT	fam_270fe5788fb0790c	0.5960968178325448	log2_enrichment	1	35.8	RU	harmonized_benchmark	0	2214
integrin	0.9	family	enrichment	TTCCTGCCAATTGAGCACATTACGCAAAAAAATTCCCTGCC	fam_4279a9b8df6a0cd8	0.5960968178325448	log2_enrichment	1	29.5	RU	harmonized_benchmark	0	2214
integrin	0.9	family	enrichment	TTGCATTCCTGCGCCACATTACGCGAAACGATCCCCGCC	fam_cba6492fdc904815	0.5960968178325448	log2_enrichment	1	90.8	RU	harmonized_benchmark	0	2214
integrin	0.9	family	enrichment	TTTCCTAGTCCATTTTGGCGCACGCGAATACGGGAGACAC	fam_778f5ebd95e894a6	0.5960968178325448	log2_enrichment	1	113.6	RU	harmonized_benchmark	0	2214
integrin	0.9	family	frequency_observed	ACACATAACACGCCTTTGGAGCGATACCTCCATCAACGAT	fam_61512e2b450fa5b1	0.003631756756756757	relative_frequency	1	239.0	RU	observational_reference	0	2214
integrin	0.9	family	frequency_observed	ACCAATAACCGTTCACATTACGCATCAACTCAACCTGCC	fam_47cd004639a6a0a6	6.33445945945946e-05	relative_frequency	0	18.6	RU	observational_reference	0	2214
integrin	0.9	family	frequency_observed	AGCAAGTACGCGAAAATCTTCCCCGCCTCTTGTTGGCATC	fam_8c727c7983ffd45c	0.005933277027027027	relative_frequency	1	73.9	RU	observational_reference	0	2214
integrin	0.9	family	frequency_observed	AGCGACTAAACGCAGAGAAATCGTCTCCCTGAGGTTCCGA	fam_db79d6a9db13e668	0.0015202702702702704	relative_frequency	0	5.0	RU	observational_reference	0	2214
integrin	0.9	family	frequency_observed	ATTGTGACCCGATTTGTCACTCTTTCTATGTACGCGGAAT	fam_0b751e18ea4dfdcd	0.000316722972972973	relative_frequency	0	-0.1	RU	observational_reference	0	2214
integrin	0.9	family	frequency_observed	CACCTCTCCCAACAGCGGAACTGTTTCTCGGTCCAAAAGG	fam_dee0f6a6ebfe4b67	0.000633445945945946	relative_frequency	0	24.8	RU	observational_reference	0	2214
integrin	0.9	family	frequency_observed	CACTACGCAAACTCCTTCTGCCTGTGCTTGAAAAACGCAT	fam_027d18c491f4d376	8.445945945945946e-05	relative_frequency	0	24.1	RU	observational_reference	0	2214
integrin	0.9	family	frequency_observed	CTGGATTACGCGAAAAAACTCCTCGCCTATCGCAGCAATG	fam_c6686a55890956db	0.001245777027027027	relative_frequency	1	40.6	RU	observational_reference	0	2214
integrin	0.9	family	frequency_observed	GACATCTACGCAAAAGTGTTCCCCTGCCTGATGTGACAAA	fam_4273bd180ab67043	0.007326858108108108	relative_frequency	1	83.2	RU	observational_reference	0	2214
integrin	0.9	family	frequency_observed	GACTACCATCGAACGTACATTACGCTACTCTCTACCAGC	fam_fa109b5b45bc5b3f	4.222972972972973e-05	relative_frequency	0	-4.2	RU	observational_reference	0	2214
integrin	0.9	family	frequency_observed	GTGCACGGCAATACGCATGACGTTCACCCTGCCTTTGCCT	fam_598a4d098b675f9b	0.00027449324324324326	relative_frequency	1	51.1	RU	observational_reference	0	2214
integrin	0.9	family	frequency_observed	TAAGACGCACCATAACTACGCAAGAGTTCTCTCTGCCTGA	fam_79641d07ed6733c2	0.005996621621621622	relative_frequency	0	18.2	RU	observational_reference	0	2214
integrin	0.9	family	frequency_observed	TACGACTACTTCGGCACATTACGCGACGATCGAACCCGCC	fam_55b1b61f206d17cf	0.0005489864864864865	relative_frequency	1	47.0	RU	observational_reference	0	2214
integrin	0.9	family	frequency_observed	TAGCTCATAACGACCAAAACGACCCAGCAGTTCCTTTCGT	fam_231aaf77d03c2cca	0.0010768581081081082	relative_frequency	0	21.6	RU	observational_reference	0	2214
integrin	0.9	family	frequency_observed	TAGCTCCGCGCGCACGTTACGCGAAAACGTTCTGCCCGCC	fam_2ec06c8b2f1ea9ce	0.002702702702702703	relative_frequency	1	153.0	RU	observational_reference	0	2214
integrin	0.9	family	frequency_observed	TCAATCCTGCACGTACTACGCGAAAACTGTCCCCCGCCTG	fam_0e6349d012a5fc7b	0.0017525337837837839	relative_frequency	1	102.9	RU	observational_reference	0	2214
integrin	0.9	family	frequency_observed	TCCTAAGATGCGTTAACATTACGTAAGAATCTACCTACC	fam_c30a5a5b86d1bf8a	0.0015625	relative_frequency	0	3.5	RU	observational_reference	0	2214
integrin	0.9	family	frequency_observed	TCCTACACTGCGCATAATACGTAACTATCGACCTACCTT	fam_1e377a2fb7a747db	0.0019847972972972974	relative_frequency	0	8.8	RU	observational_reference	0	2214
integrin	0.9	family	frequency_observed	TCTAGACACTACGCGAAAAGAACCCACGCCTGTGTCTACG	fam_73d2f5ca32636fdf	0.00014780405405405406	relative_frequency	1	65.4	RU	observational_reference	0	2214
integrin	0.9	family	frequency_observed	TCTCCTAGTCCATTTTGGCGCACGCGAATACGGGAGACAC	fam_778f5ebd95e894a6	0.04049831081081081	relative_frequency	1	155.8	RU	observational_reference	0	2214
integrin	0.9	family	frequency_observed	TGGAACTACGCGACAAACTTCCCGCCTGTTCCACCTTATG	fam_6669cb644adf66d1	0.0026815878378378378	relative_frequency	1	100.3	RU	observational_reference	0	2214
integrin	0.9	family	frequency_observed	TTCCGGCCTACGCAACTTTTTATCCCCTGCCTGGCCGTAAT	fam_270fe5788fb0790c	0.0016258445945945947	relative_frequency	1	35.8	RU	observational_reference	0	2214
integrin	0.9	family	frequency_observed	TTCCTGCCAATTGAGCACATTACGCAAAAAAATTCCCTGCC	fam_4279a9b8df6a0cd8	6.33445945945946e-05	relative_frequency	1	29.5	RU	observational_reference	0	2214
integrin	0.9	family	frequency_observed	TTGCATTCCTGCGCCACATTACGCGAAACGATCCCCGCC	fam_cba6492fdc904815	0.000950168918918919	relative_frequency	1	90.8	RU	observational_reference	0	2214
integrin	0.9	family	frequency_observed	TTTCCTAGTCCATTTTGGCGCACGCGAATACGGGAGACAC	fam_778f5ebd95e894a6	0.0009712837837837838	relative_frequency	1	113.6	RU	observational_reference	0	2214
integrin	0.9	family	enrichment_observed	ACACATAACACGCCTTTGGAGCGATACCTCCATCAACGAT	fam_61512e2b450fa5b1	-0.32880172692673687	log2_enrichment	1	239.0	RU	observational_reference	0	2214
integrin	0.9	family	enrichment_observed	ACCAATAACCGTTCACATTACGCATCAACTCAACCTGCC	fam_47cd004639a6a0a6	-1.1201102161668643	log2_enrichment	0	18.6	RU	observational_reference	0	2214
integrin	0.9	family	enrichment_observed	AGCAAGTACGCGAAAATCTTCCCCGCCTCTTGTTGGCATC	fam_8c727c7983ffd45c	-0.006692679860486207	log2_enrichment	1	73.9	RU	observational_reference	0	2214
integrin	0.9	family	enrichment_observed	AGCGACTAAACGCAGAGAAATCGTCTCCCTGAGGTTCCGA	fam_db79d6a9db13e668	0.27616002076427354	log2_enrichment	0	5.0	RU	observational_reference	0	2214
integrin	0.9	family	enrichment_observed	ATTGTGACCCGATTTGTCACTCTTTCTATGTACGCGGAAT	fam_0b751e18ea4dfdcd	-2.2762553590714956	log2_enrichment	0	-0.1	RU	observational_reference	0	2214
integrin	0.9	family	enrichment_observed	CACCTCTCCCAACAGCGGAACTGTTTCTCGGTCCAAAAGG	fam_dee0f6a6ebfe4b67	-0.5499814416554002	log2_enrichment	0	24.8	RU	observational_reference	0	2214
integrin	0.9	family	enrichment_observed	CACTACGCAAACTCCTTCTGCCTGTGCTTGAAAAACGCAT	fam_027d18c491f4d376	-1.8486880248403514	log2_enrichment	0	24.1	RU	observational_reference	0	2214
integrin	0.9	family	enrichment_observed	CTGGATTACGCGAAAAAACTCCTCGCCTATCGCAGCAATG	fam_c6686a55890956db	-0.3228666100765491	log2_enrichment	1	40.6	RU	observational_reference	0	2214
integrin	0.9	family	enrichment_observed	GACATCTACGCAAAAGTGTTCCCCTGCCTGATGTGACAAA	fam_4273bd180ab67043	0.33479330007786656	log2_enrichment	1	83.2	RU	observational_reference	0	2214
integrin	0.9	family	enrichment_observed	GACTACCATCGAACGTACATTACGCTACTCTCTACCAGC	fam_fa109b5b45bc5b3f	-2.1263692066385467	log2_enrichment	0	-4.2	RU	observational_reference	0	2214
integrin	0.9	family	enrichment_observed	GTGCACGGCAATACGCATGACGTTCACCCTGCCTTTGCCT	fam_598a4d098b675f9b	-1.3355162071872053	log2_enrichment	1	51.1	RU	observational_reference	0	2214
integrin	0.9	family	enrichment_observed	TAAGACGCACCATAACTACGCAAGAGTTCTCTCTGCCTGA	fam_79641d07ed6733c2	-0.3244208744050813	log2_enrichment	0	18.2	RU	observational_reference	0	2214
integrin	0.9	family	enrichment_observed	TACGACTACTTCGGCACATTACGCGACGATCGAACCCGCC	fam_55b1b61f206d17cf	-1.2228771874918931	log2_enrichment	1	47.0	RU	observational_reference	0	2214
integrin	0.9	family	enrichment_observed	TAGCTCATAACGACCAAAACGACCCAGCAGTTCCTTTCGT	fam_231aaf77d03c2cca	-1.6510933099364709	log2_enrichment	0	21.6	RU	observational_reference	0	2214
integrin	0.9	family	enrichment_observed	TAGCTCCGCGCGCACGTTACGCGAAAACGTTCTGCCCGCC	fam_2ec06c8b2f1ea9ce	0.7499723256103648	log2_enrichment	1	153.0	RU	observational_reference	0	2214
integrin	0.9	family	enrichment_observed	TCAATCCTGCACGTACTACGCGAAAACTGTCCCCCGCCTG	fam_0e6349d012a5fc7b	1.060937873032002	log2_enrichment	1	102.9	RU	observational_reference	0	2214
integrin	0.9	family	enrichment_observed	TCCTAAGATGCGTTAACATTACGTAAGAATCTACCTACC	fam_c30a5a5b86d1bf8a	-1.5488693167133456	log2_enrichment	0	3.5	RU	observational_reference	0	2214
integrin	0.9	family	enrichment_observed	TCCTACACTGCGCATAATACGTAACTATCGACCTACCTT	fam_1e377a2fb7a747db	-0.016586440447061795	log2_enrichment	0	8.8	RU	observational_reference	0	2214
integrin	0.9	family	enrichment_observed	TCTAGACACTACGCGAAAAGAACCCACGCCTGTGTCTACG	fam_73d2f5ca32636fdf	-1.9399560824076654	log2_enrichment	1	65.4	RU	observational_reference	0	2214
integrin	0.9	family	enrichment_observed	TCTCCTAGTCCATTTTGGCGCACGCGAATACGGGAGACAC	fam_778f5ebd95e894a6	1.1004469887211599	log2_enrichment	1	155.8	RU	observational_reference	0	2214
integrin	0.9	family	enrichment_observed	TGGAACTACGCGACAAACTTCCCGCCTGTTCCACCTTATG	fam_6669cb644adf66d1	-0.46754146806777336	log2_enrichment	1	100.3	RU	observational_reference	0	2214
integrin	0.9	family	enrichment_observed	TTCCGGCCTACGCAACTTTTTATCCCCTGCCTGGCCGTAAT	fam_270fe5788fb0790c	0.6338164837817031	log2_enrichment	1	35.8	RU	observational_reference	0	2214
integrin	0.9	family	enrichment_observed	TTCCTGCCAATTGAGCACATTACGCAAAAAAATTCCCTGCC	fam_4279a9b8df6a0cd8	-0.9888656828886118	log2_enrichment	1	29.5	RU	observational_reference	0	2214
integrin	0.9	family	enrichment_observed	TTGCATTCCTGCGCCACATTACGCGAAACGATCCCCGCC	fam_cba6492fdc904815	0.30947559168113453	log2_enrichment	1	90.8	RU	observational_reference	0	2214
integrin	0.9	family	enrichment_observed	TTTCCTAGTCCATTTTGGCGCACGCGAATACGGGAGACAC	fam_778f5ebd95e894a6	1.302365614775834	log2_enrichment	1	113.6	RU	observational_reference	0	2214
integrin	0.9	family	kmer_logistic	ACACATAACACGCCTTTGGAGCGATACCTCCATCAACGAT	fam_61512e2b450fa5b1	2.76652088615181	decision_function	1	239.0	RU	harmonized_benchmark	23	2214
integrin	0.9	family	kmer_logistic	ACCAATAACCGTTCACATTACGCATCAACTCAACCTGCC	fam_47cd004639a6a0a6	2.488904835198822	decision_function	0	18.6	RU	harmonized_benchmark	23	2214
integrin	0.9	family	kmer_logistic	AGCAAGTACGCGAAAATCTTCCCCGCCTCTTGTTGGCATC	fam_8c727c7983ffd45c	3.288669412842533	decision_function	1	73.9	RU	harmonized_benchmark	23	2214
integrin	0.9	family	kmer_logistic	AGCGACTAAACGCAGAGAAATCGTCTCCCTGAGGTTCCGA	fam_db79d6a9db13e668	4.240992979105811	decision_function	0	5.0	RU	harmonized_benchmark	23	2214
integrin	0.9	family	kmer_logistic	ATTGTGACCCGATTTGTCACTCTTTCTATGTACGCGGAAT	fam_0b751e18ea4dfdcd	4.172191704320838	decision_function	0	-0.1	RU	harmonized_benchmark	23	2214
integrin	0.9	family	kmer_logistic	CACCTCTCCCAACAGCGGAACTGTTTCTCGGTCCAAAAGG	fam_dee0f6a6ebfe4b67	2.679117064782978	decision_function	0	24.8	RU	harmonized_benchmark	23	2214
integrin	0.9	family	kmer_logistic	CACTACGCAAACTCCTTCTGCCTGTGCTTGAAAAACGCAT	fam_027d18c491f4d376	3.0412448061866524	decision_function	0	24.1	RU	harmonized_benchmark	23	2214
integrin	0.9	family	kmer_logistic	CTGGATTACGCGAAAAAACTCCTCGCCTATCGCAGCAATG	fam_c6686a55890956db	2.896209334985655	decision_function	1	40.6	RU	harmonized_benchmark	23	2214
integrin	0.9	family	kmer_logistic	GACATCTACGCAAAAGTGTTCCCCTGCCTGATGTGACAAA	fam_4273bd180ab67043	3.7574835715648334	decision_function	1	83.2	RU	harmonized_benchmark	23	2214
integrin	0.9	family	kmer_logistic	GACTACCATCGAACGTACATTACGCTACTCTCTACCAGC	fam_fa109b5b45bc5b3f	1.7625552172387327	decision_function	0	-4.2	RU	harmonized_benchmark	23	2214
integrin	0.9	family	kmer_logistic	GTGCACGGCAATACGCATGACGTTCACCCTGCCTTTGCCT	fam_598a4d098b675f9b	2.652378374141889	decision_function	1	51.1	RU	harmonized_benchmark	23	2214
integrin	0.9	family	kmer_logistic	TAAGACGCACCATAACTACGCAAGAGTTCTCTCTGCCTGA	fam_79641d07ed6733c2	2.804053265630528	decision_function	0	18.2	RU	harmonized_benchmark	23	2214
integrin	0.9	family	kmer_logistic	TACGACTACTTCGGCACATTACGCGACGATCGAACCCGCC	fam_55b1b61f206d17cf	2.2659101211519657	decision_function	1	47.0	RU	harmonized_benchmark	23	2214
integrin	0.9	family	kmer_logistic	TAGCTCATAACGACCAAAACGACCCAGCAGTTCCTTTCGT	fam_231aaf77d03c2cca	3.6265833135809604	decision_function	0	21.6	RU	harmonized_benchmark	23	2214
integrin	0.9	family	kmer_logistic	TAGCTCCGCGCGCACGTTACGCGAAAACGTTCTGCCCGCC	fam_2ec06c8b2f1ea9ce	2.8594877597930344	decision_function	1	153.0	RU	harmonized_benchmark	23	2214
integrin	0.9	family	kmer_logistic	TCAATCCTGCACGTACTACGCGAAAACTGTCCCCCGCCTG	fam_0e6349d012a5fc7b	2.946793358368637	decision_function	1	102.9	RU	harmonized_benchmark	23	2214
integrin	0.9	family	kmer_logistic	TCCTAAGATGCGTTAACATTACGTAAGAATCTACCTACC	fam_c30a5a5b86d1bf8a	4.481100154441835	decision_function	0	3.5	RU	harmonized_benchmark	23	2214
integrin	0.9	family	kmer_logistic	TCCTACACTGCGCATAATACGTAACTATCGACCTACCTT	fam_1e377a2fb7a747db	2.072935474777303	decision_function	0	8.8	RU	harmonized_benchmark	23	2214
integrin	0.9	family	kmer_logistic	TCTAGACACTACGCGAAAAGAACCCACGCCTGTGTCTACG	fam_73d2f5ca32636fdf	2.5422173250391222	decision_function	1	65.4	RU	harmonized_benchmark	23	2214
integrin	0.9	family	kmer_logistic	TCTCCTAGTCCATTTTGGCGCACGCGAATACGGGAGACAC	fam_778f5ebd95e894a6	3.201147412471268	decision_function	1	155.8	RU	harmonized_benchmark	23	2214
integrin	0.9	family	kmer_logistic	TGGAACTACGCGACAAACTTCCCGCCTGTTCCACCTTATG	fam_6669cb644adf66d1	3.1045222487665876	decision_function	1	100.3	RU	harmonized_benchmark	23	2214
integrin	0.9	family	kmer_logistic	TTCCGGCCTACGCAACTTTTTATCCCCTGCCTGGCCGTAAT	fam_270fe5788fb0790c	4.160879437488313	decision_function	1	35.8	RU	harmonized_benchmark	23	2214
integrin	0.9	family	kmer_logistic	TTCCTGCCAATTGAGCACATTACGCAAAAAAATTCCCTGCC	fam_4279a9b8df6a0cd8	3.2312361061648995	decision_function	1	29.5	RU	harmonized_benchmark	23	2214
integrin	0.9	family	kmer_logistic	TTGCATTCCTGCGCCACATTACGCGAAACGATCCCCGCC	fam_cba6492fdc904815	2.3145438935514435	decision_function	1	90.8	RU	harmonized_benchmark	23	2214
integrin	0.9	family	kmer_logistic	TTTCCTAGTCCATTTTGGCGCACGCGAATACGGGAGACAC	fam_778f5ebd95e894a6	3.5993662192068125	decision_function	1	113.6	RU	harmonized_benchmark	23	2214
integrin	0.9	random	kmer_ridge	ACACATAACACGCCTTTGGAGCGATACCTCCATCAACGAT	fam_61512e2b450fa5b1	0.08286382603781162	predicted_log2_enrichment	1	239.0	RU	harmonized_benchmark	0	2476
integrin	0.9	random	kmer_ridge	ACCAATAACCGTTCACATTACGCATCAACTCAACCTGCC	fam_47cd004639a6a0a6	-0.6595481208539631	predicted_log2_enrichment	0	18.6	RU	harmonized_benchmark	0	2476
integrin	0.9	random	kmer_ridge	AGCAAGTACGCGAAAATCTTCCCCGCCTCTTGTTGGCATC	fam_8c727c7983ffd45c	0.8217469919856449	predicted_log2_enrichment	1	73.9	RU	harmonized_benchmark	0	2476
integrin	0.9	random	kmer_ridge	AGCGACTAAACGCAGAGAAATCGTCTCCCTGAGGTTCCGA	fam_db79d6a9db13e668	0.24170068607846462	predicted_log2_enrichment	0	5.0	RU	harmonized_benchmark	0	2476
integrin	0.9	random	kmer_ridge	ATTGTGACCCGATTTGTCACTCTTTCTATGTACGCGGAAT	fam_0b751e18ea4dfdcd	1.6401025736517276	predicted_log2_enrichment	0	-0.1	RU	harmonized_benchmark	0	2476
integrin	0.9	random	kmer_ridge	CACCTCTCCCAACAGCGGAACTGTTTCTCGGTCCAAAAGG	fam_dee0f6a6ebfe4b67	0.3166292857802938	predicted_log2_enrichment	0	24.8	RU	harmonized_benchmark	0	2476
integrin	0.9	random	kmer_ridge	CACTACGCAAACTCCTTCTGCCTGTGCTTGAAAAACGCAT	fam_027d18c491f4d376	0.4583310869844288	predicted_log2_enrichment	0	24.1	RU	harmonized_benchmark	0	2476
integrin	0.9	random	kmer_ridge	CTGGATTACGCGAAAAAACTCCTCGCCTATCGCAGCAATG	fam_c6686a55890956db	0.4460602377309625	predicted_log2_enrichment	1	40.6	RU	harmonized_benchmark	0	2476
integrin	0.9	random	kmer_ridge	GACATCTACGCAAAAGTGTTCCCCTGCCTGATGTGACAAA	fam_4273bd180ab67043	0.6955382934364623	predicted_log2_enrichment	1	83.2	RU	harmonized_benchmark	0	2476
integrin	0.9	random	kmer_ridge	GACTACCATCGAACGTACATTACGCTACTCTCTACCAGC	fam_fa109b5b45bc5b3f	-0.3621404583485761	predicted_log2_enrichment	0	-4.2	RU	harmonized_benchmark	0	2476
integrin	0.9	random	kmer_ridge	GTGCACGGCAATACGCATGACGTTCACCCTGCCTTTGCCT	fam_598a4d098b675f9b	0.35104190090060117	predicted_log2_enrichment	1	51.1	RU	harmonized_benchmark	0	2476
integrin	0.9	random	kmer_ridge	TAAGACGCACCATAACTACGCAAGAGTTCTCTCTGCCTGA	fam_79641d07ed6733c2	0.3222668149464023	predicted_log2_enrichment	0	18.2	RU	harmonized_benchmark	0	2476
integrin	0.9	random	kmer_ridge	TACGACTACTTCGGCACATTACGCGACGATCGAACCCGCC	fam_55b1b61f206d17cf	0.17904521046344535	predicted_log2_enrichment	1	47.0	RU	harmonized_benchmark	0	2476
integrin	0.9	random	kmer_ridge	TAGCTCATAACGACCAAAACGACCCAGCAGTTCCTTTCGT	fam_231aaf77d03c2cca	0.11326281054214027	predicted_log2_enrichment	0	21.6	RU	harmonized_benchmark	0	2476
integrin	0.9	random	kmer_ridge	TAGCTCCGCGCGCACGTTACGCGAAAACGTTCTGCCCGCC	fam_2ec06c8b2f1ea9ce	0.4939901322909752	predicted_log2_enrichment	1	153.0	RU	harmonized_benchmark	0	2476
integrin	0.9	random	kmer_ridge	TCAATCCTGCACGTACTACGCGAAAACTGTCCCCCGCCTG	fam_0e6349d012a5fc7b	1.0090843427510205	predicted_log2_enrichment	1	102.9	RU	harmonized_benchmark	0	2476
integrin	0.9	random	kmer_ridge	TCCTAAGATGCGTTAACATTACGTAAGAATCTACCTACC	fam_c30a5a5b86d1bf8a	-0.10022948898884199	predicted_log2_enrichment	0	3.5	RU	harmonized_benchmark	0	2476
integrin	0.9	random	kmer_ridge	TCCTACACTGCGCATAATACGTAACTATCGACCTACCTT	fam_1e377a2fb7a747db	0.4275820638861344	predicted_log2_enrichment	0	8.8	RU	harmonized_benchmark	0	2476
integrin	0.9	random	kmer_ridge	TCTAGACACTACGCGAAAAGAACCCACGCCTGTGTCTACG	fam_73d2f5ca32636fdf	1.1531750841867083	predicted_log2_enrichment	1	65.4	RU	harmonized_benchmark	0	2476
integrin	0.9	random	kmer_ridge	TCTCCTAGTCCATTTTGGCGCACGCGAATACGGGAGACAC	fam_778f5ebd95e894a6	1.540388353786247	predicted_log2_enrichment	1	155.8	RU	harmonized_benchmark	0	2476
integrin	0.9	random	kmer_ridge	TGGAACTACGCGACAAACTTCCCGCCTGTTCCACCTTATG	fam_6669cb644adf66d1	0.433579257341998	predicted_log2_enrichment	1	100.3	RU	harmonized_benchmark	0	2476
integrin	0.9	random	kmer_ridge	TTCCGGCCTACGCAACTTTTTATCCCCTGCCTGGCCGTAAT	fam_270fe5788fb0790c	0.9588271935685353	predicted_log2_enrichment	1	35.8	RU	harmonized_benchmark	0	2476
integrin	0.9	random	kmer_ridge	TTCCTGCCAATTGAGCACATTACGCAAAAAAATTCCCTGCC	fam_4279a9b8df6a0cd8	0.19016146203177386	predicted_log2_enrichment	1	29.5	RU	harmonized_benchmark	0	2476
integrin	0.9	random	kmer_ridge	TTGCATTCCTGCGCCACATTACGCGAAACGATCCCCGCC	fam_cba6492fdc904815	0.23973380241846076	predicted_log2_enrichment	1	90.8	RU	harmonized_benchmark	0	2476
integrin	0.9	random	kmer_ridge	TTTCCTAGTCCATTTTGGCGCACGCGAATACGGGAGACAC	fam_778f5ebd95e894a6	1.7781854823661654	predicted_log2_enrichment	1	113.6	RU	harmonized_benchmark	0	2476
integrin	0.9	random	frequency	ACACATAACACGCCTTTGGAGCGATACCTCCATCAACGAT	fam_61512e2b450fa5b1	0.0	relative_frequency	1	239.0	RU	harmonized_benchmark	0	2476
integrin	0.9	random	frequency	ACCAATAACCGTTCACATTACGCATCAACTCAACCTGCC	fam_47cd004639a6a0a6	0.0	relative_frequency	0	18.6	RU	harmonized_benchmark	0	2476
integrin	0.9	random	frequency	AGCAAGTACGCGAAAATCTTCCCCGCCTCTTGTTGGCATC	fam_8c727c7983ffd45c	0.0	relative_frequency	1	73.9	RU	harmonized_benchmark	0	2476
integrin	0.9	random	frequency	AGCGACTAAACGCAGAGAAATCGTCTCCCTGAGGTTCCGA	fam_db79d6a9db13e668	0.0	relative_frequency	0	5.0	RU	harmonized_benchmark	0	2476
integrin	0.9	random	frequency	ATTGTGACCCGATTTGTCACTCTTTCTATGTACGCGGAAT	fam_0b751e18ea4dfdcd	0.0	relative_frequency	0	-0.1	RU	harmonized_benchmark	0	2476
integrin	0.9	random	frequency	CACCTCTCCCAACAGCGGAACTGTTTCTCGGTCCAAAAGG	fam_dee0f6a6ebfe4b67	0.0	relative_frequency	0	24.8	RU	harmonized_benchmark	0	2476
integrin	0.9	random	frequency	CACTACGCAAACTCCTTCTGCCTGTGCTTGAAAAACGCAT	fam_027d18c491f4d376	0.0	relative_frequency	0	24.1	RU	harmonized_benchmark	0	2476
integrin	0.9	random	frequency	CTGGATTACGCGAAAAAACTCCTCGCCTATCGCAGCAATG	fam_c6686a55890956db	0.0	relative_frequency	1	40.6	RU	harmonized_benchmark	0	2476
integrin	0.9	random	frequency	GACATCTACGCAAAAGTGTTCCCCTGCCTGATGTGACAAA	fam_4273bd180ab67043	0.0	relative_frequency	1	83.2	RU	harmonized_benchmark	0	2476
integrin	0.9	random	frequency	GACTACCATCGAACGTACATTACGCTACTCTCTACCAGC	fam_fa109b5b45bc5b3f	0.0	relative_frequency	0	-4.2	RU	harmonized_benchmark	0	2476
integrin	0.9	random	frequency	GTGCACGGCAATACGCATGACGTTCACCCTGCCTTTGCCT	fam_598a4d098b675f9b	0.0	relative_frequency	1	51.1	RU	harmonized_benchmark	0	2476
integrin	0.9	random	frequency	TAAGACGCACCATAACTACGCAAGAGTTCTCTCTGCCTGA	fam_79641d07ed6733c2	0.0	relative_frequency	0	18.2	RU	harmonized_benchmark	0	2476
integrin	0.9	random	frequency	TACGACTACTTCGGCACATTACGCGACGATCGAACCCGCC	fam_55b1b61f206d17cf	0.0	relative_frequency	1	47.0	RU	harmonized_benchmark	0	2476
integrin	0.9	random	frequency	TAGCTCATAACGACCAAAACGACCCAGCAGTTCCTTTCGT	fam_231aaf77d03c2cca	0.0	relative_frequency	0	21.6	RU	harmonized_benchmark	0	2476
integrin	0.9	random	frequency	TAGCTCCGCGCGCACGTTACGCGAAAACGTTCTGCCCGCC	fam_2ec06c8b2f1ea9ce	0.0	relative_frequency	1	153.0	RU	harmonized_benchmark	0	2476
integrin	0.9	random	frequency	TCAATCCTGCACGTACTACGCGAAAACTGTCCCCCGCCTG	fam_0e6349d012a5fc7b	0.0	relative_frequency	1	102.9	RU	harmonized_benchmark	0	2476
integrin	0.9	random	frequency	TCCTAAGATGCGTTAACATTACGTAAGAATCTACCTACC	fam_c30a5a5b86d1bf8a	0.0	relative_frequency	0	3.5	RU	harmonized_benchmark	0	2476
integrin	0.9	random	frequency	TCCTACACTGCGCATAATACGTAACTATCGACCTACCTT	fam_1e377a2fb7a747db	0.0	relative_frequency	0	8.8	RU	harmonized_benchmark	0	2476
integrin	0.9	random	frequency	TCTAGACACTACGCGAAAAGAACCCACGCCTGTGTCTACG	fam_73d2f5ca32636fdf	0.0	relative_frequency	1	65.4	RU	harmonized_benchmark	0	2476
integrin	0.9	random	frequency	TCTCCTAGTCCATTTTGGCGCACGCGAATACGGGAGACAC	fam_778f5ebd95e894a6	0.0	relative_frequency	1	155.8	RU	harmonized_benchmark	0	2476
integrin	0.9	random	frequency	TGGAACTACGCGACAAACTTCCCGCCTGTTCCACCTTATG	fam_6669cb644adf66d1	0.0	relative_frequency	1	100.3	RU	harmonized_benchmark	0	2476
integrin	0.9	random	frequency	TTCCGGCCTACGCAACTTTTTATCCCCTGCCTGGCCGTAAT	fam_270fe5788fb0790c	0.0	relative_frequency	1	35.8	RU	harmonized_benchmark	0	2476
integrin	0.9	random	frequency	TTCCTGCCAATTGAGCACATTACGCAAAAAAATTCCCTGCC	fam_4279a9b8df6a0cd8	0.0	relative_frequency	1	29.5	RU	harmonized_benchmark	0	2476
integrin	0.9	random	frequency	TTGCATTCCTGCGCCACATTACGCGAAACGATCCCCGCC	fam_cba6492fdc904815	0.0	relative_frequency	1	90.8	RU	harmonized_benchmark	0	2476
integrin	0.9	random	frequency	TTTCCTAGTCCATTTTGGCGCACGCGAATACGGGAGACAC	fam_778f5ebd95e894a6	0.0	relative_frequency	1	113.6	RU	harmonized_benchmark	0	2476
integrin	0.9	random	enrichment	ACACATAACACGCCTTTGGAGCGATACCTCCATCAACGAT	fam_61512e2b450fa5b1	0.5960968178325448	log2_enrichment	1	239.0	RU	harmonized_benchmark	0	2476
integrin	0.9	random	enrichment	ACCAATAACCGTTCACATTACGCATCAACTCAACCTGCC	fam_47cd004639a6a0a6	0.5960968178325448	log2_enrichment	0	18.6	RU	harmonized_benchmark	0	2476
integrin	0.9	random	enrichment	AGCAAGTACGCGAAAATCTTCCCCGCCTCTTGTTGGCATC	fam_8c727c7983ffd45c	0.5960968178325448	log2_enrichment	1	73.9	RU	harmonized_benchmark	0	2476
integrin	0.9	random	enrichment	AGCGACTAAACGCAGAGAAATCGTCTCCCTGAGGTTCCGA	fam_db79d6a9db13e668	0.5960968178325448	log2_enrichment	0	5.0	RU	harmonized_benchmark	0	2476
integrin	0.9	random	enrichment	ATTGTGACCCGATTTGTCACTCTTTCTATGTACGCGGAAT	fam_0b751e18ea4dfdcd	0.5960968178325448	log2_enrichment	0	-0.1	RU	harmonized_benchmark	0	2476
integrin	0.9	random	enrichment	CACCTCTCCCAACAGCGGAACTGTTTCTCGGTCCAAAAGG	fam_dee0f6a6ebfe4b67	0.5960968178325448	log2_enrichment	0	24.8	RU	harmonized_benchmark	0	2476
integrin	0.9	random	enrichment	CACTACGCAAACTCCTTCTGCCTGTGCTTGAAAAACGCAT	fam_027d18c491f4d376	0.5960968178325448	log2_enrichment	0	24.1	RU	harmonized_benchmark	0	2476
integrin	0.9	random	enrichment	CTGGATTACGCGAAAAAACTCCTCGCCTATCGCAGCAATG	fam_c6686a55890956db	0.5960968178325448	log2_enrichment	1	40.6	RU	harmonized_benchmark	0	2476
integrin	0.9	random	enrichment	GACATCTACGCAAAAGTGTTCCCCTGCCTGATGTGACAAA	fam_4273bd180ab67043	0.5960968178325448	log2_enrichment	1	83.2	RU	harmonized_benchmark	0	2476
integrin	0.9	random	enrichment	GACTACCATCGAACGTACATTACGCTACTCTCTACCAGC	fam_fa109b5b45bc5b3f	0.5960968178325448	log2_enrichment	0	-4.2	RU	harmonized_benchmark	0	2476
integrin	0.9	random	enrichment	GTGCACGGCAATACGCATGACGTTCACCCTGCCTTTGCCT	fam_598a4d098b675f9b	0.5960968178325448	log2_enrichment	1	51.1	RU	harmonized_benchmark	0	2476
integrin	0.9	random	enrichment	TAAGACGCACCATAACTACGCAAGAGTTCTCTCTGCCTGA	fam_79641d07ed6733c2	0.5960968178325448	log2_enrichment	0	18.2	RU	harmonized_benchmark	0	2476
integrin	0.9	random	enrichment	TACGACTACTTCGGCACATTACGCGACGATCGAACCCGCC	fam_55b1b61f206d17cf	0.5960968178325448	log2_enrichment	1	47.0	RU	harmonized_benchmark	0	2476
integrin	0.9	random	enrichment	TAGCTCATAACGACCAAAACGACCCAGCAGTTCCTTTCGT	fam_231aaf77d03c2cca	0.5960968178325448	log2_enrichment	0	21.6	RU	harmonized_benchmark	0	2476
integrin	0.9	random	enrichment	TAGCTCCGCGCGCACGTTACGCGAAAACGTTCTGCCCGCC	fam_2ec06c8b2f1ea9ce	0.5960968178325448	log2_enrichment	1	153.0	RU	harmonized_benchmark	0	2476
integrin	0.9	random	enrichment	TCAATCCTGCACGTACTACGCGAAAACTGTCCCCCGCCTG	fam_0e6349d012a5fc7b	0.5960968178325448	log2_enrichment	1	102.9	RU	harmonized_benchmark	0	2476
integrin	0.9	random	enrichment	TCCTAAGATGCGTTAACATTACGTAAGAATCTACCTACC	fam_c30a5a5b86d1bf8a	0.5960968178325448	log2_enrichment	0	3.5	RU	harmonized_benchmark	0	2476
integrin	0.9	random	enrichment	TCCTACACTGCGCATAATACGTAACTATCGACCTACCTT	fam_1e377a2fb7a747db	0.5960968178325448	log2_enrichment	0	8.8	RU	harmonized_benchmark	0	2476
integrin	0.9	random	enrichment	TCTAGACACTACGCGAAAAGAACCCACGCCTGTGTCTACG	fam_73d2f5ca32636fdf	0.5960968178325448	log2_enrichment	1	65.4	RU	harmonized_benchmark	0	2476
integrin	0.9	random	enrichment	TCTCCTAGTCCATTTTGGCGCACGCGAATACGGGAGACAC	fam_778f5ebd95e894a6	0.5960968178325448	log2_enrichment	1	155.8	RU	harmonized_benchmark	0	2476
integrin	0.9	random	enrichment	TGGAACTACGCGACAAACTTCCCGCCTGTTCCACCTTATG	fam_6669cb644adf66d1	0.5960968178325448	log2_enrichment	1	100.3	RU	harmonized_benchmark	0	2476
integrin	0.9	random	enrichment	TTCCGGCCTACGCAACTTTTTATCCCCTGCCTGGCCGTAAT	fam_270fe5788fb0790c	0.5960968178325448	log2_enrichment	1	35.8	RU	harmonized_benchmark	0	2476
integrin	0.9	random	enrichment	TTCCTGCCAATTGAGCACATTACGCAAAAAAATTCCCTGCC	fam_4279a9b8df6a0cd8	0.5960968178325448	log2_enrichment	1	29.5	RU	harmonized_benchmark	0	2476
integrin	0.9	random	enrichment	TTGCATTCCTGCGCCACATTACGCGAAACGATCCCCGCC	fam_cba6492fdc904815	0.5960968178325448	log2_enrichment	1	90.8	RU	harmonized_benchmark	0	2476
integrin	0.9	random	enrichment	TTTCCTAGTCCATTTTGGCGCACGCGAATACGGGAGACAC	fam_778f5ebd95e894a6	0.5960968178325448	log2_enrichment	1	113.6	RU	harmonized_benchmark	0	2476
integrin	0.9	random	frequency_observed	ACACATAACACGCCTTTGGAGCGATACCTCCATCAACGAT	fam_61512e2b450fa5b1	0.003631756756756757	relative_frequency	1	239.0	RU	observational_reference	0	2476
integrin	0.9	random	frequency_observed	ACCAATAACCGTTCACATTACGCATCAACTCAACCTGCC	fam_47cd004639a6a0a6	6.33445945945946e-05	relative_frequency	0	18.6	RU	observational_reference	0	2476
integrin	0.9	random	frequency_observed	AGCAAGTACGCGAAAATCTTCCCCGCCTCTTGTTGGCATC	fam_8c727c7983ffd45c	0.005933277027027027	relative_frequency	1	73.9	RU	observational_reference	0	2476
integrin	0.9	random	frequency_observed	AGCGACTAAACGCAGAGAAATCGTCTCCCTGAGGTTCCGA	fam_db79d6a9db13e668	0.0015202702702702704	relative_frequency	0	5.0	RU	observational_reference	0	2476
integrin	0.9	random	frequency_observed	ATTGTGACCCGATTTGTCACTCTTTCTATGTACGCGGAAT	fam_0b751e18ea4dfdcd	0.000316722972972973	relative_frequency	0	-0.1	RU	observational_reference	0	2476
integrin	0.9	random	frequency_observed	CACCTCTCCCAACAGCGGAACTGTTTCTCGGTCCAAAAGG	fam_dee0f6a6ebfe4b67	0.000633445945945946	relative_frequency	0	24.8	RU	observational_reference	0	2476
integrin	0.9	random	frequency_observed	CACTACGCAAACTCCTTCTGCCTGTGCTTGAAAAACGCAT	fam_027d18c491f4d376	8.445945945945946e-05	relative_frequency	0	24.1	RU	observational_reference	0	2476
integrin	0.9	random	frequency_observed	CTGGATTACGCGAAAAAACTCCTCGCCTATCGCAGCAATG	fam_c6686a55890956db	0.001245777027027027	relative_frequency	1	40.6	RU	observational_reference	0	2476
integrin	0.9	random	frequency_observed	GACATCTACGCAAAAGTGTTCCCCTGCCTGATGTGACAAA	fam_4273bd180ab67043	0.007326858108108108	relative_frequency	1	83.2	RU	observational_reference	0	2476
integrin	0.9	random	frequency_observed	GACTACCATCGAACGTACATTACGCTACTCTCTACCAGC	fam_fa109b5b45bc5b3f	4.222972972972973e-05	relative_frequency	0	-4.2	RU	observational_reference	0	2476
integrin	0.9	random	frequency_observed	GTGCACGGCAATACGCATGACGTTCACCCTGCCTTTGCCT	fam_598a4d098b675f9b	0.00027449324324324326	relative_frequency	1	51.1	RU	observational_reference	0	2476
integrin	0.9	random	frequency_observed	TAAGACGCACCATAACTACGCAAGAGTTCTCTCTGCCTGA	fam_79641d07ed6733c2	0.005996621621621622	relative_frequency	0	18.2	RU	observational_reference	0	2476
integrin	0.9	random	frequency_observed	TACGACTACTTCGGCACATTACGCGACGATCGAACCCGCC	fam_55b1b61f206d17cf	0.0005489864864864865	relative_frequency	1	47.0	RU	observational_reference	0	2476
integrin	0.9	random	frequency_observed	TAGCTCATAACGACCAAAACGACCCAGCAGTTCCTTTCGT	fam_231aaf77d03c2cca	0.0010768581081081082	relative_frequency	0	21.6	RU	observational_reference	0	2476
integrin	0.9	random	frequency_observed	TAGCTCCGCGCGCACGTTACGCGAAAACGTTCTGCCCGCC	fam_2ec06c8b2f1ea9ce	0.002702702702702703	relative_frequency	1	153.0	RU	observational_reference	0	2476
integrin	0.9	random	frequency_observed	TCAATCCTGCACGTACTACGCGAAAACTGTCCCCCGCCTG	fam_0e6349d012a5fc7b	0.0017525337837837839	relative_frequency	1	102.9	RU	observational_reference	0	2476
integrin	0.9	random	frequency_observed	TCCTAAGATGCGTTAACATTACGTAAGAATCTACCTACC	fam_c30a5a5b86d1bf8a	0.0015625	relative_frequency	0	3.5	RU	observational_reference	0	2476
integrin	0.9	random	frequency_observed	TCCTACACTGCGCATAATACGTAACTATCGACCTACCTT	fam_1e377a2fb7a747db	0.0019847972972972974	relative_frequency	0	8.8	RU	observational_reference	0	2476
integrin	0.9	random	frequency_observed	TCTAGACACTACGCGAAAAGAACCCACGCCTGTGTCTACG	fam_73d2f5ca32636fdf	0.00014780405405405406	relative_frequency	1	65.4	RU	observational_reference	0	2476
integrin	0.9	random	frequency_observed	TCTCCTAGTCCATTTTGGCGCACGCGAATACGGGAGACAC	fam_778f5ebd95e894a6	0.04049831081081081	relative_frequency	1	155.8	RU	observational_reference	0	2476
integrin	0.9	random	frequency_observed	TGGAACTACGCGACAAACTTCCCGCCTGTTCCACCTTATG	fam_6669cb644adf66d1	0.0026815878378378378	relative_frequency	1	100.3	RU	observational_reference	0	2476
integrin	0.9	random	frequency_observed	TTCCGGCCTACGCAACTTTTTATCCCCTGCCTGGCCGTAAT	fam_270fe5788fb0790c	0.0016258445945945947	relative_frequency	1	35.8	RU	observational_reference	0	2476
integrin	0.9	random	frequency_observed	TTCCTGCCAATTGAGCACATTACGCAAAAAAATTCCCTGCC	fam_4279a9b8df6a0cd8	6.33445945945946e-05	relative_frequency	1	29.5	RU	observational_reference	0	2476
integrin	0.9	random	frequency_observed	TTGCATTCCTGCGCCACATTACGCGAAACGATCCCCGCC	fam_cba6492fdc904815	0.000950168918918919	relative_frequency	1	90.8	RU	observational_reference	0	2476
integrin	0.9	random	frequency_observed	TTTCCTAGTCCATTTTGGCGCACGCGAATACGGGAGACAC	fam_778f5ebd95e894a6	0.0009712837837837838	relative_frequency	1	113.6	RU	observational_reference	0	2476
integrin	0.9	random	enrichment_observed	ACACATAACACGCCTTTGGAGCGATACCTCCATCAACGAT	fam_61512e2b450fa5b1	-0.32880172692673687	log2_enrichment	1	239.0	RU	observational_reference	0	2476
integrin	0.9	random	enrichment_observed	ACCAATAACCGTTCACATTACGCATCAACTCAACCTGCC	fam_47cd004639a6a0a6	-1.1201102161668643	log2_enrichment	0	18.6	RU	observational_reference	0	2476
integrin	0.9	random	enrichment_observed	AGCAAGTACGCGAAAATCTTCCCCGCCTCTTGTTGGCATC	fam_8c727c7983ffd45c	-0.006692679860486207	log2_enrichment	1	73.9	RU	observational_reference	0	2476
integrin	0.9	random	enrichment_observed	AGCGACTAAACGCAGAGAAATCGTCTCCCTGAGGTTCCGA	fam_db79d6a9db13e668	0.27616002076427354	log2_enrichment	0	5.0	RU	observational_reference	0	2476
integrin	0.9	random	enrichment_observed	ATTGTGACCCGATTTGTCACTCTTTCTATGTACGCGGAAT	fam_0b751e18ea4dfdcd	-2.2762553590714956	log2_enrichment	0	-0.1	RU	observational_reference	0	2476
integrin	0.9	random	enrichment_observed	CACCTCTCCCAACAGCGGAACTGTTTCTCGGTCCAAAAGG	fam_dee0f6a6ebfe4b67	-0.5499814416554002	log2_enrichment	0	24.8	RU	observational_reference	0	2476
integrin	0.9	random	enrichment_observed	CACTACGCAAACTCCTTCTGCCTGTGCTTGAAAAACGCAT	fam_027d18c491f4d376	-1.8486880248403514	log2_enrichment	0	24.1	RU	observational_reference	0	2476
integrin	0.9	random	enrichment_observed	CTGGATTACGCGAAAAAACTCCTCGCCTATCGCAGCAATG	fam_c6686a55890956db	-0.3228666100765491	log2_enrichment	1	40.6	RU	observational_reference	0	2476
integrin	0.9	random	enrichment_observed	GACATCTACGCAAAAGTGTTCCCCTGCCTGATGTGACAAA	fam_4273bd180ab67043	0.33479330007786656	log2_enrichment	1	83.2	RU	observational_reference	0	2476
integrin	0.9	random	enrichment_observed	GACTACCATCGAACGTACATTACGCTACTCTCTACCAGC	fam_fa109b5b45bc5b3f	-2.1263692066385467	log2_enrichment	0	-4.2	RU	observational_reference	0	2476
integrin	0.9	random	enrichment_observed	GTGCACGGCAATACGCATGACGTTCACCCTGCCTTTGCCT	fam_598a4d098b675f9b	-1.3355162071872053	log2_enrichment	1	51.1	RU	observational_reference	0	2476
integrin	0.9	random	enrichment_observed	TAAGACGCACCATAACTACGCAAGAGTTCTCTCTGCCTGA	fam_79641d07ed6733c2	-0.3244208744050813	log2_enrichment	0	18.2	RU	observational_reference	0	2476
integrin	0.9	random	enrichment_observed	TACGACTACTTCGGCACATTACGCGACGATCGAACCCGCC	fam_55b1b61f206d17cf	-1.2228771874918931	log2_enrichment	1	47.0	RU	observational_reference	0	2476
integrin	0.9	random	enrichment_observed	TAGCTCATAACGACCAAAACGACCCAGCAGTTCCTTTCGT	fam_231aaf77d03c2cca	-1.6510933099364709	log2_enrichment	0	21.6	RU	observational_reference	0	2476
integrin	0.9	random	enrichment_observed	TAGCTCCGCGCGCACGTTACGCGAAAACGTTCTGCCCGCC	fam_2ec06c8b2f1ea9ce	0.7499723256103648	log2_enrichment	1	153.0	RU	observational_reference	0	2476
integrin	0.9	random	enrichment_observed	TCAATCCTGCACGTACTACGCGAAAACTGTCCCCCGCCTG	fam_0e6349d012a5fc7b	1.060937873032002	log2_enrichment	1	102.9	RU	observational_reference	0	2476
integrin	0.9	random	enrichment_observed	TCCTAAGATGCGTTAACATTACGTAAGAATCTACCTACC	fam_c30a5a5b86d1bf8a	-1.5488693167133456	log2_enrichment	0	3.5	RU	observational_reference	0	2476
integrin	0.9	random	enrichment_observed	TCCTACACTGCGCATAATACGTAACTATCGACCTACCTT	fam_1e377a2fb7a747db	-0.016586440447061795	log2_enrichment	0	8.8	RU	observational_reference	0	2476
integrin	0.9	random	enrichment_observed	TCTAGACACTACGCGAAAAGAACCCACGCCTGTGTCTACG	fam_73d2f5ca32636fdf	-1.9399560824076654	log2_enrichment	1	65.4	RU	observational_reference	0	2476
integrin	0.9	random	enrichment_observed	TCTCCTAGTCCATTTTGGCGCACGCGAATACGGGAGACAC	fam_778f5ebd95e894a6	1.1004469887211599	log2_enrichment	1	155.8	RU	observational_reference	0	2476
integrin	0.9	random	enrichment_observed	TGGAACTACGCGACAAACTTCCCGCCTGTTCCACCTTATG	fam_6669cb644adf66d1	-0.46754146806777336	log2_enrichment	1	100.3	RU	observational_reference	0	2476
integrin	0.9	random	enrichment_observed	TTCCGGCCTACGCAACTTTTTATCCCCTGCCTGGCCGTAAT	fam_270fe5788fb0790c	0.6338164837817031	log2_enrichment	1	35.8	RU	observational_reference	0	2476
integrin	0.9	random	enrichment_observed	TTCCTGCCAATTGAGCACATTACGCAAAAAAATTCCCTGCC	fam_4279a9b8df6a0cd8	-0.9888656828886118	log2_enrichment	1	29.5	RU	observational_reference	0	2476
integrin	0.9	random	enrichment_observed	TTGCATTCCTGCGCCACATTACGCGAAACGATCCCCGCC	fam_cba6492fdc904815	0.30947559168113453	log2_enrichment	1	90.8	RU	observational_reference	0	2476
integrin	0.9	random	enrichment_observed	TTTCCTAGTCCATTTTGGCGCACGCGAATACGGGAGACAC	fam_778f5ebd95e894a6	1.302365614775834	log2_enrichment	1	113.6	RU	observational_reference	0	2476
integrin	0.9	random	kmer_logistic	ACACATAACACGCCTTTGGAGCGATACCTCCATCAACGAT	fam_61512e2b450fa5b1	2.76652088615181	decision_function	1	239.0	RU	harmonized_benchmark	23	2476
integrin	0.9	random	kmer_logistic	ACCAATAACCGTTCACATTACGCATCAACTCAACCTGCC	fam_47cd004639a6a0a6	2.488904835198822	decision_function	0	18.6	RU	harmonized_benchmark	23	2476
integrin	0.9	random	kmer_logistic	AGCAAGTACGCGAAAATCTTCCCCGCCTCTTGTTGGCATC	fam_8c727c7983ffd45c	3.288669412842533	decision_function	1	73.9	RU	harmonized_benchmark	23	2476
integrin	0.9	random	kmer_logistic	AGCGACTAAACGCAGAGAAATCGTCTCCCTGAGGTTCCGA	fam_db79d6a9db13e668	4.240992979105811	decision_function	0	5.0	RU	harmonized_benchmark	23	2476
integrin	0.9	random	kmer_logistic	ATTGTGACCCGATTTGTCACTCTTTCTATGTACGCGGAAT	fam_0b751e18ea4dfdcd	4.172191704320838	decision_function	0	-0.1	RU	harmonized_benchmark	23	2476
integrin	0.9	random	kmer_logistic	CACCTCTCCCAACAGCGGAACTGTTTCTCGGTCCAAAAGG	fam_dee0f6a6ebfe4b67	2.679117064782978	decision_function	0	24.8	RU	harmonized_benchmark	23	2476
integrin	0.9	random	kmer_logistic	CACTACGCAAACTCCTTCTGCCTGTGCTTGAAAAACGCAT	fam_027d18c491f4d376	3.0412448061866524	decision_function	0	24.1	RU	harmonized_benchmark	23	2476
integrin	0.9	random	kmer_logistic	CTGGATTACGCGAAAAAACTCCTCGCCTATCGCAGCAATG	fam_c6686a55890956db	2.896209334985655	decision_function	1	40.6	RU	harmonized_benchmark	23	2476
integrin	0.9	random	kmer_logistic	GACATCTACGCAAAAGTGTTCCCCTGCCTGATGTGACAAA	fam_4273bd180ab67043	3.7574835715648334	decision_function	1	83.2	RU	harmonized_benchmark	23	2476
integrin	0.9	random	kmer_logistic	GACTACCATCGAACGTACATTACGCTACTCTCTACCAGC	fam_fa109b5b45bc5b3f	1.7625552172387327	decision_function	0	-4.2	RU	harmonized_benchmark	23	2476
integrin	0.9	random	kmer_logistic	GTGCACGGCAATACGCATGACGTTCACCCTGCCTTTGCCT	fam_598a4d098b675f9b	2.652378374141889	decision_function	1	51.1	RU	harmonized_benchmark	23	2476
integrin	0.9	random	kmer_logistic	TAAGACGCACCATAACTACGCAAGAGTTCTCTCTGCCTGA	fam_79641d07ed6733c2	2.804053265630528	decision_function	0	18.2	RU	harmonized_benchmark	23	2476
integrin	0.9	random	kmer_logistic	TACGACTACTTCGGCACATTACGCGACGATCGAACCCGCC	fam_55b1b61f206d17cf	2.2659101211519657	decision_function	1	47.0	RU	harmonized_benchmark	23	2476
integrin	0.9	random	kmer_logistic	TAGCTCATAACGACCAAAACGACCCAGCAGTTCCTTTCGT	fam_231aaf77d03c2cca	3.6265833135809604	decision_function	0	21.6	RU	harmonized_benchmark	23	2476
integrin	0.9	random	kmer_logistic	TAGCTCCGCGCGCACGTTACGCGAAAACGTTCTGCCCGCC	fam_2ec06c8b2f1ea9ce	2.8594877597930344	decision_function	1	153.0	RU	harmonized_benchmark	23	2476
integrin	0.9	random	kmer_logistic	TCAATCCTGCACGTACTACGCGAAAACTGTCCCCCGCCTG	fam_0e6349d012a5fc7b	2.946793358368637	decision_function	1	102.9	RU	harmonized_benchmark	23	2476
integrin	0.9	random	kmer_logistic	TCCTAAGATGCGTTAACATTACGTAAGAATCTACCTACC	fam_c30a5a5b86d1bf8a	4.481100154441835	decision_function	0	3.5	RU	harmonized_benchmark	23	2476
integrin	0.9	random	kmer_logistic	TCCTACACTGCGCATAATACGTAACTATCGACCTACCTT	fam_1e377a2fb7a747db	2.072935474777303	decision_function	0	8.8	RU	harmonized_benchmark	23	2476
integrin	0.9	random	kmer_logistic	TCTAGACACTACGCGAAAAGAACCCACGCCTGTGTCTACG	fam_73d2f5ca32636fdf	2.5422173250391222	decision_function	1	65.4	RU	harmonized_benchmark	23	2476
integrin	0.9	random	kmer_logistic	TCTCCTAGTCCATTTTGGCGCACGCGAATACGGGAGACAC	fam_778f5ebd95e894a6	3.201147412471268	decision_function	1	155.8	RU	harmonized_benchmark	23	2476
integrin	0.9	random	kmer_logistic	TGGAACTACGCGACAAACTTCCCGCCTGTTCCACCTTATG	fam_6669cb644adf66d1	3.1045222487665876	decision_function	1	100.3	RU	harmonized_benchmark	23	2476
integrin	0.9	random	kmer_logistic	TTCCGGCCTACGCAACTTTTTATCCCCTGCCTGGCCGTAAT	fam_270fe5788fb0790c	4.160879437488313	decision_function	1	35.8	RU	harmonized_benchmark	23	2476
integrin	0.9	random	kmer_logistic	TTCCTGCCAATTGAGCACATTACGCAAAAAAATTCCCTGCC	fam_4279a9b8df6a0cd8	3.2312361061648995	decision_function	1	29.5	RU	harmonized_benchmark	23	2476
integrin	0.9	random	kmer_logistic	TTGCATTCCTGCGCCACATTACGCGAAACGATCCCCGCC	fam_cba6492fdc904815	2.3145438935514435	decision_function	1	90.8	RU	harmonized_benchmark	23	2476
integrin	0.9	random	kmer_logistic	TTTCCTAGTCCATTTTGGCGCACGCGAATACGGGAGACAC	fam_778f5ebd95e894a6	3.5993662192068125	decision_function	1	113.6	RU	harmonized_benchmark	23	2476
integrin	0.9	naive_sequence_random	kmer_ridge	AAACCAGGAGGACGCACATTACGCAAAAAGTATCCCTGCC	fam_b245e619ff6fbf39	0.8186905921609151	predicted_log2_enrichment	1	92.2	RU	harmonized_benchmark	0	2476
integrin	0.9	naive_sequence_random	kmer_ridge	AAGGATACGCATCTAGCACCCCTGCCTTCCTTCTAATGTT	fam_3d80303db7ddc456	0.71677815268826	predicted_log2_enrichment	1	109.2	RU	harmonized_benchmark	0	2476
integrin	0.9	naive_sequence_random	kmer_ridge	ACAAATATGCAACATGTTACGCCAAAAGTTCCCCGGCCTA	fam_abe92cfe3d0d94a8	0.5942929627875018	predicted_log2_enrichment	1	62.6	RU	harmonized_benchmark	0	2476
integrin	0.9	naive_sequence_random	kmer_ridge	ACACATAACACGCCTTTGGAGCGATACCTCCATCAACGAT	fam_61512e2b450fa5b1	0.0970589096673472	predicted_log2_enrichment	1	239.0	RU	harmonized_benchmark	0	2476
integrin	0.9	naive_sequence_random	kmer_ridge	ACCAATAACCGTTCACATTACGCATCAACTCAACCTGCC	fam_47cd004639a6a0a6	-0.6086092643320203	predicted_log2_enrichment	0	18.6	RU	harmonized_benchmark	0	2476
integrin	0.9	naive_sequence_random	kmer_ridge	ACTATATCCGCCGTACTACGCATCTTTTTCTTCCTGCCTG	fam_94c3dd3aa853fdfd	0.132284365646817	predicted_log2_enrichment	1	45.2	RU	harmonized_benchmark	0	2476
integrin	0.9	naive_sequence_random	kmer_ridge	AGCAAGTACGCGAAAATCTTCCCCGCCTCTTGTTGGCATC	fam_8c727c7983ffd45c	0.7805787441102974	predicted_log2_enrichment	1	73.9	RU	harmonized_benchmark	0	2476
integrin	0.9	naive_sequence_random	kmer_ridge	ATTCCAGAGAGCGACACATTACGCGAAACACTCGCCCGCC	fam_a4204b31b1797b46	-0.3727750902514454	predicted_log2_enrichment	1	45.8	RU	harmonized_benchmark	0	2476
integrin	0.9	naive_sequence_random	kmer_ridge	CACCTCTCCCAACAGCGGAACTGTTTCTCGGTCCAAAAGG	fam_dee0f6a6ebfe4b67	0.34234593578737527	predicted_log2_enrichment	0	24.8	RU	harmonized_benchmark	0	2476
integrin	0.9	naive_sequence_random	kmer_ridge	CTACCAGGTCTTGCACATTACGCGACAACCAAGCCCCGCC	fam_6aca4135ae696d35	-0.25217266075352585	predicted_log2_enrichment	0	21.9	RU	harmonized_benchmark	0	2476
integrin	0.9	naive_sequence_random	kmer_ridge	GACATCTACGCAAAAGTGTTCCCCTGCCTGATGTGACAAA	fam_4273bd180ab67043	0.6776426880798675	predicted_log2_enrichment	1	83.2	RU	harmonized_benchmark	0	2476
integrin	0.9	naive_sequence_random	kmer_ridge	GACTACGCGAAACTTACTCCCCCCGCCTGTCCTTAAACTT	fam_7f9632c20c1230cd	0.39034150527284284	predicted_log2_enrichment	1	95.7	RU	harmonized_benchmark	0	2476
integrin	0.9	naive_sequence_random	kmer_ridge	GCTGTGTCTACGTCCGGATTGGGGACCTGCACGGCCCATG	fam_2bcfdb9efca3e03d	2.0482569805968747	predicted_log2_enrichment	1	260.1	RU	harmonized_benchmark	0	2476
integrin	0.9	naive_sequence_random	kmer_ridge	GTACTACGCCACAACGAACCCCGGCCTGTACCTTTCCGTA	fam_dd1c1548674ceaf1	1.4876904417942614	predicted_log2_enrichment	1	99.7	RU	harmonized_benchmark	0	2476
integrin	0.9	naive_sequence_random	kmer_ridge	GTTCAAATCCCCGCACATTACGTAACACTCGAACCCTACC	fam_1eff9caea621fa44	0.01600943718450054	predicted_log2_enrichment	1	46.9	RU	harmonized_benchmark	0	2476
integrin	0.9	naive_sequence_random	kmer_ridge	TAAGACGCACCATAACTACGCAAGAGTTCTCTCTGCCTGA	fam_79641d07ed6733c2	0.337420748532857	predicted_log2_enrichment	0	18.2	RU	harmonized_benchmark	0	2476
integrin	0.9	naive_sequence_random	kmer_ridge	TAGCTCATAACGACCAAAACGACCCAGCAGTTCCTTTCGT	fam_231aaf77d03c2cca	0.1148104169764127	predicted_log2_enrichment	0	21.6	RU	harmonized_benchmark	0	2476
integrin	0.9	naive_sequence_random	kmer_ridge	TCCTACACTGCGCATAATACGTAACTATCGACCTACCTT	fam_1e377a2fb7a747db	0.43940892323659686	predicted_log2_enrichment	0	8.8	RU	harmonized_benchmark	0	2476
integrin	0.9	naive_sequence_random	kmer_ridge	TCCTTAACTTCAGCGTACATTACGCTACATCTCCCCAGCC	fam_259eb8550c5e35bf	-0.46746786050782607	predicted_log2_enrichment	1	120.2	RU	harmonized_benchmark	0	2476
integrin	0.9	naive_sequence_random	kmer_ridge	TCGGAAGCGATCCGAACATTACGCAAAACACCTCCCTGCC	fam_83cb4e7a94a04621	0.17123246231028166	predicted_log2_enrichment	1	75.1	RU	harmonized_benchmark	0	2476
integrin	0.9	naive_sequence_random	kmer_ridge	TCTCCTAGTCCATTTTGGCGCACGCGAATACGGGAGACAC	fam_778f5ebd95e894a6	1.5237798292398743	predicted_log2_enrichment	1	155.8	RU	harmonized_benchmark	0	2476
integrin	0.9	naive_sequence_random	kmer_ridge	TGCCAAGCCAGGCAGCGTGCATAATCCGAGTAGACATTTT	fam_0e423bb8096220c9	0.9430526738583094	predicted_log2_enrichment	1	65.1	RU	harmonized_benchmark	0	2476
integrin	0.9	naive_sequence_random	kmer_ridge	TGCCATAAGCATACGCAACAAACTCGCCTGCCTTGCTTAG	fam_9a5bde0709909fc2	-0.6920395536883249	predicted_log2_enrichment	1	55.5	RU	harmonized_benchmark	0	2476
integrin	0.9	naive_sequence_random	kmer_ridge	TTATCACCCCTGCACATTACGCAAAAGTATTATCCCTGCC	fam_34dd286cf0198b9e	0.2380033178182011	predicted_log2_enrichment	1	57.2	RU	harmonized_benchmark	0	2476
integrin	0.9	naive_sequence_random	frequency	AAACCAGGAGGACGCACATTACGCAAAAAGTATCCCTGCC	fam_b245e619ff6fbf39	0.0	relative_frequency	1	92.2	RU	harmonized_benchmark	0	2476
integrin	0.9	naive_sequence_random	frequency	AAGGATACGCATCTAGCACCCCTGCCTTCCTTCTAATGTT	fam_3d80303db7ddc456	0.0	relative_frequency	1	109.2	RU	harmonized_benchmark	0	2476
integrin	0.9	naive_sequence_random	frequency	ACAAATATGCAACATGTTACGCCAAAAGTTCCCCGGCCTA	fam_abe92cfe3d0d94a8	0.0	relative_frequency	1	62.6	RU	harmonized_benchmark	0	2476
integrin	0.9	naive_sequence_random	frequency	ACACATAACACGCCTTTGGAGCGATACCTCCATCAACGAT	fam_61512e2b450fa5b1	0.0	relative_frequency	1	239.0	RU	harmonized_benchmark	0	2476
integrin	0.9	naive_sequence_random	frequency	ACCAATAACCGTTCACATTACGCATCAACTCAACCTGCC	fam_47cd004639a6a0a6	0.0	relative_frequency	0	18.6	RU	harmonized_benchmark	0	2476
integrin	0.9	naive_sequence_random	frequency	ACTATATCCGCCGTACTACGCATCTTTTTCTTCCTGCCTG	fam_94c3dd3aa853fdfd	0.0	relative_frequency	1	45.2	RU	harmonized_benchmark	0	2476
integrin	0.9	naive_sequence_random	frequency	AGCAAGTACGCGAAAATCTTCCCCGCCTCTTGTTGGCATC	fam_8c727c7983ffd45c	0.0	relative_frequency	1	73.9	RU	harmonized_benchmark	0	2476
integrin	0.9	naive_sequence_random	frequency	ATTCCAGAGAGCGACACATTACGCGAAACACTCGCCCGCC	fam_a4204b31b1797b46	0.0	relative_frequency	1	45.8	RU	harmonized_benchmark	0	2476
integrin	0.9	naive_sequence_random	frequency	CACCTCTCCCAACAGCGGAACTGTTTCTCGGTCCAAAAGG	fam_dee0f6a6ebfe4b67	0.0	relative_frequency	0	24.8	RU	harmonized_benchmark	0	2476
integrin	0.9	naive_sequence_random	frequency	CTACCAGGTCTTGCACATTACGCGACAACCAAGCCCCGCC	fam_6aca4135ae696d35	0.0	relative_frequency	0	21.9	RU	harmonized_benchmark	0	2476
integrin	0.9	naive_sequence_random	frequency	GACATCTACGCAAAAGTGTTCCCCTGCCTGATGTGACAAA	fam_4273bd180ab67043	0.0	relative_frequency	1	83.2	RU	harmonized_benchmark	0	2476
integrin	0.9	naive_sequence_random	frequency	GACTACGCGAAACTTACTCCCCCCGCCTGTCCTTAAACTT	fam_7f9632c20c1230cd	0.0	relative_frequency	1	95.7	RU	harmonized_benchmark	0	2476
integrin	0.9	naive_sequence_random	frequency	GCTGTGTCTACGTCCGGATTGGGGACCTGCACGGCCCATG	fam_2bcfdb9efca3e03d	0.0	relative_frequency	1	260.1	RU	harmonized_benchmark	0	2476
integrin	0.9	naive_sequence_random	frequency	GTACTACGCCACAACGAACCCCGGCCTGTACCTTTCCGTA	fam_dd1c1548674ceaf1	0.0	relative_frequency	1	99.7	RU	harmonized_benchmark	0	2476
integrin	0.9	naive_sequence_random	frequency	GTTCAAATCCCCGCACATTACGTAACACTCGAACCCTACC	fam_1eff9caea621fa44	0.0	relative_frequency	1	46.9	RU	harmonized_benchmark	0	2476
integrin	0.9	naive_sequence_random	frequency	TAAGACGCACCATAACTACGCAAGAGTTCTCTCTGCCTGA	fam_79641d07ed6733c2	0.0	relative_frequency	0	18.2	RU	harmonized_benchmark	0	2476
integrin	0.9	naive_sequence_random	frequency	TAGCTCATAACGACCAAAACGACCCAGCAGTTCCTTTCGT	fam_231aaf77d03c2cca	0.0	relative_frequency	0	21.6	RU	harmonized_benchmark	0	2476
integrin	0.9	naive_sequence_random	frequency	TCCTACACTGCGCATAATACGTAACTATCGACCTACCTT	fam_1e377a2fb7a747db	0.0	relative_frequency	0	8.8	RU	harmonized_benchmark	0	2476
integrin	0.9	naive_sequence_random	frequency	TCCTTAACTTCAGCGTACATTACGCTACATCTCCCCAGCC	fam_259eb8550c5e35bf	0.0	relative_frequency	1	120.2	RU	harmonized_benchmark	0	2476
integrin	0.9	naive_sequence_random	frequency	TCGGAAGCGATCCGAACATTACGCAAAACACCTCCCTGCC	fam_83cb4e7a94a04621	0.0	relative_frequency	1	75.1	RU	harmonized_benchmark	0	2476
integrin	0.9	naive_sequence_random	frequency	TCTCCTAGTCCATTTTGGCGCACGCGAATACGGGAGACAC	fam_778f5ebd95e894a6	0.0	relative_frequency	1	155.8	RU	harmonized_benchmark	0	2476
integrin	0.9	naive_sequence_random	frequency	TGCCAAGCCAGGCAGCGTGCATAATCCGAGTAGACATTTT	fam_0e423bb8096220c9	0.0	relative_frequency	1	65.1	RU	harmonized_benchmark	0	2476
integrin	0.9	naive_sequence_random	frequency	TGCCATAAGCATACGCAACAAACTCGCCTGCCTTGCTTAG	fam_9a5bde0709909fc2	0.0	relative_frequency	1	55.5	RU	harmonized_benchmark	0	2476
integrin	0.9	naive_sequence_random	frequency	TTATCACCCCTGCACATTACGCAAAAGTATTATCCCTGCC	fam_34dd286cf0198b9e	0.0	relative_frequency	1	57.2	RU	harmonized_benchmark	0	2476
integrin	0.9	naive_sequence_random	enrichment	AAACCAGGAGGACGCACATTACGCAAAAAGTATCCCTGCC	fam_b245e619ff6fbf39	0.5960968178325448	log2_enrichment	1	92.2	RU	harmonized_benchmark	0	2476
integrin	0.9	naive_sequence_random	enrichment	AAGGATACGCATCTAGCACCCCTGCCTTCCTTCTAATGTT	fam_3d80303db7ddc456	0.5960968178325448	log2_enrichment	1	109.2	RU	harmonized_benchmark	0	2476
integrin	0.9	naive_sequence_random	enrichment	ACAAATATGCAACATGTTACGCCAAAAGTTCCCCGGCCTA	fam_abe92cfe3d0d94a8	0.5960968178325448	log2_enrichment	1	62.6	RU	harmonized_benchmark	0	2476
integrin	0.9	naive_sequence_random	enrichment	ACACATAACACGCCTTTGGAGCGATACCTCCATCAACGAT	fam_61512e2b450fa5b1	0.5960968178325448	log2_enrichment	1	239.0	RU	harmonized_benchmark	0	2476
integrin	0.9	naive_sequence_random	enrichment	ACCAATAACCGTTCACATTACGCATCAACTCAACCTGCC	fam_47cd004639a6a0a6	0.5960968178325448	log2_enrichment	0	18.6	RU	harmonized_benchmark	0	2476
integrin	0.9	naive_sequence_random	enrichment	ACTATATCCGCCGTACTACGCATCTTTTTCTTCCTGCCTG	fam_94c3dd3aa853fdfd	0.5960968178325448	log2_enrichment	1	45.2	RU	harmonized_benchmark	0	2476
integrin	0.9	naive_sequence_random	enrichment	AGCAAGTACGCGAAAATCTTCCCCGCCTCTTGTTGGCATC	fam_8c727c7983ffd45c	0.5960968178325448	log2_enrichment	1	73.9	RU	harmonized_benchmark	0	2476
integrin	0.9	naive_sequence_random	enrichment	ATTCCAGAGAGCGACACATTACGCGAAACACTCGCCCGCC	fam_a4204b31b1797b46	0.5960968178325448	log2_enrichment	1	45.8	RU	harmonized_benchmark	0	2476
integrin	0.9	naive_sequence_random	enrichment	CACCTCTCCCAACAGCGGAACTGTTTCTCGGTCCAAAAGG	fam_dee0f6a6ebfe4b67	0.5960968178325448	log2_enrichment	0	24.8	RU	harmonized_benchmark	0	2476
integrin	0.9	naive_sequence_random	enrichment	CTACCAGGTCTTGCACATTACGCGACAACCAAGCCCCGCC	fam_6aca4135ae696d35	0.5960968178325448	log2_enrichment	0	21.9	RU	harmonized_benchmark	0	2476
integrin	0.9	naive_sequence_random	enrichment	GACATCTACGCAAAAGTGTTCCCCTGCCTGATGTGACAAA	fam_4273bd180ab67043	0.5960968178325448	log2_enrichment	1	83.2	RU	harmonized_benchmark	0	2476
integrin	0.9	naive_sequence_random	enrichment	GACTACGCGAAACTTACTCCCCCCGCCTGTCCTTAAACTT	fam_7f9632c20c1230cd	0.5960968178325448	log2_enrichment	1	95.7	RU	harmonized_benchmark	0	2476
integrin	0.9	naive_sequence_random	enrichment	GCTGTGTCTACGTCCGGATTGGGGACCTGCACGGCCCATG	fam_2bcfdb9efca3e03d	0.5960968178325448	log2_enrichment	1	260.1	RU	harmonized_benchmark	0	2476
integrin	0.9	naive_sequence_random	enrichment	GTACTACGCCACAACGAACCCCGGCCTGTACCTTTCCGTA	fam_dd1c1548674ceaf1	0.5960968178325448	log2_enrichment	1	99.7	RU	harmonized_benchmark	0	2476
integrin	0.9	naive_sequence_random	enrichment	GTTCAAATCCCCGCACATTACGTAACACTCGAACCCTACC	fam_1eff9caea621fa44	0.5960968178325448	log2_enrichment	1	46.9	RU	harmonized_benchmark	0	2476
integrin	0.9	naive_sequence_random	enrichment	TAAGACGCACCATAACTACGCAAGAGTTCTCTCTGCCTGA	fam_79641d07ed6733c2	0.5960968178325448	log2_enrichment	0	18.2	RU	harmonized_benchmark	0	2476
integrin	0.9	naive_sequence_random	enrichment	TAGCTCATAACGACCAAAACGACCCAGCAGTTCCTTTCGT	fam_231aaf77d03c2cca	0.5960968178325448	log2_enrichment	0	21.6	RU	harmonized_benchmark	0	2476
integrin	0.9	naive_sequence_random	enrichment	TCCTACACTGCGCATAATACGTAACTATCGACCTACCTT	fam_1e377a2fb7a747db	0.5960968178325448	log2_enrichment	0	8.8	RU	harmonized_benchmark	0	2476
integrin	0.9	naive_sequence_random	enrichment	TCCTTAACTTCAGCGTACATTACGCTACATCTCCCCAGCC	fam_259eb8550c5e35bf	0.5960968178325448	log2_enrichment	1	120.2	RU	harmonized_benchmark	0	2476
integrin	0.9	naive_sequence_random	enrichment	TCGGAAGCGATCCGAACATTACGCAAAACACCTCCCTGCC	fam_83cb4e7a94a04621	0.5960968178325448	log2_enrichment	1	75.1	RU	harmonized_benchmark	0	2476
integrin	0.9	naive_sequence_random	enrichment	TCTCCTAGTCCATTTTGGCGCACGCGAATACGGGAGACAC	fam_778f5ebd95e894a6	0.5960968178325448	log2_enrichment	1	155.8	RU	harmonized_benchmark	0	2476
integrin	0.9	naive_sequence_random	enrichment	TGCCAAGCCAGGCAGCGTGCATAATCCGAGTAGACATTTT	fam_0e423bb8096220c9	0.5960968178325448	log2_enrichment	1	65.1	RU	harmonized_benchmark	0	2476
integrin	0.9	naive_sequence_random	enrichment	TGCCATAAGCATACGCAACAAACTCGCCTGCCTTGCTTAG	fam_9a5bde0709909fc2	0.5960968178325448	log2_enrichment	1	55.5	RU	harmonized_benchmark	0	2476
integrin	0.9	naive_sequence_random	enrichment	TTATCACCCCTGCACATTACGCAAAAGTATTATCCCTGCC	fam_34dd286cf0198b9e	0.5960968178325448	log2_enrichment	1	57.2	RU	harmonized_benchmark	0	2476
integrin	0.9	naive_sequence_random	frequency_observed	AAACCAGGAGGACGCACATTACGCAAAAAGTATCCCTGCC	fam_b245e619ff6fbf39	0.0008234797297297298	relative_frequency	1	92.2	RU	observational_reference	0	2476
integrin	0.9	naive_sequence_random	frequency_observed	AAGGATACGCATCTAGCACCCCTGCCTTCCTTCTAATGTT	fam_3d80303db7ddc456	0.0027238175675675675	relative_frequency	1	109.2	RU	observational_reference	0	2476
integrin	0.9	naive_sequence_random	frequency_observed	ACAAATATGCAACATGTTACGCCAAAAGTTCCCCGGCCTA	fam_abe92cfe3d0d94a8	0.00046452702702702705	relative_frequency	1	62.6	RU	observational_reference	0	2476
integrin	0.9	naive_sequence_random	frequency_observed	ACACATAACACGCCTTTGGAGCGATACCTCCATCAACGAT	fam_61512e2b450fa5b1	0.003631756756756757	relative_frequency	1	239.0	RU	observational_reference	0	2476
integrin	0.9	naive_sequence_random	frequency_observed	ACCAATAACCGTTCACATTACGCATCAACTCAACCTGCC	fam_47cd004639a6a0a6	6.33445945945946e-05	relative_frequency	0	18.6	RU	observational_reference	0	2476
integrin	0.9	naive_sequence_random	frequency_observed	ACTATATCCGCCGTACTACGCATCTTTTTCTTCCTGCCTG	fam_94c3dd3aa853fdfd	0.0016258445945945947	relative_frequency	1	45.2	RU	observational_reference	0	2476
integrin	0.9	naive_sequence_random	frequency_observed	AGCAAGTACGCGAAAATCTTCCCCGCCTCTTGTTGGCATC	fam_8c727c7983ffd45c	0.005933277027027027	relative_frequency	1	73.9	RU	observational_reference	0	2476
integrin	0.9	naive_sequence_random	frequency_observed	ATTCCAGAGAGCGACACATTACGCGAAACACTCGCCCGCC	fam_a4204b31b1797b46	0.0001266891891891892	relative_frequency	1	45.8	RU	observational_reference	0	2476
integrin	0.9	naive_sequence_random	frequency_observed	CACCTCTCCCAACAGCGGAACTGTTTCTCGGTCCAAAAGG	fam_dee0f6a6ebfe4b67	0.000633445945945946	relative_frequency	0	24.8	RU	observational_reference	0	2476
integrin	0.9	naive_sequence_random	frequency_observed	CTACCAGGTCTTGCACATTACGCGACAACCAAGCCCCGCC	fam_6aca4135ae696d35	6.33445945945946e-05	relative_frequency	0	21.9	RU	observational_reference	0	2476
integrin	0.9	naive_sequence_random	frequency_observed	GACATCTACGCAAAAGTGTTCCCCTGCCTGATGTGACAAA	fam_4273bd180ab67043	0.007326858108108108	relative_frequency	1	83.2	RU	observational_reference	0	2476
integrin	0.9	naive_sequence_random	frequency_observed	GACTACGCGAAACTTACTCCCCCCGCCTGTCCTTAAACTT	fam_7f9632c20c1230cd	0.0006967905405405406	relative_frequency	1	95.7	RU	observational_reference	0	2476
integrin	0.9	naive_sequence_random	frequency_observed	GCTGTGTCTACGTCCGGATTGGGGACCTGCACGGCCCATG	fam_2bcfdb9efca3e03d	0.01002956081081081	relative_frequency	1	260.1	RU	observational_reference	0	2476
integrin	0.9	naive_sequence_random	frequency_observed	GTACTACGCCACAACGAACCCCGGCCTGTACCTTTCCGTA	fam_dd1c1548674ceaf1	0.05076013513513514	relative_frequency	1	99.7	RU	observational_reference	0	2476
integrin	0.9	naive_sequence_random	frequency_observed	GTTCAAATCCCCGCACATTACGTAACACTCGAACCCTACC	fam_1eff9caea621fa44	0.0006123310810810811	relative_frequency	1	46.9	RU	observational_reference	0	2476
integrin	0.9	naive_sequence_random	frequency_observed	TAAGACGCACCATAACTACGCAAGAGTTCTCTCTGCCTGA	fam_79641d07ed6733c2	0.005996621621621622	relative_frequency	0	18.2	RU	observational_reference	0	2476
integrin	0.9	naive_sequence_random	frequency_observed	TAGCTCATAACGACCAAAACGACCCAGCAGTTCCTTTCGT	fam_231aaf77d03c2cca	0.0010768581081081082	relative_frequency	0	21.6	RU	observational_reference	0	2476
integrin	0.9	naive_sequence_random	frequency_observed	TCCTACACTGCGCATAATACGTAACTATCGACCTACCTT	fam_1e377a2fb7a747db	0.0019847972972972974	relative_frequency	0	8.8	RU	observational_reference	0	2476
integrin	0.9	naive_sequence_random	frequency_observed	TCCTTAACTTCAGCGTACATTACGCTACATCTCCCCAGCC	fam_259eb8550c5e35bf	0.0015202702702702704	relative_frequency	1	120.2	RU	observational_reference	0	2476
integrin	0.9	naive_sequence_random	frequency_observed	TCGGAAGCGATCCGAACATTACGCAAAACACCTCCCTGCC	fam_83cb4e7a94a04621	0.00033783783783783786	relative_frequency	1	75.1	RU	observational_reference	0	2476
integrin	0.9	naive_sequence_random	frequency_observed	TCTCCTAGTCCATTTTGGCGCACGCGAATACGGGAGACAC	fam_778f5ebd95e894a6	0.04049831081081081	relative_frequency	1	155.8	RU	observational_reference	0	2476
integrin	0.9	naive_sequence_random	frequency_observed	TGCCAAGCCAGGCAGCGTGCATAATCCGAGTAGACATTTT	fam_0e423bb8096220c9	0.006503378378378379	relative_frequency	1	65.1	RU	observational_reference	0	2476
integrin	0.9	naive_sequence_random	frequency_observed	TGCCATAAGCATACGCAACAAACTCGCCTGCCTTGCTTAG	fam_9a5bde0709909fc2	0.00021114864864864866	relative_frequency	1	55.5	RU	observational_reference	0	2476
integrin	0.9	naive_sequence_random	frequency_observed	TTATCACCCCTGCACATTACGCAAAAGTATTATCCCTGCC	fam_34dd286cf0198b9e	0.0018581081081081082	relative_frequency	1	57.2	RU	observational_reference	0	2476
integrin	0.9	naive_sequence_random	enrichment_observed	AAACCAGGAGGACGCACATTACGCAAAAAGTATCCCTGCC	fam_b245e619ff6fbf39	-0.7796025334957986	log2_enrichment	1	92.2	RU	observational_reference	0	2476
integrin	0.9	naive_sequence_random	enrichment_observed	AAGGATACGCATCTAGCACCCCTGCCTTCCTTCTAATGTT	fam_3d80303db7ddc456	-0.2727912678202969	log2_enrichment	1	109.2	RU	observational_reference	0	2476
integrin	0.9	naive_sequence_random	enrichment_observed	ACAAATATGCAACATGTTACGCCAAAAGTTCCCCGGCCTA	fam_abe92cfe3d0d94a8	-0.020574542615949973	log2_enrichment	1	62.6	RU	observational_reference	0	2476
integrin	0.9	naive_sequence_random	enrichment_observed	ACACATAACACGCCTTTGGAGCGATACCTCCATCAACGAT	fam_61512e2b450fa5b1	-0.32880172692673687	log2_enrichment	1	239.0	RU	observational_reference	0	2476
integrin	0.9	naive_sequence_random	enrichment_observed	ACCAATAACCGTTCACATTACGCATCAACTCAACCTGCC	fam_47cd004639a6a0a6	-1.1201102161668643	log2_enrichment	0	18.6	RU	observational_reference	0	2476
integrin	0.9	naive_sequence_random	enrichment_observed	ACTATATCCGCCGTACTACGCATCTTTTTCTTCCTGCCTG	fam_94c3dd3aa853fdfd	-0.8316823503378818	log2_enrichment	1	45.2	RU	observational_reference	0	2476
integrin	0.9	naive_sequence_random	enrichment_observed	AGCAAGTACGCGAAAATCTTCCCCGCCTCTTGTTGGCATC	fam_8c727c7983ffd45c	-0.006692679860486207	log2_enrichment	1	73.9	RU	observational_reference	0	2476
integrin	0.9	naive_sequence_random	enrichment_observed	ATTCCAGAGAGCGACACATTACGCGAAACACTCGCCCGCC	fam_a4204b31b1797b46	-2.843014816425157	log2_enrichment	1	45.8	RU	observational_reference	0	2476
integrin	0.9	naive_sequence_random	enrichment_observed	CACCTCTCCCAACAGCGGAACTGTTTCTCGGTCCAAAAGG	fam_dee0f6a6ebfe4b67	-0.5499814416554002	log2_enrichment	0	24.8	RU	observational_reference	0	2476
integrin	0.9	naive_sequence_random	enrichment_observed	CTACCAGGTCTTGCACATTACGCGACAACCAAGCCCCGCC	fam_6aca4135ae696d35	-1.640942379468305	log2_enrichment	0	21.9	RU	observational_reference	0	2476
integrin	0.9	naive_sequence_random	enrichment_observed	GACATCTACGCAAAAGTGTTCCCCTGCCTGATGTGACAAA	fam_4273bd180ab67043	0.33479330007786656	log2_enrichment	1	83.2	RU	observational_reference	0	2476
integrin	0.9	naive_sequence_random	enrichment_observed	GACTACGCGAAACTTACTCCCCCCGCCTGTCCTTAAACTT	fam_7f9632c20c1230cd	0.15439136809162052	log2_enrichment	1	95.7	RU	observational_reference	0	2476
integrin	0.9	naive_sequence_random	enrichment_observed	GCTGTGTCTACGTCCGGATTGGGGACCTGCACGGCCCATG	fam_2bcfdb9efca3e03d	1.5381136337261359	log2_enrichment	1	260.1	RU	observational_reference	0	2476
integrin	0.9	naive_sequence_random	enrichment_observed	GTACTACGCCACAACGAACCCCGGCCTGTACCTTTCCGTA	fam_dd1c1548674ceaf1	0.7966061212705425	log2_enrichment	1	99.7	RU	observational_reference	0	2476
integrin	0.9	naive_sequence_random	enrichment_observed	GTTCAAATCCCCGCACATTACGTAACACTCGAACCCTACC	fam_1eff9caea621fa44	-1.2147470903049398	log2_enrichment	1	46.9	RU	observational_reference	0	2476
integrin	0.9	naive_sequence_random	enrichment_observed	TAAGACGCACCATAACTACGCAAGAGTTCTCTCTGCCTGA	fam_79641d07ed6733c2	-0.3244208744050813	log2_enrichment	0	18.2	RU	observational_reference	0	2476
integrin	0.9	naive_sequence_random	enrichment_observed	TAGCTCATAACGACCAAAACGACCCAGCAGTTCCTTTCGT	fam_231aaf77d03c2cca	-1.6510933099364709	log2_enrichment	0	21.6	RU	observational_reference	0	2476
integrin	0.9	naive_sequence_random	enrichment_observed	TCCTACACTGCGCATAATACGTAACTATCGACCTACCTT	fam_1e377a2fb7a747db	-0.016586440447061795	log2_enrichment	0	8.8	RU	observational_reference	0	2476
integrin	0.9	naive_sequence_random	enrichment_observed	TCCTTAACTTCAGCGTACATTACGCTACATCTCCCCAGCC	fam_259eb8550c5e35bf	-0.3584204123734473	log2_enrichment	1	120.2	RU	observational_reference	0	2476
integrin	0.9	naive_sequence_random	enrichment_observed	TCGGAAGCGATCCGAACATTACGCAAAACACCTCCCTGCC	fam_83cb4e7a94a04621	-1.436324659859833	log2_enrichment	1	75.1	RU	observational_reference	0	2476
integrin	0.9	naive_sequence_random	enrichment_observed	TCTCCTAGTCCATTTTGGCGCACGCGAATACGGGAGACAC	fam_778f5ebd95e894a6	1.1004469887211599	log2_enrichment	1	155.8	RU	observational_reference	0	2476
integrin	0.9	naive_sequence_random	enrichment_observed	TGCCAAGCCAGGCAGCGTGCATAATCCGAGTAGACATTTT	fam_0e423bb8096220c9	-0.25501438035999724	log2_enrichment	1	65.1	RU	observational_reference	0	2476
integrin	0.9	naive_sequence_random	enrichment_observed	TGCCATAAGCATACGCAACAAACTCGCCTGCCTTGCTTAG	fam_9a5bde0709909fc2	-1.35143576227332	log2_enrichment	1	55.5	RU	observational_reference	0	2476
integrin	0.9	naive_sequence_random	enrichment_observed	TTATCACCCCTGCACATTACGCAAAAGTATTATCCCTGCC	fam_34dd286cf0198b9e	-0.8991936374217189	log2_enrichment	1	57.2	RU	observational_reference	0	2476
integrin	0.9	naive_sequence_random	kmer_logistic	AAACCAGGAGGACGCACATTACGCAAAAAGTATCCCTGCC	fam_b245e619ff6fbf39	1.350388036989489	decision_function	1	92.2	RU	harmonized_benchmark	24	2476
integrin	0.9	naive_sequence_random	kmer_logistic	AAGGATACGCATCTAGCACCCCTGCCTTCCTTCTAATGTT	fam_3d80303db7ddc456	0.06155273217513524	decision_function	1	109.2	RU	harmonized_benchmark	24	2476
integrin	0.9	naive_sequence_random	kmer_logistic	ACAAATATGCAACATGTTACGCCAAAAGTTCCCCGGCCTA	fam_abe92cfe3d0d94a8	2.1437184288325546	decision_function	1	62.6	RU	harmonized_benchmark	24	2476
integrin	0.9	naive_sequence_random	kmer_logistic	ACACATAACACGCCTTTGGAGCGATACCTCCATCAACGAT	fam_61512e2b450fa5b1	1.4551418976101518	decision_function	1	239.0	RU	harmonized_benchmark	24	2476
integrin	0.9	naive_sequence_random	kmer_logistic	ACCAATAACCGTTCACATTACGCATCAACTCAACCTGCC	fam_47cd004639a6a0a6	1.2313521980902205	decision_function	0	18.6	RU	harmonized_benchmark	24	2476
integrin	0.9	naive_sequence_random	kmer_logistic	ACTATATCCGCCGTACTACGCATCTTTTTCTTCCTGCCTG	fam_94c3dd3aa853fdfd	-1.296937448214882	decision_function	1	45.2	RU	harmonized_benchmark	24	2476
integrin	0.9	naive_sequence_random	kmer_logistic	AGCAAGTACGCGAAAATCTTCCCCGCCTCTTGTTGGCATC	fam_8c727c7983ffd45c	1.1645294957639498	decision_function	1	73.9	RU	harmonized_benchmark	24	2476
integrin	0.9	naive_sequence_random	kmer_logistic	ATTCCAGAGAGCGACACATTACGCGAAACACTCGCCCGCC	fam_a4204b31b1797b46	2.6672477304226527	decision_function	1	45.8	RU	harmonized_benchmark	24	2476
integrin	0.9	naive_sequence_random	kmer_logistic	CACCTCTCCCAACAGCGGAACTGTTTCTCGGTCCAAAAGG	fam_dee0f6a6ebfe4b67	0.8397259454010345	decision_function	0	24.8	RU	harmonized_benchmark	24	2476
integrin	0.9	naive_sequence_random	kmer_logistic	CTACCAGGTCTTGCACATTACGCGACAACCAAGCCCCGCC	fam_6aca4135ae696d35	2.4852137157703504	decision_function	0	21.9	RU	harmonized_benchmark	24	2476
integrin	0.9	naive_sequence_random	kmer_logistic	GACATCTACGCAAAAGTGTTCCCCTGCCTGATGTGACAAA	fam_4273bd180ab67043	1.0174803682100877	decision_function	1	83.2	RU	harmonized_benchmark	24	2476
integrin	0.9	naive_sequence_random	kmer_logistic	GACTACGCGAAACTTACTCCCCCCGCCTGTCCTTAAACTT	fam_7f9632c20c1230cd	0.93124287498184	decision_function	1	95.7	RU	harmonized_benchmark	24	2476
integrin	0.9	naive_sequence_random	kmer_logistic	GCTGTGTCTACGTCCGGATTGGGGACCTGCACGGCCCATG	fam_2bcfdb9efca3e03d	3.1178293774044414	decision_function	1	260.1	RU	harmonized_benchmark	24	2476
integrin	0.9	naive_sequence_random	kmer_logistic	GTACTACGCCACAACGAACCCCGGCCTGTACCTTTCCGTA	fam_dd1c1548674ceaf1	1.5187015918832893	decision_function	1	99.7	RU	harmonized_benchmark	24	2476
integrin	0.9	naive_sequence_random	kmer_logistic	GTTCAAATCCCCGCACATTACGTAACACTCGAACCCTACC	fam_1eff9caea621fa44	1.2096695959166754	decision_function	1	46.9	RU	harmonized_benchmark	24	2476
integrin	0.9	naive_sequence_random	kmer_logistic	TAAGACGCACCATAACTACGCAAGAGTTCTCTCTGCCTGA	fam_79641d07ed6733c2	-0.7297382005702684	decision_function	0	18.2	RU	harmonized_benchmark	24	2476
integrin	0.9	naive_sequence_random	kmer_logistic	TAGCTCATAACGACCAAAACGACCCAGCAGTTCCTTTCGT	fam_231aaf77d03c2cca	1.6203952138548823	decision_function	0	21.6	RU	harmonized_benchmark	24	2476
integrin	0.9	naive_sequence_random	kmer_logistic	TCCTACACTGCGCATAATACGTAACTATCGACCTACCTT	fam_1e377a2fb7a747db	-2.230030375815124	decision_function	0	8.8	RU	harmonized_benchmark	24	2476
integrin	0.9	naive_sequence_random	kmer_logistic	TCCTTAACTTCAGCGTACATTACGCTACATCTCCCCAGCC	fam_259eb8550c5e35bf	1.17377177596504	decision_function	1	120.2	RU	harmonized_benchmark	24	2476
integrin	0.9	naive_sequence_random	kmer_logistic	TCGGAAGCGATCCGAACATTACGCAAAACACCTCCCTGCC	fam_83cb4e7a94a04621	2.2754060869416186	decision_function	1	75.1	RU	harmonized_benchmark	24	2476
integrin	0.9	naive_sequence_random	kmer_logistic	TCTCCTAGTCCATTTTGGCGCACGCGAATACGGGAGACAC	fam_778f5ebd95e894a6	2.456675122911096	decision_function	1	155.8	RU	harmonized_benchmark	24	2476
integrin	0.9	naive_sequence_random	kmer_logistic	TGCCAAGCCAGGCAGCGTGCATAATCCGAGTAGACATTTT	fam_0e423bb8096220c9	1.5285541241298046	decision_function	1	65.1	RU	harmonized_benchmark	24	2476
integrin	0.9	naive_sequence_random	kmer_logistic	TGCCATAAGCATACGCAACAAACTCGCCTGCCTTGCTTAG	fam_9a5bde0709909fc2	0.5734700314355625	decision_function	1	55.5	RU	harmonized_benchmark	24	2476
integrin	0.9	naive_sequence_random	kmer_logistic	TTATCACCCCTGCACATTACGCAAAAGTATTATCCCTGCC	fam_34dd286cf0198b9e	1.6199351466813776	decision_function	1	57.2	RU	harmonized_benchmark	24	2476
