target	threshold	strategy	item	reason
tg2	0.7	family	AAACAATACTTTATGTCAAAGATTGTGCAAG	held_out_family_or_not_in_training_pool
tg2	0.7	family	AAACAATGCAAATTGTGCAAGCCCGCTGCTTT	held_out_family_or_not_in_training_pool
tg2	0.7	family	AAACAATGTAAAATTGTGCAAGCCTATCTT	held_out_family_or_not_in_training_pool
tg2	0.7	family	AAACAGCAAAGTCTGTGCAAGCCTCGTGCACG	held_out_family_or_not_in_training_pool
tg2	0.7	family	AAACAGCAAGTCTGTGCAAGCCTCGTGCACG	held_out_family_or_not_in_training_pool
tg2	0.7	family	AAACAGCAAGTCTGTGCAAGCCTCGTGTCACG	held_out_family_or_not_in_training_pool
tg2	0.7	family	AAACGAGAGATGTAGCCTACATGCTTGCTT	held_out_family_or_not_in_training_pool
tg2	0.7	family	AAACGAGAGATGTAGCCTTTCTCGAATTCA	held_out_family_or_not_in_training_pool
tg2	0.7	family	AACAAACAACCGTTGTGCAAGCCGCCTAAAC	held_out_family_or_not_in_training_pool
tg2	0.7	family	AACAAATAAAGAATTGTGCAAGCCTCATGC	held_out_family_or_not_in_training_pool
tg2	0.7	family	AACAAATACTTTATGTCAAAGATTGTGCAAG	held_out_family_or_not_in_training_pool
tg2	0.7	family	AACAAATGAGACAACATCAAAATTGTGCAAG	held_out_family_or_not_in_training_pool
tg2	0.7	family	AACAAATGCAAATTGTGCAAGCCCGCTGCTTT	held_out_family_or_not_in_training_pool
tg2	0.7	family	AACAAATGTAATTGTGCAAGCCGTAATGCTT	held_out_family_or_not_in_training_pool
tg2	0.7	family	AACAACAAAGTTGTGCAAGCCAGCCCTGAA	held_out_family_or_not_in_training_pool
tg2	0.7	family	AACAACAACCGTTGTGCAAGCCGCCTAAA	held_out_family_or_not_in_training_pool
tg2	0.7	family	AACAACAACCGTTGTGCAAGCCGCCTAAAC	held_out_family_or_not_in_training_pool
tg2	0.7	family	AACAACAAGCTTGTGCAAGCCCACCGAACC	held_out_family_or_not_in_training_pool
tg2	0.7	family	AACAACAAGTCTGTGCAAGCCTCGTGCACG	held_out_family_or_not_in_training_pool
tg2	0.7	family	AACAACAATGCTTGTGCAAGCCTTACTCAC	held_out_family_or_not_in_training_pool
tg2	0.7	family	AACAACAATGTTGTGCAAGCCTGTGTTCTG	held_out_family_or_not_in_training_pool
tg2	0.7	family	AACAACACAAAAAGAATATTGTTGTGCAAG	held_out_family_or_not_in_training_pool
tg2	0.7	family	AACAACACAGGTTGTGCAAGCCAATTAGCT	held_out_family_or_not_in_training_pool
tg2	0.7	family	AACAACACAGTTGTGCAAGCCAATTTTGAA	held_out_family_or_not_in_training_pool
tg2	0.7	family	AACAACACAGTTGTGCAAGCCTTATTTGCA	held_out_family_or_not_in_training_pool
tg2	0.7	family	AACAACACATAGAATGGTGTATTGTGCAAG	held_out_family_or_not_in_training_pool
tg2	0.7	family	AACAACACGATTGTGCAAGCCTATATGAA	held_out_family_or_not_in_training_pool
tg2	0.7	family	AACAACACGATTGTGCAAGCCTATATGAG	held_out_family_or_not_in_training_pool
tg2	0.7	family	AACAACACGTTTGTGCAAGCCATAGAAGCT	held_out_family_or_not_in_training_pool
tg2	0.7	family	AACAACACGTTTGTGCAAGCCATTGAAGCC	held_out_family_or_not_in_training_pool
tg2	0.7	family	AACAACACGTTTGTGCAAGCCATTGAAGCT	held_out_family_or_not_in_training_pool
tg2	0.7	family	AACAACACGTTTGTGCAAGCCATTGAAGTT	held_out_family_or_not_in_training_pool
tg2	0.7	family	AACAACACGTTTGTGCGAGCCATTGAAGCT	held_out_family_or_not_in_training_pool
tg2	0.7	family	AACAACAGATACTTAAATATGTTGTGCAAG	held_out_family_or_not_in_training_pool
tg2	0.7	family	AACAACAGGGTTGTGCAAGCCTTCCCTTAA	held_out_family_or_not_in_training_pool
tg2	0.7	family	AACAACATTTTCATGAAATGTTGTGCAAG	held_out_family_or_not_in_training_pool
tg2	0.7	family	AACAACGAAGTTGTGCAAGCCACTCCATTA	held_out_family_or_not_in_training_pool
tg2	0.7	family	AACAACGATGTTGTGCAAGCCAGACAGCTC	held_out_family_or_not_in_training_pool
tg2	0.7	family	AACAACGCAAATTGTGCAAGCCCGCTGCTTT	held_out_family_or_not_in_training_pool
tg2	0.7	family	AACAACGCGGTTGTGCAAGCCTGTCAAAAG	held_out_family_or_not_in_training_pool
tg2	0.7	family	AACAACGCGGTTGTGCAAGCCTGTCAAAG	held_out_family_or_not_in_training_pool
tg2	0.7	family	AACAACGGTCATAAAGAACTGTTGTGCAAG	held_out_family_or_not_in_training_pool
tg2	0.7	family	AACAACGGTTTAAACTAATTGTTGTGCAAG	held_out_family_or_not_in_training_pool
tg2	0.7	family	AACAACGTAAATTTGTGCAAGCCTTTTTCA	held_out_family_or_not_in_training_pool
tg2	0.7	family	AACAACGTAAATTTGTGCAAGCCTTTTTTCA	held_out_family_or_not_in_training_pool
tg2	0.7	family	AACAACGTAAATTTGTGCTAAGCCTTTTTCA	held_out_family_or_not_in_training_pool
tg2	0.7	family	AACAACGTAATTGTGCAAGCCTTTTCA	held_out_family_or_not_in_training_pool
tg2	0.7	family	AACAACGTAGAGTTGTGCAAGCCTACATGTG	held_out_family_or_not_in_training_pool
tg2	0.7	family	AACAACTAAGGGAATAAAGTTATTGTGCAAG	held_out_family_or_not_in_training_pool
tg2	0.7	family	AACAACTACCGTTGTGCAAGCCTCGTTAAC	held_out_family_or_not_in_training_pool
tg2	0.7	family	AACAACTCACCTAAATTGAATTGTGCAAG	held_out_family_or_not_in_training_pool
tg2	0.7	family	AACAACTGATAGTGTATTAAGTTGTGCAAG	held_out_family_or_not_in_training_pool
tg2	0.7	family	AACAACTGCGTTGTGCAAGCCTCTCAAAAAT	held_out_family_or_not_in_training_pool
tg2	0.7	family	AACAACTGCGTTGTGCAAGCCTCTCAAAAT	held_out_family_or_not_in_training_pool
tg2	0.7	family	AACAACTGCGTTGTGCAAGCCTCTCGAAAT	held_out_family_or_not_in_training_pool
tg2	0.7	family	AACAAGAGATGGTAGATCAATTCTTCTAAA	held_out_family_or_not_in_training_pool
tg2	0.7	family	AACAAGAGATGGTAGCCTACCGTGCCAA	held_out_family_or_not_in_training_pool
tg2	0.7	family	AACAAGAGATGGTAGGCCACTCCCTGGTCT	held_out_family_or_not_in_training_pool
tg2	0.7	family	AACAAGAGATGGTAGGCCTACCGTGCCAA	held_out_family_or_not_in_training_pool
tg2	0.7	family	AACAAGAGATGGTAGGCCTACGTAATGTTC	held_out_family_or_not_in_training_pool
tg2	0.7	family	AACAAGATACATTGTGCAAGCCTCGATGTGA	held_out_family_or_not_in_training_pool
tg2	0.7	family	AACAAGCAAGTCTGTGCAAGCCTCGTGCACG	held_out_family_or_not_in_training_pool
tg2	0.7	family	AACAAGCAGTCTGTGCAAGCCTCGTGCACG	held_out_family_or_not_in_training_pool
tg2	0.7	family	AACAATAAAAAAAAAAATTGTGCAAGCCTTAGGCT	held_out_family_or_not_in_training_pool
tg2	0.7	family	AACAATAAAAAAAAAATTGTGCAAGCCTTAGGCTC	held_out_family_or_not_in_training_pool
tg2	0.7	family	AACAATAAAAAAAAATTGTGCAAGCCTTAGGCT	held_out_family_or_not_in_training_pool
tg2	0.7	family	AACAATAAAAAAAAATTGTGCAAGCCTTAGGCTC	held_out_family_or_not_in_training_pool
tg2	0.7	family	AACAATAAAAAAAATTGTGCAAGCCGGTTAGCTA	held_out_family_or_not_in_training_pool
tg2	0.7	family	AACAATAAAAAAAATTGTGCAAGCCTTAGGCT	held_out_family_or_not_in_training_pool
tg2	0.7	family	AACAATAAAAAAAATTGTGCAAGCCTTAGGCTC	held_out_family_or_not_in_training_pool
tg2	0.7	family	AACAATAAAAAAATTGTGCAAGCCGGTTAGCTA	held_out_family_or_not_in_training_pool
tg2	0.7	family	AACAATAAAAAAATTGTGCAAGCCTTAGACTC	held_out_family_or_not_in_training_pool
tg2	0.7	family	AACAATAAAAAAATTGTGCAAGCCTTAGGCT	held_out_family_or_not_in_training_pool
tg2	0.7	family	AACAATAAAAAAATTGTGCAAGCCTTAGGCTC	held_out_family_or_not_in_training_pool
tg2	0.7	family	AACAATAAAAAAATTGTGCAAGCCTTAGGGCTC	held_out_family_or_not_in_training_pool
tg2	0.7	family	AACAATAAAAAATAAATTGTGCAAGCCTTAGGCTC	held_out_family_or_not_in_training_pool
tg2	0.7	family	AACAATAAAAAATTGTGCAAGCCGGTTAGCTA	held_out_family_or_not_in_training_pool
tg2	0.7	family	AACAATAAAAAATTGTGCAAGCCTTAGACTC	held_out_family_or_not_in_training_pool
tg2	0.7	family	AACAATAAAAAATTGTGCAAGCCTTAGGCT	held_out_family_or_not_in_training_pool
tg2	0.7	family	AACAATAAAAAATTGTGCAAGCCTTAGGCTC	held_out_family_or_not_in_training_pool
tg2	0.7	family	AACAATAAAAAATTGTGCAAGCCTTAGGCTT	held_out_family_or_not_in_training_pool
tg2	0.7	family	AACAATAAAAAATTGTGCAAGCCTTAGGTTC	held_out_family_or_not_in_training_pool
tg2	0.7	family	AACAATAAAAAATTGTGCAAGCCTTGGGCTC	held_out_family_or_not_in_training_pool
tg2	0.7	family	AACAATAAAAACATGGTTAATTGTGCAAG	held_out_family_or_not_in_training_pool
tg2	0.7	family	AACAATAAAAACTGTGCAAGCCTTAGGCTC	held_out_family_or_not_in_training_pool
tg2	0.7	family	AACAATAAAAATTGCGCAAGCCTTAGGCTC	held_out_family_or_not_in_training_pool
tg2	0.7	family	AACAATAAAAATTGTGCAAGCCAATACA	held_out_family_or_not_in_training_pool
tg2	0.7	family	AACAATAAAAATTGTGCAAGCCGGTTAGCTA	held_out_family_or_not_in_training_pool
tg2	0.7	family	AACAATAAAAATTGTGCAAGCCTTAGACTC	held_out_family_or_not_in_training_pool
tg2	0.7	family	AACAATAAAAATTGTGCAAGCCTTAGGCAC	held_out_family_or_not_in_training_pool
tg2	0.7	family	AACAATAAAAATTGTGCAAGCCTTAGGCCC	held_out_family_or_not_in_training_pool
tg2	0.7	family	AACAATAAAAATTGTGCAAGCCTTAGGCT	held_out_family_or_not_in_training_pool
tg2	0.7	family	AACAATAAAAATTGTGCAAGCCTTAGGCTC	held_out_family_or_not_in_training_pool
tg2	0.7	family	AACAATAAAAATTGTGCAAGCCTTAGGTTC	held_out_family_or_not_in_training_pool
tg2	0.7	family	AACAATAAAACATGGTTAATTGTGCAAG	held_out_family_or_not_in_training_pool
tg2	0.7	family	AACAATAAAAGCAATCTTGAATTGTGCAAG	held_out_family_or_not_in_training_pool
tg2	0.7	family	AACAATAAAAGTTGTGCAAGCCTTAGGCTC	held_out_family_or_not_in_training_pool
tg2	0.7	family	AACAATAAAATAAGAGCGTTATTGTGCAAG	held_out_family_or_not_in_training_pool
tg2	0.7	family	AACAATAAAATTGTGCAAGCCGGTTAGCTA	held_out_family_or_not_in_training_pool
tg2	0.7	family	AACAATAAAATTGTGCAAGCCTTAGGCT	held_out_family_or_not_in_training_pool
tg2	0.7	family	AACAATAAAATTGTGCAAGCCTTAGGCTC	held_out_family_or_not_in_training_pool
tg2	0.7	family	AACAATAAAATTGTGCAAGCCTTAGGTTC	held_out_family_or_not_in_training_pool
tg2	0.7	family	AACAATAAACAAATACAATTATTGTGCAAG	held_out_family_or_not_in_training_pool
tg2	0.7	family	AACAATAAACACATACGAGAATTGTGCAAG	held_out_family_or_not_in_training_pool
tg2	0.7	family	AACAATAAACTTGTGCAAGCCACAATGGCT	held_out_family_or_not_in_training_pool
tg2	0.7	family	AACAATAAACTTGTGCAAGCCATTTCGCCA	held_out_family_or_not_in_training_pool
tg2	0.7	family	AACAATAAAGAATTGTGCAAGCCTCATGC	held_out_family_or_not_in_training_pool
tg2	0.7	family	AACAATAAAGAGTATGAAGAATTGTGCAAG	held_out_family_or_not_in_training_pool
tg2	0.7	family	AACAATAAATAAAAAGATGTATTGTGCAAG	held_out_family_or_not_in_training_pool
tg2	0.7	family	AACAATAAATACGTACTTAGATTGTGCAAG	held_out_family_or_not_in_training_pool
tg2	0.7	family	AACAATAAATTTGCGCAAGCCCACGCCGTC	held_out_family_or_not_in_training_pool
tg2	0.7	family	AACAATAAATTTGTGCAAGCCCACGCCGTC	held_out_family_or_not_in_training_pool
tg2	0.7	family	AACAATAACAAAAATAGCTGTATTGTGCAAG	held_out_family_or_not_in_training_pool
tg2	0.7	family	AACAATAACAAAAGACGGTGATTGTGCAAG	held_out_family_or_not_in_training_pool
tg2	0.7	family	AACAATAACAAAATAGCTGTATTGTGCAAG	held_out_family_or_not_in_training_pool
tg2	0.7	family	AACAATAACATATTGTGCAAGCCAATCAG	held_out_family_or_not_in_training_pool
tg2	0.7	family	AACAATAACATTGTGCAAGCCCGTCCAAGT	held_out_family_or_not_in_training_pool
tg2	0.7	family	AACAATAACCACTGTGGTTTATTGTGCAAG	held_out_family_or_not_in_training_pool
tg2	0.7	family	AACAATAACGGCTATACGTAATTGTGCAAG	held_out_family_or_not_in_training_pool
tg2	0.7	family	AACAATAACGGGATTAGCTTATTGTGCAAG	held_out_family_or_not_in_training_pool
tg2	0.7	family	AACAATAAGAAAACACGATTATTGTGCAAG	held_out_family_or_not_in_training_pool
tg2	0.7	family	AACAATAAGAAAGCTTATTTATTGTGCAAG	held_out_family_or_not_in_training_pool
tg2	0.7	family	AACAATAAGAACACCGTTTTATTGTGCAAG	held_out_family_or_not_in_training_pool
tg2	0.7	family	AACAATAAGAAGCGAGTTTATTGTGCAAG	held_out_family_or_not_in_training_pool
tg2	0.7	family	AACAATAAGAAGCGAGTTTTATTGTGCAAG	held_out_family_or_not_in_training_pool
tg2	0.7	family	AACAATAAGATCTTTATATTATTGTGCAAG	held_out_family_or_not_in_training_pool
tg2	0.7	family	AACAATAAGATTGTGCAAGCCAAGAATGGT	held_out_family_or_not_in_training_pool
tg2	0.7	family	AACAATAAGATTGTGCAAGCCGTACAACTGC	held_out_family_or_not_in_training_pool
tg2	0.7	family	AACAATAAGGGAATAAAAGTTATTGTGCAAG	held_out_family_or_not_in_training_pool
tg2	0.7	family	AACAATAAGGGAATAAAGTTATTGTGCAAG	held_out_family_or_not_in_training_pool
tg2	0.7	family	AACAATAAGTATTTACAGGAATTGTGCAAG	held_out_family_or_not_in_training_pool
tg2	0.7	family	AACAATAAGTGTAAATGAAAATTGTGCAAG	held_out_family_or_not_in_training_pool
tg2	0.7	family	AACAATAATAATAAATGATATTGTGCAAGC	held_out_family_or_not_in_training_pool
tg2	0.7	family	AACAATAATAATTAGATATAATTGTGCAAG	held_out_family_or_not_in_training_pool
tg2	0.7	family	AACAATAATCTTATTGTGCAAGCCACTTGT	held_out_family_or_not_in_training_pool
tg2	0.7	family	AACAATAATGTAAACGTGAATTGTGCAAG	held_out_family_or_not_in_training_pool
tg2	0.7	family	AACAATACAAATTGTGCAAGCCCGCTGCTTT	held_out_family_or_not_in_training_pool
tg2	0.7	family	AACAATACAATTGTGCAAGCCTCAATGTGA	held_out_family_or_not_in_training_pool
tg2	0.7	family	AACAATACAATTGTGCAAGCCTCGACGTGA	held_out_family_or_not_in_training_pool
tg2	0.7	family	AACAATACAATTGTGCAAGCCTCGATGTGA	held_out_family_or_not_in_training_pool
tg2	0.7	family	AACAATACAATTGTGCAAGCCTCGGTGTGA	held_out_family_or_not_in_training_pool
tg2	0.7	family	AACAATACAGAATTAATGTTATTGTGCAAG	held_out_family_or_not_in_training_pool
tg2	0.7	family	AACAATACAGATATATTGTGCAAGCCTTAA	held_out_family_or_not_in_training_pool
tg2	0.7	family	AACAATACATAGAATGGTGTATTGTGCAAG	held_out_family_or_not_in_training_pool
tg2	0.7	family	AACAATACATTTGTGCAAGCCTTGACAAGA	held_out_family_or_not_in_training_pool
tg2	0.7	family	AACAATACGATTTGTGCAAGCCTATTTCAT	held_out_family_or_not_in_training_pool
tg2	0.7	family	AACAATACGTATTGTGCAAGCCTTAAAGCC	held_out_family_or_not_in_training_pool
tg2	0.7	family	AACAATACTATTGTGCAAGCCATATCCTTA	held_out_family_or_not_in_training_pool
tg2	0.7	family	AACAATACTATTTTAATGGTATTGTGCAAG	held_out_family_or_not_in_training_pool
tg2	0.7	family	AACAATACTGATTGTGCAAGCCTCTTCAG	held_out_family_or_not_in_training_pool
tg2	0.7	family	AACAATACTTTATGTCAAAGATTGTGCAAG	held_out_family_or_not_in_training_pool
tg2	0.7	family	AACAATACTTTATGTCGAAGATTGTGCAAG	held_out_family_or_not_in_training_pool
tg2	0.7	family	AACAATAGAACGTAAAGATTATTGTGCAAG	held_out_family_or_not_in_training_pool
tg2	0.7	family	AACAATAGAATATTGTGCAAGCCTAATTAG	held_out_family_or_not_in_training_pool
tg2	0.7	family	AACAATAGAATTAGACGACTATTGTGCAAG	held_out_family_or_not_in_training_pool
tg2	0.7	family	AACAATAGAATTTGTGCAAGCCTCATAAAG	held_out_family_or_not_in_training_pool
tg2	0.7	family	AACAATAGACAATTGAATTTATTGTGCAAG	held_out_family_or_not_in_training_pool
tg2	0.7	family	AACAATAGACACCAGTAATTATTGTGCAAG	held_out_family_or_not_in_training_pool
tg2	0.7	family	AACAATAGACGATTGAATTTATTGTGCAAG	held_out_family_or_not_in_training_pool
tg2	0.7	family	AACAATAGACGCAAGATTCTATTGTGCAAG	held_out_family_or_not_in_training_pool
tg2	0.7	family	AACAATAGATAAAGAGATTTATTGTGCAAG	held_out_family_or_not_in_training_pool
tg2	0.7	family	AACAATAGCAGAATTGATGTATTGTGCAAG	held_out_family_or_not_in_training_pool
tg2	0.7	family	AACAATAGCTAATTGTGCAAGCCTCTGGCG	held_out_family_or_not_in_training_pool
tg2	0.7	family	AACAATAGCTTATTGTGCAAGCCTGTCAAA	held_out_family_or_not_in_training_pool
tg2	0.7	family	AACAATAGGAATTGTGCAAGCCGATATCCA	held_out_family_or_not_in_training_pool
tg2	0.7	family	AACAATAGGATATAATCGATATTGTGCAAG	held_out_family_or_not_in_training_pool
tg2	0.7	family	AACAATAGGATATAATCGGTATTGTGCAAG	held_out_family_or_not_in_training_pool
tg2	0.7	family	AACAATAGGATTGTGCAAGCCTCAAACCGAA	held_out_family_or_not_in_training_pool
tg2	0.7	family	AACAATAGGATTGTGCAAGCCTCAACCGAA	held_out_family_or_not_in_training_pool
tg2	0.7	family	AACAATAGGATTGTGCAAGCCTCAACTGAA	held_out_family_or_not_in_training_pool
tg2	0.7	family	AACAATAGGATTTGTGCAAGCCCCTTCTAA	held_out_family_or_not_in_training_pool
tg2	0.7	family	AACAATAGGCTAGAGGCTATATTGTGCAAG	held_out_family_or_not_in_training_pool
tg2	0.7	family	AACAATAGGTATAATCTTATTGTGCAAGCC	held_out_family_or_not_in_training_pool
tg2	0.7	family	AACAATAGTAATATTGTGCAAGCCAAAGC	held_out_family_or_not_in_training_pool
tg2	0.7	family	AACAATAGTAATATTGTGCAAGCCAAAGT	held_out_family_or_not_in_training_pool
tg2	0.7	family	AACAATAGTAATATTGTGCAAGCCAATGT	held_out_family_or_not_in_training_pool
tg2	0.7	family	AACAATAGTACTGTATGACTATTGTGCAAG	held_out_family_or_not_in_training_pool
tg2	0.7	family	AACAATAGTAGATAAACATAATTGTGCAAG	held_out_family_or_not_in_training_pool
tg2	0.7	family	AACAATAGTAGATGACAGTTATTGTGCAAG	held_out_family_or_not_in_training_pool
tg2	0.7	family	AACAATAGTATTGTGCAAGCCCATCCTCAC	held_out_family_or_not_in_training_pool
tg2	0.7	family	AACAATAGTATTGTGCAAGCCTGTCTTACAA	held_out_family_or_not_in_training_pool
tg2	0.7	family	AACAATAGTCAAAAATATACTATTGTGCAAG	held_out_family_or_not_in_training_pool
tg2	0.7	family	AACAATAGTCAAAACATACTATTGTGCAAG	held_out_family_or_not_in_training_pool
tg2	0.7	family	AACAATAGTCAAAATATACTATTGTGCAAG	held_out_family_or_not_in_training_pool
tg2	0.7	family	AACAATAGTGGTTCAGCATTATTGTGCAAG	held_out_family_or_not_in_training_pool
tg2	0.7	family	AACAATAGTGGTTTAGCATTATTGTGCAAG	held_out_family_or_not_in_training_pool
tg2	0.7	family	AACAATAGTTGATAAATATATTGTGCAAGC	held_out_family_or_not_in_training_pool
tg2	0.7	family	AACAATAGTTTGATAAGCCAATTGTGCAAG	held_out_family_or_not_in_training_pool
tg2	0.7	family	AACAATATAAAAAAAAACAAGTTATTGTGCAAG	held_out_family_or_not_in_training_pool
tg2	0.7	family	AACAATATAAAAAAAACAAGTTATTGTGCAAG	held_out_family_or_not_in_training_pool
tg2	0.7	family	AACAATATAAAAAAACAAGTTATTGTGCAAG	held_out_family_or_not_in_training_pool
tg2	0.7	family	AACAATATAAAAAACAAGTTATTGTGCAAG	held_out_family_or_not_in_training_pool
tg2	0.7	family	AACAATATAAAAAACAGGTTATTGTGCAAG	held_out_family_or_not_in_training_pool
tg2	0.7	family	AACAATATAAAAAACGAGTTATTGTGCAAG	held_out_family_or_not_in_training_pool
tg2	0.7	family	AACAATATAAAAACAAGTTATTGTGCAAG	held_out_family_or_not_in_training_pool
tg2	0.7	family	AACAATATAAACATTCAAGTATTGTGCAAG	held_out_family_or_not_in_training_pool
tg2	0.7	family	AACAATATAATTGTGCAAGCCGATGATGCC	held_out_family_or_not_in_training_pool
tg2	0.7	family	AACAATATAATTGTGCAAGCCGTCAACCGC	held_out_family_or_not_in_training_pool
tg2	0.7	family	AACAATATAATTGTGCAAGCCTCGATGTGA	held_out_family_or_not_in_training_pool
tg2	0.7	family	AACAATATACAACATGATATATTGTGCAAG	held_out_family_or_not_in_training_pool
tg2	0.7	family	AACAATATACATGTCTAGATATTGTGCAAG	held_out_family_or_not_in_training_pool
tg2	0.7	family	AACAATATACGATTGTGCAAGCCAATCTG	held_out_family_or_not_in_training_pool
tg2	0.7	family	AACAATATAGAATTAATGTTATTGTGCAAG	held_out_family_or_not_in_training_pool
tg2	0.7	family	AACAATATAGCAAGTTTTAAATTGTGCAAG	held_out_family_or_not_in_training_pool
tg2	0.7	family	AACAATATAGTCATAAACTAATTGTGCAAG	held_out_family_or_not_in_training_pool
tg2	0.7	family	AACAATATATTGAGTATGATATTGTGCAAG	held_out_family_or_not_in_training_pool
tg2	0.7	family	AACAATATATTTGTGCAAGCCACTGCTTTT	held_out_family_or_not_in_training_pool
tg2	0.7	family	AACAATATATTTGTGCAAGCCGCTGCTTT	held_out_family_or_not_in_training_pool
tg2	0.7	family	AACAATATATTTGTGCAAGCCGCTGCTTTC	held_out_family_or_not_in_training_pool
tg2	0.7	family	AACAATATATTTGTGCAAGCCGCTGCTTTT	held_out_family_or_not_in_training_pool
tg2	0.7	family	AACAATATATTTGTGCAAGCCGCTGCTTTTT	held_out_family_or_not_in_training_pool
tg2	0.7	family	AACAATATATTTGTGCAAGCCTTTGAGTAG	held_out_family_or_not_in_training_pool
tg2	0.7	family	AACAATATCAAATTACTGCTATTGTGCAAG	held_out_family_or_not_in_training_pool
tg2	0.7	family	AACAATATCTTGAAAAGGGAATTGTGCAAG	held_out_family_or_not_in_training_pool
tg2	0.7	family	AACAATATGAAAGAGTGGTTATTGTGCAAG	held_out_family_or_not_in_training_pool
tg2	0.7	family	AACAATATGAACCCTGCATATTGTGCAAG	held_out_family_or_not_in_training_pool
tg2	0.7	family	AACAATATGCGATTGTGCAAGCCCCCTGCA	held_out_family_or_not_in_training_pool
tg2	0.7	family	AACAATATGGAAATTGTGCAAGCCGCTGCT	held_out_family_or_not_in_training_pool
tg2	0.7	family	AACAATATGGAAATTGTGCAAGCCTTATGTT	held_out_family_or_not_in_training_pool
tg2	0.7	family	AACAATATGGAATTGTGCAAACCTTATGTT	held_out_family_or_not_in_training_pool
tg2	0.7	family	AACAATATGGAATTGTGCAAGCCTTATGTC	held_out_family_or_not_in_training_pool
tg2	0.7	family	AACAATATGGAATTGTGCAAGCCTTATGTT	held_out_family_or_not_in_training_pool
tg2	0.7	family	AACAATATGGATTTGTGCAAGCCTTATGTT	held_out_family_or_not_in_training_pool
tg2	0.7	family	AACAATATGTATAAGATCTTATTGTGCAAG	held_out_family_or_not_in_training_pool
tg2	0.7	family	AACAATATGTCTATTTACCTATTGTGCAAG	held_out_family_or_not_in_training_pool
tg2	0.7	family	AACAATATGTGCTGAAATTATTGTGCAAG	held_out_family_or_not_in_training_pool
tg2	0.7	family	AACAATATTACACTTTGAATATTGTGCAAG	held_out_family_or_not_in_training_pool
tg2	0.7	family	AACAATATTACACTTTGAATATTGTGCGAG	held_out_family_or_not_in_training_pool
tg2	0.7	family	AACAATATTAGAGAAATAATATTGTGCAAG	held_out_family_or_not_in_training_pool
tg2	0.7	family	AACAATATTGGAAAAATAATATTGTGCAAG	held_out_family_or_not_in_training_pool
tg2	0.7	family	AACAATATTGGAGAAAAAATATTGTGCAAG	held_out_family_or_not_in_training_pool
tg2	0.7	family	AACAATATTGGAGAAAATAATATTGTGCAAG	held_out_family_or_not_in_training_pool
tg2	0.7	family	AACAATATTGGAGAAATAATATTGTGCAAA	held_out_family_or_not_in_training_pool
tg2	0.7	family	AACAATATTGGAGAAATAATATTGTGCAAC	held_out_family_or_not_in_training_pool
tg2	0.7	family	AACAATATTGGAGAAATAATATTGTGCAAG	held_out_family_or_not_in_training_pool
tg2	0.7	family	AACAATATTGGAGAAATGATATTGTGCAAG	held_out_family_or_not_in_training_pool
tg2	0.7	family	AACAATATTGGAGAATAATATTGTGCAAG	held_out_family_or_not_in_training_pool
tg2	0.7	family	AACAATATTGGAGAGATAATATTGTGCAAG	held_out_family_or_not_in_training_pool
tg2	0.7	family	AACAATATTGGAGGAATAATATTGTGCAAG	held_out_family_or_not_in_training_pool
tg2	0.7	family	AACAATATTGGGGAAATAATATTGTGCAAG	held_out_family_or_not_in_training_pool
tg2	0.7	family	AACAATATTTATGATTAATTATTGTGCAAG	held_out_family_or_not_in_training_pool
tg2	0.7	family	AACAATATTTATGATTAGTTATTGTGCAAG	held_out_family_or_not_in_training_pool
tg2	0.7	family	AACAATATTTGTTTGGTAATATTGTGCAAG	held_out_family_or_not_in_training_pool
tg2	0.7	family	AACAATATTTGTTTGGTAATATTGTGCGAG	held_out_family_or_not_in_training_pool
tg2	0.7	family	AACAATCAAAATTATATCTAGATTGTGCAAG	held_out_family_or_not_in_training_pool
tg2	0.7	family	AACAATCAAAGAACGAGATGATTGTGCAAG	held_out_family_or_not_in_training_pool
tg2	0.7	family	AACAATCAAATTATATCTAGATTGTGCAAG	held_out_family_or_not_in_training_pool
tg2	0.7	family	AACAATCAATAAATCGATGGATTGTGCAAG	held_out_family_or_not_in_training_pool
tg2	0.7	family	AACAATCAATAAATTGTGCAAGCCTTATG	held_out_family_or_not_in_training_pool
tg2	0.7	family	AACAATCAATCGATGAAATGATTGTGCAAG	held_out_family_or_not_in_training_pool
tg2	0.7	family	AACAATCAATGAAAAGATCGATTGTGCAAG	held_out_family_or_not_in_training_pool
tg2	0.7	family	AACAATCAATGATTGTGCAAGCCCGGCGTT	held_out_family_or_not_in_training_pool
tg2	0.7	family	AACAATCACATGAAAGGATGATTGTGCAAG	held_out_family_or_not_in_training_pool
tg2	0.7	family	AACAATCACTGGATTGTGCAAGCCTCATAA	held_out_family_or_not_in_training_pool
tg2	0.7	family	AACAATCAGATAAAATCGTGATTGTGCAAG	held_out_family_or_not_in_training_pool
tg2	0.7	family	AACAATCAGATATTTCAGTGATTGTGCAAG	held_out_family_or_not_in_training_pool
tg2	0.7	family	AACAATCAGCAGGGTACCTGATTGTGCAAG	held_out_family_or_not_in_training_pool
tg2	0.7	family	AACAATCAGGTATTGTGCAAGCCACCGTTC	held_out_family_or_not_in_training_pool
tg2	0.7	family	AACAATCAGTAAAAAAAAAATCGTGATTGTGCAAG	held_out_family_or_not_in_training_pool
tg2	0.7	family	AACAATCAGTAAAAAAAAATCGTGATTGTGCAAG	held_out_family_or_not_in_training_pool
tg2	0.7	family	AACAATCAGTAAAAAAAATCGTGATTGTGCAAG	held_out_family_or_not_in_training_pool
tg2	0.7	family	AACAATCAGTAAAAAAATCGTGATTGTGCAAG	held_out_family_or_not_in_training_pool
tg2	0.7	family	AACAATCAGTAAAAAACCGTGATTGTGCAAG	held_out_family_or_not_in_training_pool
tg2	0.7	family	AACAATCAGTAAAAAATAGTGATTGTGCAAG	held_out_family_or_not_in_training_pool
tg2	0.7	family	AACAATCAGTAAAAAATCGTGATTGTGCAAG	held_out_family_or_not_in_training_pool
tg2	0.7	family	AACAATCAGTAAAAATCGTGATTGTGCAAC	held_out_family_or_not_in_training_pool
tg2	0.7	family	AACAATCAGTAAAAATCGTGATTGTGCAAG	held_out_family_or_not_in_training_pool
tg2	0.7	family	AACAATCAGTAAAATCGTGATTGTGCAAG	held_out_family_or_not_in_training_pool
tg2	0.7	family	AACAATCAGTGAAAATCGTGATTGTGCAAG	held_out_family_or_not_in_training_pool
tg2	0.7	family	AACAATCGAAAAATTGTGCAAGCCGAGCCTG	held_out_family_or_not_in_training_pool
tg2	0.7	family	AACAATCGAAAATTGTGCAAGCCGAGCCTG	held_out_family_or_not_in_training_pool
tg2	0.7	family	AACAATCGACATTGTGCAAGCCTTAATCGC	held_out_family_or_not_in_training_pool
tg2	0.7	family	AACAATCGAGCAAGTCATGATTGTGCAAG	held_out_family_or_not_in_training_pool
tg2	0.7	family	AACAATCGCGCAAAGCTGAGATTGTGCAAG	held_out_family_or_not_in_training_pool
tg2	0.7	family	AACAATCGGATATTGATCTGATTGTGCAAG	held_out_family_or_not_in_training_pool
tg2	0.7	family	AACAATCGTGTTAGGGCACTATTGTGCAAG	held_out_family_or_not_in_training_pool
tg2	0.7	family	AACAATCGTTATGCTTATAGATTGTGCAAG	held_out_family_or_not_in_training_pool
tg2	0.7	family	AACAATCTAAACGTAATGTGATTGTGCAAG	held_out_family_or_not_in_training_pool
tg2	0.7	family	AACAATCTAACGTAATGTGATTGTGCAAG	held_out_family_or_not_in_training_pool
tg2	0.7	family	AACAATCTATAGAAAAAAAAAAGATTGTGCAAG	held_out_family_or_not_in_training_pool
tg2	0.7	family	AACAATCTATAGAAAAAAAAGATTGTGCAAG	held_out_family_or_not_in_training_pool
tg2	0.7	family	AACAATCTATAGAAAAAAAGATTGTGCAAG	held_out_family_or_not_in_training_pool
tg2	0.7	family	AACAATCTATAGAAAAAAGATTGTGCAAG	held_out_family_or_not_in_training_pool
tg2	0.7	family	AACAATCTCCCGAGCGTGGGATTGTGCAAG	held_out_family_or_not_in_training_pool
tg2	0.7	family	AACAATGAAAAAATTGTGCAAGCCTTAGGCTC	held_out_family_or_not_in_training_pool
tg2	0.7	family	AACAATGAAAACTTGTGCAAGCCTCAGAAGC	held_out_family_or_not_in_training_pool
tg2	0.7	family	AACAATGAAAATTGTGCAAGCCTTAGGCTC	held_out_family_or_not_in_training_pool
tg2	0.7	family	AACAATGAAACTTGTGCAAGCCTCAGAAG	held_out_family_or_not_in_training_pool
tg2	0.7	family	AACAATGAAACTTGTGCAAGCCTCAGAAGC	held_out_family_or_not_in_training_pool
tg2	0.7	family	AACAATGAAACTTTATGTGTATTGTGCAAG	held_out_family_or_not_in_training_pool
tg2	0.7	family	AACAATGAAAGATTGTGCAAGCCTCGGCGA	held_out_family_or_not_in_training_pool
tg2	0.7	family	AACAATGAAAGTGAGATATAATTGTGCAAG	held_out_family_or_not_in_training_pool
tg2	0.7	family	AACAATGAAATGACTGTTGAATTGTGCAAG	held_out_family_or_not_in_training_pool
tg2	0.7	family	AACAATGAACAATTGTGCAAGCCCTTGAG	held_out_family_or_not_in_training_pool
tg2	0.7	family	AACAATGAACATTGTGCAAGCCAGGTGCGC	held_out_family_or_not_in_training_pool
tg2	0.7	family	AACAATGAAGATTGTGCAAGCCTTTCGGTC	held_out_family_or_not_in_training_pool
tg2	0.7	family	AACAATGAAGCTTTTTTAGGAATTGTGCAAG	held_out_family_or_not_in_training_pool
tg2	0.7	family	AACAATGAATATATTGGTTAATTGTGCAAG	held_out_family_or_not_in_training_pool
tg2	0.7	family	AACAATGAATGCGTAACATAATTGTGCAAG	held_out_family_or_not_in_training_pool
tg2	0.7	family	AACAATGAATGTAGATAAAAATTGTGCAAG	held_out_family_or_not_in_training_pool
tg2	0.7	family	AACAATGAATGTAGATAAAATTGTGCAAG	held_out_family_or_not_in_training_pool
tg2	0.7	family	AACAATGAATTTAAGTGTTGATTGTGCAAG	held_out_family_or_not_in_training_pool
tg2	0.7	family	AACAATGAATTTGGTAAAGAATTGTGCAAG	held_out_family_or_not_in_training_pool
tg2	0.7	family	AACAATGACATAATTGTGCAAGCCTACATC	held_out_family_or_not_in_training_pool
tg2	0.7	family	AACAATGAGAAAACACGATTATTGTGCAAG	held_out_family_or_not_in_training_pool
tg2	0.7	family	AACAATGAGAAAGCTTATTTATTGTGCAAG	held_out_family_or_not_in_training_pool
tg2	0.7	family	AACAATGAGAAAGGTAAATAAATTGTGCAAG	held_out_family_or_not_in_training_pool
tg2	0.7	family	AACAATGAGAAAGGTAAATAATTGTGCAAG	held_out_family_or_not_in_training_pool
tg2	0.7	family	AACAATGAGAAATTGTGCAAGCCTTGTAATG	held_out_family_or_not_in_training_pool
tg2	0.7	family	AACAATGAGAATATAGTACTATTGTGCAAG	held_out_family_or_not_in_training_pool
tg2	0.7	family	AACAATGAGAATGTAGTACTATTGTGCAAG	held_out_family_or_not_in_training_pool
tg2	0.7	family	AACAATGAGAATTAATTTACATTGTGCAAG	held_out_family_or_not_in_training_pool
tg2	0.7	family	AACAATGAGAATTGTGCAAGCCTCGTAATG	held_out_family_or_not_in_training_pool
tg2	0.7	family	AACAATGAGAATTGTGCAAGCCTTATAATG	held_out_family_or_not_in_training_pool
tg2	0.7	family	AACAATGAGAATTGTGCAAGCCTTGCAATG	held_out_family_or_not_in_training_pool
tg2	0.7	family	AACAATGAGAATTGTGCAAGCCTTGTAACG	held_out_family_or_not_in_training_pool
tg2	0.7	family	AACAATGAGAATTGTGCAAGCCTTGTAATC	held_out_family_or_not_in_training_pool
tg2	0.7	family	AACAATGAGAATTGTGCAAGCCTTGTAATG	held_out_family_or_not_in_training_pool
tg2	0.7	family	AACAATGAGAATTGTGCAAGCCTTGTAGTG	held_out_family_or_not_in_training_pool
tg2	0.7	family	AACAATGAGAATTGTGCAAGCCTTGTATG	held_out_family_or_not_in_training_pool
tg2	0.7	family	AACAATGAGAATTGTGCAAGCCTTGTGATA	held_out_family_or_not_in_training_pool
tg2	0.7	family	AACAATGAGAATTGTGCAGGCCTTGTAATG	held_out_family_or_not_in_training_pool
tg2	0.7	family	AACAATGAGACAACATCAAAATTGTGCAAG	held_out_family_or_not_in_training_pool
tg2	0.7	family	AACAATGAGATATTTGTGCAAGCCGCTCTT	held_out_family_or_not_in_training_pool
tg2	0.7	family	AACAATGAGCAATTGTGCAAGCCCTTGAG	held_out_family_or_not_in_training_pool
tg2	0.7	family	AACAATGAGGATTGTGCAAGCCTTGTAATG	held_out_family_or_not_in_training_pool
tg2	0.7	family	AACAATGAGTAAATGTTAAAAATTGTGCAAG	held_out_family_or_not_in_training_pool
tg2	0.7	family	AACAATGAGTAAATGTTAAAATTGTGCAAG	held_out_family_or_not_in_training_pool
tg2	0.7	family	AACAATGATAAGATTGTGCAAGCCTCTGGC	held_out_family_or_not_in_training_pool
tg2	0.7	family	AACAATGATAATTATACTGCATTGTGCAAG	held_out_family_or_not_in_training_pool
tg2	0.7	family	AACAATGATAATTGTGCAAGCCCGTCCTCT	held_out_family_or_not_in_training_pool
tg2	0.7	family	AACAATGATCGAACTAAGTCATTGTGCAAG	held_out_family_or_not_in_training_pool
tg2	0.7	family	AACAATGATGCGAGTACGTTATTGTGCAAG	held_out_family_or_not_in_training_pool
tg2	0.7	family	AACAATGATGCGTTTTACATATTGTGCAAG	held_out_family_or_not_in_training_pool
tg2	0.7	family	AACAATGATGGAGGAAAATGATTGTGCAAG	held_out_family_or_not_in_training_pool
tg2	0.7	family	AACAATGATTAAACGTTAAAATTGTGCAAG	held_out_family_or_not_in_training_pool
tg2	0.7	family	AACAATGATTAACAAGTTTTATTGTGCAAG	held_out_family_or_not_in_training_pool
tg2	0.7	family	AACAATGATTAACAAGTTTTTATTGTGCAAG	held_out_family_or_not_in_training_pool
tg2	0.7	family	AACAATGATTGTATTTAGTCATTGTGCAAG	held_out_family_or_not_in_training_pool
tg2	0.7	family	AACAATGATTTAGAATTAGGATTGTGCAAG	held_out_family_or_not_in_training_pool
tg2	0.7	family	AACAATGATTTAGCGAGGTTATTGTGCAAG	held_out_family_or_not_in_training_pool
tg2	0.7	family	AACAATGCAAAAATAAGTGACATTGTGCAAG	held_out_family_or_not_in_training_pool
tg2	0.7	family	AACAATGCAAAAATTGTGCAAGCCCGCTGCTTT	held_out_family_or_not_in_training_pool
tg2	0.7	family	AACAATGCAAAATAAGTGACATTGTGCAAG	held_out_family_or_not_in_training_pool
tg2	0.7	family	AACAATGCAAAATTGTGCAAGCCCGCTGCTTT	held_out_family_or_not_in_training_pool
tg2	0.7	family	AACAATGCAAAATTGTGCAAGCCTATCTT	held_out_family_or_not_in_training_pool
tg2	0.7	family	AACAATGCAAACTGTGCAAGCCCGCTGCTTT	held_out_family_or_not_in_training_pool
tg2	0.7	family	AACAATGCAAATAAGTGACATTGTGCAAG	held_out_family_or_not_in_training_pool
tg2	0.7	family	AACAATGCAAATCGTGCAAGCCCGCTGCTTT	held_out_family_or_not_in_training_pool
tg2	0.7	family	AACAATGCAAATTGCGCAAGCCCGCTGCTTT	held_out_family_or_not_in_training_pool
tg2	0.7	family	AACAATGCAAATTGTACAAGCCCGCTGCTTT	held_out_family_or_not_in_training_pool
tg2	0.7	family	AACAATGCAAATTGTGCAAACCCGCTGCTTT	held_out_family_or_not_in_training_pool
tg2	0.7	family	AACAATGCAAATTGTGCAAGCCAGCTGCTTT	held_out_family_or_not_in_training_pool
tg2	0.7	family	AACAATGCAAATTGTGCAAGCCAGTTCCGTT	held_out_family_or_not_in_training_pool
tg2	0.7	family	AACAATGCAAATTGTGCAAGCCCACTGCTTT	held_out_family_or_not_in_training_pool
tg2	0.7	family	AACAATGCAAATTGTGCAAGCCCCGCTGCTTT	held_out_family_or_not_in_training_pool
tg2	0.7	family	AACAATGCAAATTGTGCAAGCCCGCCGCTTT	held_out_family_or_not_in_training_pool
tg2	0.7	family	AACAATGCAAATTGTGCAAGCCCGCGCTTT	held_out_family_or_not_in_training_pool
tg2	0.7	family	AACAATGCAAATTGTGCAAGCCCGCGGCTTT	held_out_family_or_not_in_training_pool
tg2	0.7	family	AACAATGCAAATTGTGCAAGCCCGCTGACTTT	held_out_family_or_not_in_training_pool
tg2	0.7	family	AACAATGCAAATTGTGCAAGCCCGCTGCCTC	held_out_family_or_not_in_training_pool
tg2	0.7	family	AACAATGCAAATTGTGCAAGCCCGCTGCCTT	held_out_family_or_not_in_training_pool
tg2	0.7	family	AACAATGCAAATTGTGCAAGCCCGCTGCCTTT	held_out_family_or_not_in_training_pool
tg2	0.7	family	AACAATGCAAATTGTGCAAGCCCGCTGCTCT	held_out_family_or_not_in_training_pool
tg2	0.7	family	AACAATGCAAATTGTGCAAGCCCGCTGCTT	held_out_family_or_not_in_training_pool
tg2	0.7	family	AACAATGCAAATTGTGCAAGCCCGCTGCTTC	held_out_family_or_not_in_training_pool
tg2	0.7	family	AACAATGCAAATTGTGCAAGCCCGCTGCTTT	held_out_family_or_not_in_training_pool
tg2	0.7	family	AACAATGCAAATTGTGCAAGCCCGCTGCTTTC	held_out_family_or_not_in_training_pool
tg2	0.7	family	AACAATGCAAATTGTGCAAGCCCGCTGCTTTT	held_out_family_or_not_in_training_pool
tg2	0.7	family	AACAATGCAAATTGTGCAAGCCCGCTGTTTT	held_out_family_or_not_in_training_pool
tg2	0.7	family	AACAATGCAAATTGTGCAAGCCCGGCTGACTTT	held_out_family_or_not_in_training_pool
tg2	0.7	family	AACAATGCAAATTGTGCAAGCCCGTTGCTTT	held_out_family_or_not_in_training_pool
tg2	0.7	family	AACAATGCAAATTGTGCAAGCCGCTGCTTT	held_out_family_or_not_in_training_pool
tg2	0.7	family	AACAATGCAAATTGTGCAAGCCGGCTGCTTT	held_out_family_or_not_in_training_pool
tg2	0.7	family	AACAATGCAAATTGTGCAAGCCTAGAGACA	held_out_family_or_not_in_training_pool
tg2	0.7	family	AACAATGCAAATTGTGCAAGCCTGCTGCTTT	held_out_family_or_not_in_training_pool
tg2	0.7	family	AACAATGCAAATTGTGCGAGCCCGCTGCTTT	held_out_family_or_not_in_training_pool
tg2	0.7	family	AACAATGCAAATTGTGCTAGCCCGCTGCTTT	held_out_family_or_not_in_training_pool
tg2	0.7	family	AACAATGCAAATTGTGGCAAGCCCGCTGCTTT	held_out_family_or_not_in_training_pool
tg2	0.7	family	AACAATGCAAATTGTGTAAGCCCGCTGCTTT	held_out_family_or_not_in_training_pool
tg2	0.7	family	AACAATGCAAATTTGTGCAAGCCCGCTGCTTT	held_out_family_or_not_in_training_pool
tg2	0.7	family	AACAATGCAAGAGATTATATATTGTGCAAG	held_out_family_or_not_in_training_pool
tg2	0.7	family	AACAATGCAAGAGATTATGTATTGTGCAAG	held_out_family_or_not_in_training_pool
tg2	0.7	family	AACAATGCAAGAGGTTATGTATTGTGCAAG	held_out_family_or_not_in_training_pool
tg2	0.7	family	AACAATGCAAGGGATTATGTATTGTGCAAG	held_out_family_or_not_in_training_pool
tg2	0.7	family	AACAATGCAAGTTGTGCAAGCCCGCTGCTTT	held_out_family_or_not_in_training_pool
tg2	0.7	family	AACAATGCAATTGTGCAAGCCGCGCTTT	held_out_family_or_not_in_training_pool
tg2	0.7	family	AACAATGCAATTGTGCAAGCCGCTGCTTT	held_out_family_or_not_in_training_pool
tg2	0.7	family	AACAATGCAGATTGTGCAAGCCCGCTGCTTT	held_out_family_or_not_in_training_pool
tg2	0.7	family	AACAATGCAGGTGAAAGGGTATTGTGCAAG	held_out_family_or_not_in_training_pool
tg2	0.7	family	AACAATGCCAAATTGTGCAAGCCCGCTGCTTT	held_out_family_or_not_in_training_pool
tg2	0.7	family	AACAATGCCATTTTAATGGTATTGTGCAAG	held_out_family_or_not_in_training_pool
tg2	0.7	family	AACAATGCCTTATAGATGGGATTGTGCAAG	held_out_family_or_not_in_training_pool
tg2	0.7	family	AACAATGCGAATTGTGCAAGCCCACTGCTTT	held_out_family_or_not_in_training_pool
tg2	0.7	family	AACAATGCGAATTGTGCAAGCCCGCTGCTTT	held_out_family_or_not_in_training_pool
tg2	0.7	family	AACAATGCGGATTGTGCAAGCTTCGCGGCT	held_out_family_or_not_in_training_pool
tg2	0.7	family	AACAATGCGTCAAAAAACAAATTGTGCAAG	held_out_family_or_not_in_training_pool
tg2	0.7	family	AACAATGCGTCAAAAACAAATTGTGCAAG	held_out_family_or_not_in_training_pool
tg2	0.7	family	AACAATGCGTTAAAAACAAATTGTGCAAG	held_out_family_or_not_in_training_pool
tg2	0.7	family	AACAATGCTACTTTAATGGTATTGTGCAAG	held_out_family_or_not_in_training_pool
tg2	0.7	family	AACAATGCTATCTTAATGGTATTGTGCAAG	held_out_family_or_not_in_training_pool
tg2	0.7	family	AACAATGCTATTCTAATGGTATTGTGCAAG	held_out_family_or_not_in_training_pool
tg2	0.7	family	AACAATGCTATTTAATGGTAATTGTGCAAG	held_out_family_or_not_in_training_pool
tg2	0.7	family	AACAATGCTATTTAATGGTATTGTGCAAG	held_out_family_or_not_in_training_pool
tg2	0.7	family	AACAATGCTATTTCAATGGTATTGTGCAAG	held_out_family_or_not_in_training_pool
tg2	0.7	family	AACAATGCTATTTTAACGGTATTGTGCAAG	held_out_family_or_not_in_training_pool
tg2	0.7	family	AACAATGCTATTTTAATGGCATTGTGCAAG	held_out_family_or_not_in_training_pool
tg2	0.7	family	AACAATGCTATTTTAATGGTACTGTGCAAG	held_out_family_or_not_in_training_pool
tg2	0.7	family	AACAATGCTATTTTAATGGTATCGTGCAAG	held_out_family_or_not_in_training_pool
tg2	0.7	family	AACAATGCTATTTTAATGGTATTGTGCAAA	held_out_family_or_not_in_training_pool
tg2	0.7	family	AACAATGCTATTTTAATGGTATTGTGCAAC	held_out_family_or_not_in_training_pool
tg2	0.7	family	AACAATGCTATTTTAATGGTATTGTGCAAG	held_out_family_or_not_in_training_pool
tg2	0.7	family	AACAATGCTATTTTAATGGTATTGTGCAGG	held_out_family_or_not_in_training_pool
tg2	0.7	family	AACAATGCTATTTTAATGGTATTGTGTAAG	held_out_family_or_not_in_training_pool
tg2	0.7	family	AACAATGCTATTTTAGTGGTATTGTGCAAG	held_out_family_or_not_in_training_pool
tg2	0.7	family	AACAATGCTATTTTTAATGGTATTGTGCAAG	held_out_family_or_not_in_training_pool
tg2	0.7	family	AACAATGCTGAACCATACGCATTGTGCAAG	held_out_family_or_not_in_training_pool
tg2	0.7	family	AACAATGCTGTTTTAATGGTATTGTGCAAG	held_out_family_or_not_in_training_pool
tg2	0.7	family	AACAATGGAAAGGTACCATTGTGCAAG	held_out_family_or_not_in_training_pool
tg2	0.7	family	AACAATGGAAAGGTACTATTGTGCAAG	held_out_family_or_not_in_training_pool
tg2	0.7	family	AACAATGGAAATTTGTGCAAGCCAAGGGTT	held_out_family_or_not_in_training_pool
tg2	0.7	family	AACAATGGAAGGTACTATTGTGCAAG	held_out_family_or_not_in_training_pool
tg2	0.7	family	AACAATGGAATTGTGCAAGCCTTGACGAAC	held_out_family_or_not_in_training_pool
tg2	0.7	family	AACAATGGAGAATGTCATTCATTGTGCAAG	held_out_family_or_not_in_training_pool
tg2	0.7	family	AACAATGGAGATTGTGCAAGCCTTTCGGT	held_out_family_or_not_in_training_pool
tg2	0.7	family	AACAATGGAGATTGTGCAAGCCTTTCGGTC	held_out_family_or_not_in_training_pool
tg2	0.7	family	AACAATGGAGATTGTGCAAGCCTTTCGGTT	held_out_family_or_not_in_training_pool
tg2	0.7	family	AACAATGGAGCAAAAACTTCATTGTGCAAG	held_out_family_or_not_in_training_pool
tg2	0.7	family	AACAATGGAGGTTGTGCAAGCCTTTCGGTC	held_out_family_or_not_in_training_pool
tg2	0.7	family	AACAATGGATAATTGTGCAAGCCGCAGCAC	held_out_family_or_not_in_training_pool
tg2	0.7	family	AACAATGGCAATTTATGATTATTGTGCAAG	held_out_family_or_not_in_training_pool
tg2	0.7	family	AACAATGGCATTGTGCAAGCCTTTCGACAT	held_out_family_or_not_in_training_pool
tg2	0.7	family	AACAATGGCCAGGGGGGTACATTGTGCAAG	held_out_family_or_not_in_training_pool
tg2	0.7	family	AACAATGGCGGAGAGTTTCATTGTGCAAG	held_out_family_or_not_in_training_pool
tg2	0.7	family	AACAATGGCTAATTGTGCAAGCCTCAAAGC	held_out_family_or_not_in_training_pool
tg2	0.7	family	AACAATGGCTAATTGTGCAAGCCTCAAGC	held_out_family_or_not_in_training_pool
tg2	0.7	family	AACAATGGGAAATTGTGCAAGCCTCATGGA	held_out_family_or_not_in_training_pool
tg2	0.7	family	AACAATGGGAATGTAGTACTATTGTGCAAG	held_out_family_or_not_in_training_pool
tg2	0.7	family	AACAATGGGAATTGTGCAAGCCTTGTAATG	held_out_family_or_not_in_training_pool
tg2	0.7	family	AACAATGGGATTGTGCAAGCCTAAGTGGTT	held_out_family_or_not_in_training_pool
tg2	0.7	family	AACAATGGTACATTTAACGCATTGTGCAAG	held_out_family_or_not_in_training_pool
tg2	0.7	family	AACAATGGTGCGATAGCGTAATTGTGCAAG	held_out_family_or_not_in_training_pool
tg2	0.7	family	AACAATGGTTGGATTAATTAATTGTGCAAG	held_out_family_or_not_in_training_pool
tg2	0.7	family	AACAATGTAAAAAAAAATTGTGCAAGCCTATCTT	held_out_family_or_not_in_training_pool
tg2	0.7	family	AACAATGTAAAAAAAATTGTGCAAGCCTATCTT	held_out_family_or_not_in_training_pool
tg2	0.7	family	AACAATGTAAAAAAATGATAAATTGTGCAAG	held_out_family_or_not_in_training_pool
tg2	0.7	family	AACAATGTAAAAAAATTGTGCAAGCCTATCTT	held_out_family_or_not_in_training_pool
tg2	0.7	family	AACAATGTAAAAAATTGTGCAAGCCTATCTT	held_out_family_or_not_in_training_pool
tg2	0.7	family	AACAATGTAAAAATTGTGCAAGCCTATCTT	held_out_family_or_not_in_training_pool
tg2	0.7	family	AACAATGTAAAACTGTGCAAGCCTATCTT	held_out_family_or_not_in_training_pool
tg2	0.7	family	AACAATGTAAAATTGTGCAAGCCTACCTT	held_out_family_or_not_in_training_pool
tg2	0.7	family	AACAATGTAAAATTGTGCAAGCCTATATT	held_out_family_or_not_in_training_pool
tg2	0.7	family	AACAATGTAAAATTGTGCAAGCCTATCTT	held_out_family_or_not_in_training_pool
tg2	0.7	family	AACAATGTAAAATTGTGCAAGCCTATCTTT	held_out_family_or_not_in_training_pool
tg2	0.7	family	AACAATGTAAAATTGTGCAAGCTATCTT	held_out_family_or_not_in_training_pool
tg2	0.7	family	AACAATGTAAATTGTGCAAGCCCGCTGCTTT	held_out_family_or_not_in_training_pool
tg2	0.7	family	AACAATGTAAATTGTGCAAGCCTTTATTGTA	held_out_family_or_not_in_training_pool
tg2	0.7	family	AACAATGTAACATGGTTTATATTGTGCAAG	held_out_family_or_not_in_training_pool
tg2	0.7	family	AACAATGTAACTTGTGCAAGCCTTACCGC	held_out_family_or_not_in_training_pool
tg2	0.7	family	AACAATGTAATACTCCGTATATTGTGCAAG	held_out_family_or_not_in_training_pool
tg2	0.7	family	AACAATGTAATGTATTAATCATTGTGCAAG	held_out_family_or_not_in_training_pool
tg2	0.7	family	AACAATGTAATTGTGCAAGCCGTAATGCTC	held_out_family_or_not_in_training_pool
tg2	0.7	family	AACAATGTAATTGTGCAAGCCGTAATGCTT	held_out_family_or_not_in_training_pool
tg2	0.7	family	AACAATGTAATTGTGCAAGCCTTTATGTA	held_out_family_or_not_in_training_pool
tg2	0.7	family	AACAATGTAATTGTGCAAGCCTTTATTGTA	held_out_family_or_not_in_training_pool
tg2	0.7	family	AACAATGTACAAAATGATATATTGTGCAAG	held_out_family_or_not_in_training_pool
tg2	0.7	family	AACAATGTACAACATGACATATTGTGCAAG	held_out_family_or_not_in_training_pool
tg2	0.7	family	AACAATGTACAACATGATATATTGCGCAAG	held_out_family_or_not_in_training_pool
tg2	0.7	family	AACAATGTACAACATGATATATTGTGCAAG	held_out_family_or_not_in_training_pool
tg2	0.7	family	AACAATGTACAACATGATATATTTTGCAAG	held_out_family_or_not_in_training_pool
tg2	0.7	family	AACAATGTACAACATGGAATATATTGTGCAAG	held_out_family_or_not_in_training_pool
tg2	0.7	family	AACAATGTACAACATGGTATATTGTGCAAG	held_out_family_or_not_in_training_pool
tg2	0.7	family	AACAATGTACAACGTGATATATTGTGCAAG	held_out_family_or_not_in_training_pool
tg2	0.7	family	AACAATGTACAATATGATATATTGTGCAAG	held_out_family_or_not_in_training_pool
tg2	0.7	family	AACAATGTACAGCATGATATATTGTGCAAG	held_out_family_or_not_in_training_pool
tg2	0.7	family	AACAATGTACGACATGATATATTGTGCAAG	held_out_family_or_not_in_training_pool
tg2	0.7	family	AACAATGTACTACATGATATATTGTGCAAG	held_out_family_or_not_in_training_pool
tg2	0.7	family	AACAATGTAGAACATGCTGTATTGTGCAAG	held_out_family_or_not_in_training_pool
tg2	0.7	family	AACAATGTAGAATTGTGCAAGCCTATCTT	held_out_family_or_not_in_training_pool
tg2	0.7	family	AACAATGTATTATACAAATCATTGTGCAAG	held_out_family_or_not_in_training_pool
tg2	0.7	family	AACAATGTCAAAGGTGAGGCATTGTGCAAG	held_out_family_or_not_in_training_pool
tg2	0.7	family	AACAATGTCAAATTGTGCAAGCCCGCTGCCTTT	held_out_family_or_not_in_training_pool
tg2	0.7	family	AACAATGTCAAATTGTGCAAGCCCGCTGCCTTTT	held_out_family_or_not_in_training_pool
tg2	0.7	family	AACAATGTCACCATTGTGCAAGCCTCAAAA	held_out_family_or_not_in_training_pool
tg2	0.7	family	AACAATGTCAGTAAGTTGAAATTGTGCAAG	held_out_family_or_not_in_training_pool
tg2	0.7	family	AACAATGTCGACTACACGATATTGTGCAAG	held_out_family_or_not_in_training_pool
tg2	0.7	family	AACAATGTGAAGGTAAATAAATTGTGCAAG	held_out_family_or_not_in_training_pool
tg2	0.7	family	AACAATGTGTATGTAATTATATTGTGCAAG	held_out_family_or_not_in_training_pool
tg2	0.7	family	AACAATGTTAAATTGTGCAAGCCTAAGCAT	held_out_family_or_not_in_training_pool
tg2	0.7	family	AACAATGTTAATGCTAACGATTGTGCAAG	held_out_family_or_not_in_training_pool
tg2	0.7	family	AACAATGTTACGTAATGTTTTATTGTGCAAG	held_out_family_or_not_in_training_pool
tg2	0.7	family	AACAATGTTATAGAGGGAATATTGTGCAAG	held_out_family_or_not_in_training_pool
tg2	0.7	family	AACAATGTTATAGATGATAGATTGTGCAAG	held_out_family_or_not_in_training_pool
tg2	0.7	family	AACAATGTTATCTTATTCATTGTGCAAG	held_out_family_or_not_in_training_pool
tg2	0.7	family	AACAATGTTATCTTTATTTCATTGTGCAAG	held_out_family_or_not_in_training_pool
tg2	0.7	family	AACAATGTTATGCATATGATATTGTGCAAG	held_out_family_or_not_in_training_pool
tg2	0.7	family	AACAATGTTCGGAACTGAATATTGTGCAAG	held_out_family_or_not_in_training_pool
tg2	0.7	family	AACAATGTTGATTTATTGTGCAAGCCTCAA	held_out_family_or_not_in_training_pool
tg2	0.7	family	AACAATGTTGGAGAAATAATATTGTGCAAG	held_out_family_or_not_in_training_pool
tg2	0.7	family	AACAATGTTTAAATAGAATAATTGTGCAAG	held_out_family_or_not_in_training_pool
tg2	0.7	family	AACAATTAAAAATTGTGCAAGCCTGAGGCGC	held_out_family_or_not_in_training_pool
tg2	0.7	family	AACAATTAAAAGAATTGTGCAAGCCTCATGC	held_out_family_or_not_in_training_pool
tg2	0.7	family	AACAATTAAAATTGTGCAAGCCTGAGGCGC	held_out_family_or_not_in_training_pool
tg2	0.7	family	AACAATTAAAGAATTGTGCAAGCCTCATG	held_out_family_or_not_in_training_pool
tg2	0.7	family	AACAATTAAAGAATTGTGCAAGCCTCATGC	held_out_family_or_not_in_training_pool
tg2	0.7	family	AACAATTAAAGAATTGTGCGAGCCTCATGC	held_out_family_or_not_in_training_pool
tg2	0.7	family	AACAATTAAAGACGAATCTAATTGTGCAAG	held_out_family_or_not_in_training_pool
tg2	0.7	family	AACAATTAACGATTGTGCAAGCCCATTCC	held_out_family_or_not_in_training_pool
tg2	0.7	family	AACAATTAAGAAGTTTTGTAATTGTGCAAG	held_out_family_or_not_in_training_pool
tg2	0.7	family	AACAATTAAGTATTGTGCAAGCTTCTCACA	held_out_family_or_not_in_training_pool
tg2	0.7	family	AACAATTAAGTGTAATACGTATTGTGCAAG	held_out_family_or_not_in_training_pool
tg2	0.7	family	AACAATTAATAAATTGTGCAAGCCTTATG	held_out_family_or_not_in_training_pool
tg2	0.7	family	AACAATTAATATTAAGGTGGATTGTGCAAG	held_out_family_or_not_in_training_pool
tg2	0.7	family	AACAATTAATGAAGTGAGAGATTGTGCAAG	held_out_family_or_not_in_training_pool
tg2	0.7	family	AACAATTAATGATTAGTAGAATTGTGCAAG	held_out_family_or_not_in_training_pool
tg2	0.7	family	AACAATTAATTAAATCATTGATTGTGCAAG	held_out_family_or_not_in_training_pool
tg2	0.7	family	AACAATTAATTATTGCTTAAATTGTGCAAG	held_out_family_or_not_in_training_pool
tg2	0.7	family	AACAATTACAAAATTGTGCAAGCCGAAACAC	held_out_family_or_not_in_training_pool
tg2	0.7	family	AACAATTACAAATTGTGCAAGCCGAAACAC	held_out_family_or_not_in_training_pool
tg2	0.7	family	AACAATTACAATTGTGCAAGCCGCGATCAG	held_out_family_or_not_in_training_pool
tg2	0.7	family	AACAATTACACTTTAAAGTCATTGTGCAAG	held_out_family_or_not_in_training_pool
tg2	0.7	family	AACAATTACATGATATGTGATTGTGCAAG	held_out_family_or_not_in_training_pool
tg2	0.7	family	AACAATTACGAGCGGTCGATATTGTGCAAG	held_out_family_or_not_in_training_pool
tg2	0.7	family	AACAATTACGTGATATGTGATTGTGCAAG	held_out_family_or_not_in_training_pool
tg2	0.7	family	AACAATTACGTGTTTAAAGAATTGTGCAAG	held_out_family_or_not_in_training_pool
tg2	0.7	family	AACAATTACTATATAACGTAATTGTGCAAG	held_out_family_or_not_in_training_pool
tg2	0.7	family	AACAATTACTATATAACGTGATTGTGCAAG	held_out_family_or_not_in_training_pool
tg2	0.7	family	AACAATTACTATATACGTAATTGTGCAAG	held_out_family_or_not_in_training_pool
tg2	0.7	family	AACAATTACTATGCCGAGTAATTGTGCAAG	held_out_family_or_not_in_training_pool
tg2	0.7	family	AACAATTAGAGATAACGAAAAATTGTGCAAG	held_out_family_or_not_in_training_pool
tg2	0.7	family	AACAATTAGAGATAACGAAAATTGTGCAAG	held_out_family_or_not_in_training_pool
tg2	0.7	family	AACAATTAGCTTCATAGCATATTGTGCAAG	held_out_family_or_not_in_training_pool
tg2	0.7	family	AACAATTAGTCATTATGTAAATTGTGCAAG	held_out_family_or_not_in_training_pool
tg2	0.7	family	AACAATTATAAGATTGTAATTGTGCAAGCC	held_out_family_or_not_in_training_pool
tg2	0.7	family	AACAATTATAGACTAACAAAATTGTGCAAG	held_out_family_or_not_in_training_pool
tg2	0.7	family	AACAATTATCAGGTAGATTTATTGTGCAAG	held_out_family_or_not_in_training_pool
tg2	0.7	family	AACAATTATGGGATTGTGCAAGCCAATTCT	held_out_family_or_not_in_training_pool
tg2	0.7	family	AACAATTATGGTATCCAAAAATTGTGCAAG	held_out_family_or_not_in_training_pool
tg2	0.7	family	AACAATTATGTTTTTGCAATATTGTGCAAG	held_out_family_or_not_in_training_pool
tg2	0.7	family	AACAATTCAAGATTGTGCAAGCCCAGTGTC	held_out_family_or_not_in_training_pool
tg2	0.7	family	AACAATTCAAGTTGTGCAAGCCAGCTTGTT	held_out_family_or_not_in_training_pool
tg2	0.7	family	AACAATTCACAGGGAAATGAATTGTGCAAG	held_out_family_or_not_in_training_pool
tg2	0.7	family	AACAATTCACCTAAATTGAATTGTGCAAG	held_out_family_or_not_in_training_pool
tg2	0.7	family	AACAATTCACCTAATTGAATTGTGCAAG	held_out_family_or_not_in_training_pool
tg2	0.7	family	AACAATTCATTTAAGAAGGAATTGTGCAAG	held_out_family_or_not_in_training_pool
tg2	0.7	family	AACAATTCCAATTAGCGGGGATTGTGCAAG	held_out_family_or_not_in_training_pool
tg2	0.7	family	AACAATTCCATACGCACGGAATTGTGCAAG	held_out_family_or_not_in_training_pool
tg2	0.7	family	AACAATTCGGTTTAGAACGAATTGTGCAAG	held_out_family_or_not_in_training_pool
tg2	0.7	family	AACAATTCGTTGAAGTTAGAATTGTGCAAG	held_out_family_or_not_in_training_pool
tg2	0.7	family	AACAATTCTCGATTGTGCAAGCCTCAGTC	held_out_family_or_not_in_training_pool
tg2	0.7	family	AACAATTCTTATATATGGGGATTGTGCAAG	held_out_family_or_not_in_training_pool
tg2	0.7	family	AACAATTCTTATATATGGGGGATTGTGCAAG	held_out_family_or_not_in_training_pool
tg2	0.7	family	AACAATTGAACGATTGGAATATTGTGCAAG	held_out_family_or_not_in_training_pool
tg2	0.7	family	AACAATTGAAGTGATAATGAATTGTGCAAG	held_out_family_or_not_in_training_pool
tg2	0.7	family	AACAATTGACATAACATGCAATTGTGCAAG	held_out_family_or_not_in_training_pool
tg2	0.7	family	AACAATTGACTGATTGTGCAAGCCTTTTGC	held_out_family_or_not_in_training_pool
tg2	0.7	family	AACAATTGAGAAAATTGTGCAAGCCTTTTTT	held_out_family_or_not_in_training_pool
tg2	0.7	family	AACAATTGAGAAAATTGTGCAAGCCTTTTTTT	held_out_family_or_not_in_training_pool
tg2	0.7	family	AACAATTGAGAAAATTGTGCAAGCCTTTTTTTT	held_out_family_or_not_in_training_pool
tg2	0.7	family	AACAATTGAGAAATTGTGCAAGCCTTTTT	held_out_family_or_not_in_training_pool
tg2	0.7	family	AACAATTGAGAAATTGTGCAAGCCTTTTTC	held_out_family_or_not_in_training_pool
tg2	0.7	family	AACAATTGAGAAATTGTGCAAGCCTTTTTT	held_out_family_or_not_in_training_pool
tg2	0.7	family	AACAATTGAGAAATTGTGCAAGCCTTTTTTC	held_out_family_or_not_in_training_pool
tg2	0.7	family	AACAATTGAGAAATTGTGCAAGCCTTTTTTT	held_out_family_or_not_in_training_pool
tg2	0.7	family	AACAATTGAGAAATTGTGCAAGCCTTTTTTTT	held_out_family_or_not_in_training_pool
tg2	0.7	family	AACAATTGAGAAATTGTGCAAGCCTTTTTTTTT	held_out_family_or_not_in_training_pool
tg2	0.7	family	AACAATTGAGAAATTGTGCTAAGCCTTTTTT	held_out_family_or_not_in_training_pool
tg2	0.7	family	AACAATTGAGAAATTGTGCTTAAGCCTTTTTT	held_out_family_or_not_in_training_pool
tg2	0.7	family	AACAATTGAGAGATTGTGCAAGCCTTTTTT	held_out_family_or_not_in_training_pool
tg2	0.7	family	AACAATTGATTATGCAGGAAATTGTGCAAG	held_out_family_or_not_in_training_pool
tg2	0.7	family	AACAATTGCAATTAGCTGCAATTGTGCAAG	held_out_family_or_not_in_training_pool
tg2	0.7	family	AACAATTGCATGCGAACGCAATTGTGCAAG	held_out_family_or_not_in_training_pool
tg2	0.7	family	AACAATTGCCATCAGTGGAGATTGTGCAAG	held_out_family_or_not_in_training_pool
tg2	0.7	family	AACAATTGGAATATTTAGGAATTGTGCAAG	held_out_family_or_not_in_training_pool
tg2	0.7	family	AACAATTGGAATCTTTACTGATTGTGCAAG	held_out_family_or_not_in_training_pool
tg2	0.7	family	AACAATTGGAATTGTGCAAGCCTCGGGTGT	held_out_family_or_not_in_training_pool
tg2	0.7	family	AACAATTGGATATAAATATGATTGTGCAAG	held_out_family_or_not_in_training_pool
tg2	0.7	family	AACAATTGGATGAACGTCAAATTGTGCAAG	held_out_family_or_not_in_training_pool
tg2	0.7	family	AACAATTGGATTAACACTTAATTGTGCAAG	held_out_family_or_not_in_training_pool
tg2	0.7	family	AACAATTGGGAAATTGTGCAAGCCTTTTTTTT	held_out_family_or_not_in_training_pool
tg2	0.7	family	AACAATTGTATTGTGCAAGCCTTATCCGGA	held_out_family_or_not_in_training_pool
tg2	0.7	family	AACAATTGTCGCCTCAGATGATTGTGCAAG	held_out_family_or_not_in_training_pool
tg2	0.7	family	AACAATTTAAAATTACCAAAATTGTGCAAG	held_out_family_or_not_in_training_pool
tg2	0.7	family	AACAATTTAAATTGCTTAAAATTGTGCAAG	held_out_family_or_not_in_training_pool
tg2	0.7	family	AACAATTTAATTTGGAGATAATTGTGCAAG	held_out_family_or_not_in_training_pool
tg2	0.7	family	AACAATTTAGATATATAAAAAATTGTGCAAG	held_out_family_or_not_in_training_pool
tg2	0.7	family	AACAATTTAGATATATAAAATTGTGCAAG	held_out_family_or_not_in_training_pool
tg2	0.7	family	AACAATTTAGATATATAAAGTTGTGCAAG	held_out_family_or_not_in_training_pool
tg2	0.7	family	AACAATTTAGATCGTTTAGAATTGTGCAAG	held_out_family_or_not_in_training_pool
tg2	0.7	family	AACAATTTCAATTTCTTGGGATTGTGCAAG	held_out_family_or_not_in_training_pool
tg2	0.7	family	AACAATTTCCAAGAAGAGAATTGTGCAAG	held_out_family_or_not_in_training_pool
tg2	0.7	family	AACAATTTCCAAGAAGGGAATTGTGCAAG	held_out_family_or_not_in_training_pool
tg2	0.7	family	AACAATTTCCTATCTTCGAAATTGTGCAAG	held_out_family_or_not_in_training_pool
tg2	0.7	family	AACAATTTCTAGACGTTGAAATTGTGCAAG	held_out_family_or_not_in_training_pool
tg2	0.7	family	AACAATTTGAACACAATTAAATTGTGCAAG	held_out_family_or_not_in_training_pool
tg2	0.7	family	AACAATTTTACATAATAACAATTGTGCAAG	held_out_family_or_not_in_training_pool
tg2	0.7	family	AACAATTTTCATTGCGGAAGATTGTGCAAG	held_out_family_or_not_in_training_pool
tg2	0.7	family	AACAGCAAAGTCTGTGCAAGCCTCGTGCACG	held_out_family_or_not_in_training_pool
tg2	0.7	family	AACAGCAAATCTGTGCAAGCCTCGTGCACG	held_out_family_or_not_in_training_pool
tg2	0.7	family	AACAGCAAGACTGTGCAAGCCTAATTGTAA	held_out_family_or_not_in_training_pool
tg2	0.7	family	AACAGCAAGACTGTGCAAGCCTCGGAATGG	held_out_family_or_not_in_training_pool
tg2	0.7	family	AACAGCAAGACTGTGCAAGCCTCGTGCACG	held_out_family_or_not_in_training_pool
tg2	0.7	family	AACAGCAAGATCTGTGCAAAGCCTCGTGCACG	held_out_family_or_not_in_training_pool
tg2	0.7	family	AACAGCAAGCCTGTGCAAGCCTCGTGCACG	held_out_family_or_not_in_training_pool
tg2	0.7	family	AACAGCAAGGTCTGTGCAAGCCTCGTGCACG	held_out_family_or_not_in_training_pool
tg2	0.7	family	AACAGCAAGTCAGTGCAAGCCTCGTGCACG	held_out_family_or_not_in_training_pool
tg2	0.7	family	AACAGCAAGTCATGTCGCAAGCCTCGTGCACG	held_out_family_or_not_in_training_pool
tg2	0.7	family	AACAGCAAGTCATGTGCAAGCCTCGTGCACG	held_out_family_or_not_in_training_pool
tg2	0.7	family	AACAGCAAGTCATGTGCAAGCCTCGTGTCACG	held_out_family_or_not_in_training_pool
tg2	0.7	family	AACAGCAAGTCATGTGCAAGCCTCGTTGCACG	held_out_family_or_not_in_training_pool
tg2	0.7	family	AACAGCAAGTCCGTGCAAGACTCGTGCACG	held_out_family_or_not_in_training_pool
tg2	0.7	family	AACAGCAAGTCCGTGCAAGCCTCGTGCACG	held_out_family_or_not_in_training_pool
tg2	0.7	family	AACAGCAAGTCCTGTGCAAGCCTCGTGCACG	held_out_family_or_not_in_training_pool
tg2	0.7	family	AACAGCAAGTCGGTGCAAGCCTCGTGCACG	held_out_family_or_not_in_training_pool
tg2	0.7	family	AACAGCAAGTCGTGTGCAAGCCTCGTGCACG	held_out_family_or_not_in_training_pool
tg2	0.7	family	AACAGCAAGTCTATGCAAGCCTCGTGCACG	held_out_family_or_not_in_training_pool
tg2	0.7	family	AACAGCAAGTCTGAGCAAGCCTCGTGCACG	held_out_family_or_not_in_training_pool
tg2	0.7	family	AACAGCAAGTCTGCGCAAGCCTCGTGCACG	held_out_family_or_not_in_training_pool
tg2	0.7	family	AACAGCAAGTCTGGGCAAGCCTCGTGCACG	held_out_family_or_not_in_training_pool
tg2	0.7	family	AACAGCAAGTCTGGTGCAAGCCTCGTGCACG	held_out_family_or_not_in_training_pool
tg2	0.7	family	AACAGCAAGTCTGTACAAGCCTCGTGCACG	held_out_family_or_not_in_training_pool
tg2	0.7	family	AACAGCAAGTCTGTCGCAAGCCTCGTGCACG	held_out_family_or_not_in_training_pool
tg2	0.7	family	AACAGCAAGTCTGTCGCAAGCCTCGTGCCACG	held_out_family_or_not_in_training_pool
tg2	0.7	family	AACAGCAAGTCTGTGAAAGCCTCGTGCACG	held_out_family_or_not_in_training_pool
tg2	0.7	family	AACAGCAAGTCTGTGCAAACCTCGTGCACG	held_out_family_or_not_in_training_pool
tg2	0.7	family	AACAGCAAGTCTGTGCAAAGCCTCGTGCACC	held_out_family_or_not_in_training_pool
tg2	0.7	family	AACAGCAAGTCTGTGCAAAGCCTCGTGCACG	held_out_family_or_not_in_training_pool
tg2	0.7	family	AACAGCAAGTCTGTGCAAGCCACGTGCACG	held_out_family_or_not_in_training_pool
tg2	0.7	family	AACAGCAAGTCTGTGCAAGCCCCGTGCACG	held_out_family_or_not_in_training_pool
tg2	0.7	family	AACAGCAAGTCTGTGCAAGCCCGTGCACG	held_out_family_or_not_in_training_pool
tg2	0.7	family	AACAGCAAGTCTGTGCAAGCCCTCGTGCACG	held_out_family_or_not_in_training_pool
tg2	0.7	family	AACAGCAAGTCTGTGCAAGCCGTCGATGCACG	held_out_family_or_not_in_training_pool
tg2	0.7	family	AACAGCAAGTCTGTGCAAGCCGTCGTGCACG	held_out_family_or_not_in_training_pool
tg2	0.7	family	AACAGCAAGTCTGTGCAAGCCTAGTGCACG	held_out_family_or_not_in_training_pool
tg2	0.7	family	AACAGCAAGTCTGTGCAAGCCTCATGCACG	held_out_family_or_not_in_training_pool
tg2	0.7	family	AACAGCAAGTCTGTGCAAGCCTCGACTGCACG	held_out_family_or_not_in_training_pool
tg2	0.7	family	AACAGCAAGTCTGTGCAAGCCTCGAGCACG	held_out_family_or_not_in_training_pool
tg2	0.7	family	AACAGCAAGTCTGTGCAAGCCTCGATGCACG	held_out_family_or_not_in_training_pool
tg2	0.7	family	AACAGCAAGTCTGTGCAAGCCTCGCGCACC	held_out_family_or_not_in_training_pool
tg2	0.7	family	AACAGCAAGTCTGTGCAAGCCTCGCGCACG	held_out_family_or_not_in_training_pool
tg2	0.7	family	AACAGCAAGTCTGTGCAAGCCTCGCTGCACC	held_out_family_or_not_in_training_pool
tg2	0.7	family	AACAGCAAGTCTGTGCAAGCCTCGGGCACG	held_out_family_or_not_in_training_pool
tg2	0.7	family	AACAGCAAGTCTGTGCAAGCCTCGGTGCACG	held_out_family_or_not_in_training_pool
tg2	0.7	family	AACAGCAAGTCTGTGCAAGCCTCGTACACG	held_out_family_or_not_in_training_pool
tg2	0.7	family	AACAGCAAGTCTGTGCAAGCCTCGTGAACG	held_out_family_or_not_in_training_pool
tg2	0.7	family	AACAGCAAGTCTGTGCAAGCCTCGTGCAAG	held_out_family_or_not_in_training_pool
tg2	0.7	family	AACAGCAAGTCTGTGCAAGCCTCGTGCAC	held_out_family_or_not_in_training_pool
tg2	0.7	family	AACAGCAAGTCTGTGCAAGCCTCGTGCACA	held_out_family_or_not_in_training_pool
tg2	0.7	family	AACAGCAAGTCTGTGCAAGCCTCGTGCACAG	held_out_family_or_not_in_training_pool
tg2	0.7	family	AACAGCAAGTCTGTGCAAGCCTCGTGCACC	held_out_family_or_not_in_training_pool
tg2	0.7	family	AACAGCAAGTCTGTGCAAGCCTCGTGCACCG	held_out_family_or_not_in_training_pool
tg2	0.7	family	AACAGCAAGTCTGTGCAAGCCTCGTGCACG	held_out_family_or_not_in_training_pool
tg2	0.7	family	AACAGCAAGTCTGTGCAAGCCTCGTGCACGC	held_out_family_or_not_in_training_pool
tg2	0.7	family	AACAGCAAGTCTGTGCAAGCCTCGTGCACT	held_out_family_or_not_in_training_pool
tg2	0.7	family	AACAGCAAGTCTGTGCAAGCCTCGTGCAGG	held_out_family_or_not_in_training_pool
tg2	0.7	family	AACAGCAAGTCTGTGCAAGCCTCGTGCATG	held_out_family_or_not_in_training_pool
tg2	0.7	family	AACAGCAAGTCTGTGCAAGCCTCGTGCCACG	held_out_family_or_not_in_training_pool
tg2	0.7	family	AACAGCAAGTCTGTGCAAGCCTCGTGCGCG	held_out_family_or_not_in_training_pool
tg2	0.7	family	AACAGCAAGTCTGTGCAAGCCTCGTGCTCG	held_out_family_or_not_in_training_pool
tg2	0.7	family	AACAGCAAGTCTGTGCAAGCCTCGTGGCACG	held_out_family_or_not_in_training_pool
tg2	0.7	family	AACAGCAAGTCTGTGCAAGCCTCGTGTACG	held_out_family_or_not_in_training_pool
tg2	0.7	family	AACAGCAAGTCTGTGCAAGCCTCGTTGCACG	held_out_family_or_not_in_training_pool
tg2	0.7	family	AACAGCAAGTCTGTGCAAGCCTCTTGCACG	held_out_family_or_not_in_training_pool
tg2	0.7	family	AACAGCAAGTCTGTGCAAGCCTGGTGCACG	held_out_family_or_not_in_training_pool
tg2	0.7	family	AACAGCAAGTCTGTGCAAGCCTTCGTGCACG	held_out_family_or_not_in_training_pool
tg2	0.7	family	AACAGCAAGTCTGTGCAAGCCTTGTGCAAG	held_out_family_or_not_in_training_pool
tg2	0.7	family	AACAGCAAGTCTGTGCAAGCCTTGTGCACG	held_out_family_or_not_in_training_pool
tg2	0.7	family	AACAGCAAGTCTGTGCAAGCTCGTGCACG	held_out_family_or_not_in_training_pool
tg2	0.7	family	AACAGCAAGTCTGTGCAAGCTTCGTGCACG	held_out_family_or_not_in_training_pool
tg2	0.7	family	AACAGCAAGTCTGTGCAAGGCCTCGTGCACG	held_out_family_or_not_in_training_pool
tg2	0.7	family	AACAGCAAGTCTGTGCAAGGCCTCGTGGCACG	held_out_family_or_not_in_training_pool
tg2	0.7	family	AACAGCAAGTCTGTGCAAGTCTCGTGCACG	held_out_family_or_not_in_training_pool
tg2	0.7	family	AACAGCAAGTCTGTGCAGCCTCGTGCACG	held_out_family_or_not_in_training_pool
tg2	0.7	family	AACAGCAAGTCTGTGCAGGCCTCGTGCACG	held_out_family_or_not_in_training_pool
tg2	0.7	family	AACAGCAAGTCTGTGCATGCCTCGTGCACG	held_out_family_or_not_in_training_pool
tg2	0.7	family	AACAGCAAGTCTGTGCCAAGCCTCGTGCACG	held_out_family_or_not_in_training_pool
tg2	0.7	family	AACAGCAAGTCTGTGCGAGCCTCGTGCACG	held_out_family_or_not_in_training_pool
tg2	0.7	family	AACAGCAAGTCTGTGCTAGCCTCGTGCACG	held_out_family_or_not_in_training_pool
tg2	0.7	family	AACAGCAAGTCTGTGGCAAGCCTCGTGCACG	held_out_family_or_not_in_training_pool
tg2	0.7	family	AACAGCAAGTCTGTGTAAGCCTCGTGCACG	held_out_family_or_not_in_training_pool
tg2	0.7	family	AACAGCAAGTCTTGTGCAAGCCTCGTGCACG	held_out_family_or_not_in_training_pool
tg2	0.7	family	AACAGCAAGTTCTGTGCAAGCCTCGCTGCACG	held_out_family_or_not_in_training_pool
tg2	0.7	family	AACAGCAAGTTCTGTGCAAGCCTCGTGCACG	held_out_family_or_not_in_training_pool
tg2	0.7	family	AACAGCAATGTCATGTGCAAGCCTCGTGCACG	held_out_family_or_not_in_training_pool
tg2	0.7	family	AACAGCAATGTCTGTGCAAGCCTCGTGCACG	held_out_family_or_not_in_training_pool
tg2	0.7	family	AACAGCAATGTCTGTGCAAGCCTCGTGCACGC	held_out_family_or_not_in_training_pool
tg2	0.7	family	AACAGCACGTCTGTGCAAGCCTCGTGCACG	held_out_family_or_not_in_training_pool
tg2	0.7	family	AACAGCAGGTCTGTGCAAGCCTCGTGCACG	held_out_family_or_not_in_training_pool
tg2	0.7	family	AACAGCATGTCTGTGCAAGCCTCGTGCACG	held_out_family_or_not_in_training_pool
tg2	0.7	family	AACAGCCAAGTCATGTCGCAAGCCTCGTGCACG	held_out_family_or_not_in_training_pool
tg2	0.7	family	AACAGCCAAGTCTGTGCAAGCCTCGTGCACG	held_out_family_or_not_in_training_pool
tg2	0.7	family	AACAGCGAGTCTGTGCAAGCCTCGTGCACG	held_out_family_or_not_in_training_pool
tg2	0.7	family	AACAGCTAGTCTGTGCAAGCCTCGTGCACG	held_out_family_or_not_in_training_pool
tg2	0.7	family	AACAGTAAAACTGTGCAAGCCTCTAACGTC	held_out_family_or_not_in_training_pool
tg2	0.7	family	AACAGTAAACGTGCAAGCCTTGGTAACGTT	held_out_family_or_not_in_training_pool
tg2	0.7	family	AACAGTAAGTCTGTGCAAGCCTCGTGCACG	held_out_family_or_not_in_training_pool
tg2	0.7	family	AACAGTATACCTGTGCAAGCCTATAGACTG	held_out_family_or_not_in_training_pool
tg2	0.7	family	AACAGTGCAAATTGTGCAAGCCCGCTGCTTT	held_out_family_or_not_in_training_pool
tg2	0.7	family	AACAGTTAAAGAATTGTGCAAGCCTCATGC	held_out_family_or_not_in_training_pool
tg2	0.7	family	AACAGTTACTATATAACGTAATTGTGCAAG	held_out_family_or_not_in_training_pool
tg2	0.7	family	AACATGCAAATTGTGCAAGCCCGCTGCTTT	held_out_family_or_not_in_training_pool
tg2	0.7	family	AACCAAGCAAGTCTGTGCAAGCCTCGTGCACG	held_out_family_or_not_in_training_pool
tg2	0.7	family	AACCAGCAAGTCTGTGCAAGCCTCGTGCACG	held_out_family_or_not_in_training_pool
tg2	0.7	family	AACCGCAAGTCTGTGCAAGCCTCGTGCACG	held_out_family_or_not_in_training_pool
tg2	0.7	family	AACGAGAGATGGTAGACCAGCAGAGGGTTG	held_out_family_or_not_in_training_pool
tg2	0.7	family	AACGAGAGATGGTAGACCTACGTATGATT	held_out_family_or_not_in_training_pool
tg2	0.7	family	AACGAGAGATGGTAGATACTAGTATGTTTC	held_out_family_or_not_in_training_pool
tg2	0.7	family	AACGAGAGATGGTAGCTTCGAGGCTCACA	held_out_family_or_not_in_training_pool
tg2	0.7	family	AACGAGAGATGGTAGGCCACAGCTCTATG	held_out_family_or_not_in_training_pool
tg2	0.7	family	AACGAGAGATGGTAGGCCCCAATGCTCTTG	held_out_family_or_not_in_training_pool
tg2	0.7	family	AACGAGAGATGGTAGGCCCCGAAAGGTTTC	held_out_family_or_not_in_training_pool
tg2	0.7	family	AACGAGAGATGGTAGGCCCTGCTTGCTGAC	held_out_family_or_not_in_training_pool
tg2	0.7	family	AACGAGAGATGGTAGGCCGACTGCAGTCAC	held_out_family_or_not_in_training_pool
tg2	0.7	family	AACGAGAGATGGTAGGCCGCAGGAGAAGCT	held_out_family_or_not_in_training_pool
tg2	0.7	family	AACGAGAGATGGTAGGCCTAACCGACAACC	held_out_family_or_not_in_training_pool
tg2	0.7	family	AACGAGAGATGGTAGGCCTCCAAGCTCACA	held_out_family_or_not_in_training_pool
tg2	0.7	family	AACGAGAGATGGTAGGCCTCCGGCCTAGCA	held_out_family_or_not_in_training_pool
tg2	0.7	family	AACGAGAGATGGTAGGCCTCTGCAATATG	held_out_family_or_not_in_training_pool
tg2	0.7	family	AACGAGAGATGGTAGGCCTCTGCAATATGC	held_out_family_or_not_in_training_pool
tg2	0.7	family	AACGAGAGATGGTAGGCCTGAACACATTGT	held_out_family_or_not_in_training_pool
tg2	0.7	family	AACGAGAGATGGTAGGCCTGACTGTTTTCC	held_out_family_or_not_in_training_pool
tg2	0.7	family	AACGAGAGATGGTAGGCCTTAGGGAATTGC	held_out_family_or_not_in_training_pool
tg2	0.7	family	AACGAGAGATGGTAGGCCTTCCATAACGCC	held_out_family_or_not_in_training_pool
tg2	0.7	family	AACGAGAGATGGTGGGCCACGCTCTCCTGA	held_out_family_or_not_in_training_pool
tg2	0.7	family	AACGAGATTCTGAGGGTTCGACTGGAAATC	held_out_family_or_not_in_training_pool
tg2	0.7	family	AACGATAAACGTGCAAGCCTTGGTAACGTT	held_out_family_or_not_in_training_pool
tg2	0.7	family	AACGATGCAAATTGTGCAAGCCCGCTGCTTT	held_out_family_or_not_in_training_pool
tg2	0.7	family	AACGCAAATACGTGCAAGCCTCAGGGTCCA	held_out_family_or_not_in_training_pool
tg2	0.7	family	AACGCCAAGGACGTGCAAGCCCCCTGTCAA	held_out_family_or_not_in_training_pool
tg2	0.7	family	AACGCCAAGTGATGACGTGCAAGCCTCAG	held_out_family_or_not_in_training_pool
tg2	0.7	family	AACGCCAATAGACGTGCAAGCCTTGAGAT	held_out_family_or_not_in_training_pool
tg2	0.7	family	AACGCCAATAGACGTGCAAGCCTTGAGATC	held_out_family_or_not_in_training_pool
tg2	0.7	family	AACGCCAATAGACGTGCAAGCCTTGAGGTC	held_out_family_or_not_in_training_pool
tg2	0.7	family	AACGCCACATGACGTGCAAGCCTCCGTTGC	held_out_family_or_not_in_training_pool
tg2	0.7	family	AACGCCACCAAGTTTTATGGGACGTGCAAG	held_out_family_or_not_in_training_pool
tg2	0.7	family	AACGCCACTCCAGAAAGAGAGACGTGCAAG	held_out_family_or_not_in_training_pool
tg2	0.7	family	AACGCCAGAGTAGTCTACTCGACGTGCAAG	held_out_family_or_not_in_training_pool
tg2	0.7	family	AACGCCATATGAGTACATATGACGTGCAAG	held_out_family_or_not_in_training_pool
tg2	0.7	family	AACGCCATGAATGACGTGCAAGCCTAAACT	held_out_family_or_not_in_training_pool
tg2	0.7	family	AACGCCATTGTTTCTTTACATGACGTGCAAG	held_out_family_or_not_in_training_pool
tg2	0.7	family	AACGCCCAACATAGTTAGTGGACGTGCAAG	held_out_family_or_not_in_training_pool
tg2	0.7	family	AACGCCCACCACCTAAGGAGGACGTGCAAG	held_out_family_or_not_in_training_pool
tg2	0.7	family	AACGCCCGTCACCGGTTACGGACGTGCAAG	held_out_family_or_not_in_training_pool
tg2	0.7	family	AACGCCCTAAATGTACTGAGGACGTGCAAG	held_out_family_or_not_in_training_pool
tg2	0.7	family	AACGCCCTGGATTGGACGTGCAAGCCTCAA	held_out_family_or_not_in_training_pool
tg2	0.7	family	AACGCCGACATAAAAATAACGACGTGCAAG	held_out_family_or_not_in_training_pool
tg2	0.7	family	AACGCCGACTCATAGTAGACGACGTGCAAG	held_out_family_or_not_in_training_pool
tg2	0.7	family	AACGCCGAGAAGACGTGCAAGCCGTCCGTC	held_out_family_or_not_in_training_pool
tg2	0.7	family	AACGCCGATAGACGTGCAAGCCTTGAGATC	held_out_family_or_not_in_training_pool
tg2	0.7	family	AACGCCGATGTATGAGTTTCGACGTGCAAG	held_out_family_or_not_in_training_pool
tg2	0.7	family	AACGCCGCGAAAGCAATCGCGACGTGCAAG	held_out_family_or_not_in_training_pool
tg2	0.7	family	AACGCCGTGTCTTCAGACACGACGTGCAAG	held_out_family_or_not_in_training_pool
tg2	0.7	family	AACGCCGTTTGACGTGCAAGCCACCGCTT	held_out_family_or_not_in_training_pool
tg2	0.7	family	AACGCCGTTTGACGTGCAAGCCCACCGCTT	held_out_family_or_not_in_training_pool
tg2	0.7	family	AACGCCGTTTTGACGTGCAAGCCCACCGCTT	held_out_family_or_not_in_training_pool
tg2	0.7	family	AACGCCTAATCGAGACGTGCAAGCCTCAAA	held_out_family_or_not_in_training_pool
tg2	0.7	family	AACGCCTCAGCGGAAGTTGAGACGTGCAAG	held_out_family_or_not_in_training_pool
tg2	0.7	family	AACGCCTTTAGTTAAGTGAAGACGTGCAAG	held_out_family_or_not_in_training_pool
tg2	0.7	family	AACGCCTTTAGTTAAGTGAAGACGTGCGAG	held_out_family_or_not_in_training_pool
tg2	0.7	family	AACGCGACCCATGAAGAGGTTACGTGCAAG	held_out_family_or_not_in_training_pool
tg2	0.7	family	AACGCTGCCTACTAAAAGGGAACGTGCAAG	held_out_family_or_not_in_training_pool
tg2	0.7	family	AACGGAAAACGTGCAAGCCTACCCGTGCGA	held_out_family_or_not_in_training_pool
tg2	0.7	family	AACGGAAAACGTGCAAGCCTCGACTCAAAC	held_out_family_or_not_in_training_pool
tg2	0.7	family	AACGGAAAACGTGCAAGCCTCGACTCAAC	held_out_family_or_not_in_training_pool
tg2	0.7	family	AACGGAAAACGTGCAAGCCTTGAGACCTGT	held_out_family_or_not_in_training_pool
tg2	0.7	family	AACGGAAATCGTGCAAGCCAAATCATGCAA	held_out_family_or_not_in_training_pool
tg2	0.7	family	AACGGAAATCGTGCAAGCCGCCCTGACTCA	held_out_family_or_not_in_training_pool
tg2	0.7	family	AACGGAAATCGTGCAAGCCGTCCTGACTCA	held_out_family_or_not_in_training_pool
tg2	0.7	family	AACGGAAATCGTGCAAGCCTACTTTAGTCT	held_out_family_or_not_in_training_pool
tg2	0.7	family	AACGGAAATCGTGCAAGCCTCAATGCAAAA	held_out_family_or_not_in_training_pool
tg2	0.7	family	AACGGAAATCGTGCAAGCCTCAATGCCAAA	held_out_family_or_not_in_training_pool
tg2	0.7	family	AACGGAAGAAAGCGTGCAAGCCTTGAAGCC	held_out_family_or_not_in_training_pool
tg2	0.7	family	AACGGAAGACGTGCAAGCCTTGTAGACTGT	held_out_family_or_not_in_training_pool
tg2	0.7	family	AACGGAATAACGTGCAAGCCCCTATTGCAC	held_out_family_or_not_in_training_pool
tg2	0.7	family	AACGGAATAACGTGCAAGCCGAAGTAGCTT	held_out_family_or_not_in_training_pool
tg2	0.7	family	AACGGAATAACGTGCAAGCCTCGTCTGCCT	held_out_family_or_not_in_training_pool
tg2	0.7	family	AACGGAATAACGTGCAAGCCTTACTGCCCC	held_out_family_or_not_in_training_pool
tg2	0.7	family	AACGGAATACGTGCAAGCCATTTTTTGACT	held_out_family_or_not_in_training_pool
tg2	0.7	family	AACGGAATACGTGCAAGCCCCTCTTATTTC	held_out_family_or_not_in_training_pool
tg2	0.7	family	AACGGAATACGTGCAAGCCTATCTGGGGTT	held_out_family_or_not_in_training_pool
tg2	0.7	family	AACGGAATTTCGTGCAAGCCCCCTGCTCAG	held_out_family_or_not_in_training_pool
tg2	0.7	family	AACGGACAACGTGCAAGCCTTCTCAAAGTC	held_out_family_or_not_in_training_pool
tg2	0.7	family	AACGGACGACGTGCAAGCCTACTCAATCTT	held_out_family_or_not_in_training_pool
tg2	0.7	family	AACGGACGACGTGCAAGCCTTCTTGGCTCA	held_out_family_or_not_in_training_pool
tg2	0.7	family	AACGGACTGTACGTGCAAGCCTACATTGCC	held_out_family_or_not_in_training_pool
tg2	0.7	family	AACGGAGATACGTGCAAGCCTACAATTGAT	held_out_family_or_not_in_training_pool
tg2	0.7	family	AACGGAGGACGTGCAAGCCATTTATCCCTC	held_out_family_or_not_in_training_pool
tg2	0.7	family	AACGGAGGACGTGCAAGCCTCGCAAGAAGC	held_out_family_or_not_in_training_pool
tg2	0.7	family	AACGGAGGTACGTGCAAGCCTTGTAGTATC	held_out_family_or_not_in_training_pool
tg2	0.7	family	AACGGAGTACGTGCAAGCCTTCAACAGCAC	held_out_family_or_not_in_training_pool
tg2	0.7	family	AACGGAGTCACGTGCAAGCCGGTCTTGTAT	held_out_family_or_not_in_training_pool
tg2	0.7	family	AACGGATAACGTGCAAGCCTCATCCGTACA	held_out_family_or_not_in_training_pool
tg2	0.7	family	AACGGATGACGTGCAAGCCATTGTCCACTA	held_out_family_or_not_in_training_pool
tg2	0.7	family	AACGGATGACGTGCAAGCCTCATGCCACGC	held_out_family_or_not_in_training_pool
tg2	0.7	family	AACGGATTACGTGCAAGCCGGATCCAGAATC	held_out_family_or_not_in_training_pool
tg2	0.7	family	AACGGATTACGTGCAAGCCTAAGCTCCCCG	held_out_family_or_not_in_training_pool
tg2	0.7	family	AACGGCAAAACGTGCAAGCCTCTCCAGTCA	held_out_family_or_not_in_training_pool
tg2	0.7	family	AACGGCAAAACGTGCAAGCCTCTCCAGTTA	held_out_family_or_not_in_training_pool
tg2	0.7	family	AACGGCAAACGTGCAAGCCAACTTGTTCCC	held_out_family_or_not_in_training_pool
tg2	0.7	family	AACGGCAAACGTGCAAGCCTCTTTTTGTTCG	held_out_family_or_not_in_training_pool
tg2	0.7	family	AACGGCAAGTCCGTGCAAGCCAAGAATCCG	held_out_family_or_not_in_training_pool
tg2	0.7	family	AACGGCAAGTCTGTGCAAGCCTCGTGCACG	held_out_family_or_not_in_training_pool
tg2	0.7	family	AACGGCAATCGTGCAAGCCTCACTTATGCA	held_out_family_or_not_in_training_pool
tg2	0.7	family	AACGGCAGTACGTGCAAGCCTCTCCCCTAA	held_out_family_or_not_in_training_pool
tg2	0.7	family	AACGGCAGTACGTGCAAGCCTCTTCCCTAA	held_out_family_or_not_in_training_pool
tg2	0.7	family	AACGGCATAACGTGCAAGCCCATCTCTGCA	held_out_family_or_not_in_training_pool
tg2	0.7	family	AACGGCATACGTGCAAGCCGCGTCCGCTCTG	held_out_family_or_not_in_training_pool
tg2	0.7	family	AACGGCATACGTGCAAGCCGCTCCGCTCTG	held_out_family_or_not_in_training_pool
tg2	0.7	family	AACGGCGAAACGTGCAAGCCTCTTCTATTT	held_out_family_or_not_in_training_pool
tg2	0.7	family	AACGGCGAGTCTGTGCAAGCCTCGTGCACG	held_out_family_or_not_in_training_pool
tg2	0.7	family	AACGGCGGTACGTGCAAGCCTCTTCCCTAA	held_out_family_or_not_in_training_pool
tg2	0.7	family	AACGGCGTACGTGCAAGCCAAGCGAGAGCT	held_out_family_or_not_in_training_pool
tg2	0.7	family	AACGGCGTACGTGCAAGCCCGTCCGTTGCT	held_out_family_or_not_in_training_pool
tg2	0.7	family	AACGGCGTACGTGCAAGCCTTAAGCTCATT	held_out_family_or_not_in_training_pool
tg2	0.7	family	AACGGCTACGTGCAAGCCTCATACATGTAA	held_out_family_or_not_in_training_pool
tg2	0.7	family	AACGGCTACGTGCAAGCCTCGCTAATTATT	held_out_family_or_not_in_training_pool
tg2	0.7	family	AACGGGATACGTGCAAGCCAATCCAAACAC	held_out_family_or_not_in_training_pool
tg2	0.7	family	AACGGGATACGTGCAAGCCTCGGGTCGAGC	held_out_family_or_not_in_training_pool
tg2	0.7	family	AACGGGATTACGTGCAAGCTTCCTCCACCA	held_out_family_or_not_in_training_pool
tg2	0.7	family	AACGGGTGACGTGCAAGCCTTTGCCAGCC	held_out_family_or_not_in_training_pool
tg2	0.7	family	AACGGGTTACGTGCAAGCCTCGGAATTCGC	held_out_family_or_not_in_training_pool
tg2	0.7	family	AACGGTAAAACGTGCAAGCCGGATGCTTCA	held_out_family_or_not_in_training_pool
tg2	0.7	family	AACGGTAAAACGTGCAAGCCTCACCCACCAC	held_out_family_or_not_in_training_pool
tg2	0.7	family	AACGGTAAAACGTGCAAGCCTCCGTAAGCAC	held_out_family_or_not_in_training_pool
tg2	0.7	family	AACGGTAAAACGTGCAAGCCTCTTTTTGTTCG	held_out_family_or_not_in_training_pool
tg2	0.7	family	AACGGTAAAACGTGCAAGCCTTGGTAACGTT	held_out_family_or_not_in_training_pool
tg2	0.7	family	AACGGTAAACAGTGCAAGCCTTGGTAACGTT	held_out_family_or_not_in_training_pool
tg2	0.7	family	AACGGTAAACGCGCAAGCCTCTTTTTGTTCG	held_out_family_or_not_in_training_pool
tg2	0.7	family	AACGGTAAACGCGCAAGCCTTGGTAACGTT	held_out_family_or_not_in_training_pool
tg2	0.7	family	AACGGTAAACGTACAAGCCTCACCCACCAC	held_out_family_or_not_in_training_pool
tg2	0.7	family	AACGGTAAACGTGCAAAGCCTCACCCACCAC	held_out_family_or_not_in_training_pool
tg2	0.7	family	AACGGTAAACGTGCAAGCCACACCCACCAC	held_out_family_or_not_in_training_pool
tg2	0.7	family	AACGGTAAACGTGCAAGCCAGCCCTGTTCT	held_out_family_or_not_in_training_pool
tg2	0.7	family	AACGGTAAACGTGCAAGCCAGCTACTGCCT	held_out_family_or_not_in_training_pool
tg2	0.7	family	AACGGTAAACGTGCAAGCCAGTCCTGTCCT	held_out_family_or_not_in_training_pool
tg2	0.7	family	AACGGTAAACGTGCAAGCCAGTCCTGTTCA	held_out_family_or_not_in_training_pool
tg2	0.7	family	AACGGTAAACGTGCAAGCCAGTCCTGTTCC	held_out_family_or_not_in_training_pool
tg2	0.7	family	AACGGTAAACGTGCAAGCCAGTCCTGTTCT	held_out_family_or_not_in_training_pool
tg2	0.7	family	AACGGTAAACGTGCAAGCCCAAATGCCGCA	held_out_family_or_not_in_training_pool
tg2	0.7	family	AACGGTAAACGTGCAAGCCCCTTTTGTTCG	held_out_family_or_not_in_training_pool
tg2	0.7	family	AACGGTAAACGTGCAAGCCCCTTTTTGTTCG	held_out_family_or_not_in_training_pool
tg2	0.7	family	AACGGTAAACGTGCAAGCCCCTTTTTTGTTCG	held_out_family_or_not_in_training_pool
tg2	0.7	family	AACGGTAAACGTGCAAGCCCTCACCCACCAC	held_out_family_or_not_in_training_pool
tg2	0.7	family	AACGGTAAACGTGCAAGCCTCACCACCAC	held_out_family_or_not_in_training_pool
tg2	0.7	family	AACGGTAAACGTGCAAGCCTCACCCAACCAC	held_out_family_or_not_in_training_pool
tg2	0.7	family	AACGGTAAACGTGCAAGCCTCACCCACCA	held_out_family_or_not_in_training_pool
tg2	0.7	family	AACGGTAAACGTGCAAGCCTCACCCACCAC	held_out_family_or_not_in_training_pool
tg2	0.7	family	AACGGTAAACGTGCAAGCCTCACCCACCGC	held_out_family_or_not_in_training_pool
tg2	0.7	family	AACGGTAAACGTGCAAGCCTCACCCACGAC	held_out_family_or_not_in_training_pool
tg2	0.7	family	AACGGTAAACGTGCAAGCCTCACCCATCAC	held_out_family_or_not_in_training_pool
tg2	0.7	family	AACGGTAAACGTGCAAGCCTCACCCCCCAC	held_out_family_or_not_in_training_pool
tg2	0.7	family	AACGGTAAACGTGCAAGCCTCACCCGCCAC	held_out_family_or_not_in_training_pool
tg2	0.7	family	AACGGTAAACGTGCAAGCCTCACCGACCAC	held_out_family_or_not_in_training_pool
tg2	0.7	family	AACGGTAAACGTGCAAGCCTCACTCACCAC	held_out_family_or_not_in_training_pool
tg2	0.7	family	AACGGTAAACGTGCAAGCCTCATCCACCAC	held_out_family_or_not_in_training_pool
tg2	0.7	family	AACGGTAAACGTGCAAGCCTCCGTAAGCA	held_out_family_or_not_in_training_pool
tg2	0.7	family	AACGGTAAACGTGCAAGCCTCCGTAAGCAC	held_out_family_or_not_in_training_pool
tg2	0.7	family	AACGGTAAACGTGCAAGCCTCCTTTTGCTCG	held_out_family_or_not_in_training_pool
tg2	0.7	family	AACGGTAAACGTGCAAGCCTCCTTTTGTTCG	held_out_family_or_not_in_training_pool
tg2	0.7	family	AACGGTAAACGTGCAAGCCTCGCCCACCAC	held_out_family_or_not_in_training_pool
tg2	0.7	family	AACGGTAAACGTGCAAGCCTCGCGCAGGTT	held_out_family_or_not_in_training_pool
tg2	0.7	family	AACGGTAAACGTGCAAGCCTCGTTTTGTTCG	held_out_family_or_not_in_training_pool
tg2	0.7	family	AACGGTAAACGTGCAAGCCTCTATTTGTTCG	held_out_family_or_not_in_training_pool
tg2	0.7	family	AACGGTAAACGTGCAAGCCTCTCTTTGTTCG	held_out_family_or_not_in_training_pool
tg2	0.7	family	AACGGTAAACGTGCAAGCCTCTTCTTGTTCG	held_out_family_or_not_in_training_pool
tg2	0.7	family	AACGGTAAACGTGCAAGCCTCTTTCTGTTCG	held_out_family_or_not_in_training_pool
tg2	0.7	family	AACGGTAAACGTGCAAGCCTCTTTTCGTTCG	held_out_family_or_not_in_training_pool
tg2	0.7	family	AACGGTAAACGTGCAAGCCTCTTTTGTTCG	held_out_family_or_not_in_training_pool
tg2	0.7	family	AACGGTAAACGTGCAAGCCTCTTTTTATTCG	held_out_family_or_not_in_training_pool
tg2	0.7	family	AACGGTAAACGTGCAAGCCTCTTTTTCGTTCG	held_out_family_or_not_in_training_pool
tg2	0.7	family	AACGGTAAACGTGCAAGCCTCTTTTTGCTCG	held_out_family_or_not_in_training_pool
tg2	0.7	family	AACGGTAAACGTGCAAGCCTCTTTTTGGTCG	held_out_family_or_not_in_training_pool
tg2	0.7	family	AACGGTAAACGTGCAAGCCTCTTTTTGTCCG	held_out_family_or_not_in_training_pool
tg2	0.7	family	AACGGTAAACGTGCAAGCCTCTTTTTGTTCA	held_out_family_or_not_in_training_pool
tg2	0.7	family	AACGGTAAACGTGCAAGCCTCTTTTTGTTCC	held_out_family_or_not_in_training_pool
tg2	0.7	family	AACGGTAAACGTGCAAGCCTCTTTTTGTTCG	held_out_family_or_not_in_training_pool
tg2	0.7	family	AACGGTAAACGTGCAAGCCTCTTTTTGTTCGC	held_out_family_or_not_in_training_pool
tg2	0.7	family	AACGGTAAACGTGCAAGCCTCTTTTTGTTGG	held_out_family_or_not_in_training_pool
tg2	0.7	family	AACGGTAAACGTGCAAGCCTCTTTTTGTTTG	held_out_family_or_not_in_training_pool
tg2	0.7	family	AACGGTAAACGTGCAAGCCTCTTTTTTGCTCG	held_out_family_or_not_in_training_pool
tg2	0.7	family	AACGGTAAACGTGCAAGCCTCTTTTTTGTTCA	held_out_family_or_not_in_training_pool
tg2	0.7	family	AACGGTAAACGTGCAAGCCTCTTTTTTGTTCG	held_out_family_or_not_in_training_pool
tg2	0.7	family	AACGGTAAACGTGCAAGCCTCTTTTTTTGTTCG	held_out_family_or_not_in_training_pool
tg2	0.7	family	AACGGTAAACGTGCAAGCCTCTTTTTTTTGTTCG	held_out_family_or_not_in_training_pool
tg2	0.7	family	AACGGTAAACGTGCAAGCCTGGTAACGTT	held_out_family_or_not_in_training_pool
tg2	0.7	family	AACGGTAAACGTGCAAGCCTTACCCACCAC	held_out_family_or_not_in_training_pool
tg2	0.7	family	AACGGTAAACGTGCAAGCCTTCTTTTTGTTCG	held_out_family_or_not_in_training_pool
tg2	0.7	family	AACGGTAAACGTGCAAGCCTTGCGCAGGTT	held_out_family_or_not_in_training_pool
tg2	0.7	family	AACGGTAAACGTGCAAGCCTTGGCAACGTT	held_out_family_or_not_in_training_pool
tg2	0.7	family	AACGGTAAACGTGCAAGCCTTGGTAACGTC	held_out_family_or_not_in_training_pool
tg2	0.7	family	AACGGTAAACGTGCAAGCCTTGGTAACGTT	held_out_family_or_not_in_training_pool
tg2	0.7	family	AACGGTAAACGTGCAAGCCTTGGTAATGTT	held_out_family_or_not_in_training_pool
tg2	0.7	family	AACGGTAAACGTGCAAGCCTTGGTAGCGTT	held_out_family_or_not_in_training_pool
tg2	0.7	family	AACGGTAAACGTGCAAGCCTTGGTGACGTT	held_out_family_or_not_in_training_pool
tg2	0.7	family	AACGGTAAACGTGCAAGCCTTTTTTGTTCG	held_out_family_or_not_in_training_pool
tg2	0.7	family	AACGGTAAACGTGCAAGCCTTTTTTTGTTCG	held_out_family_or_not_in_training_pool
tg2	0.7	family	AACGGTAAACGTGCAAGCCTTTTTTTTGTTCG	held_out_family_or_not_in_training_pool
tg2	0.7	family	AACGGTAAACGTGCAAGCTTGTCTATGCAA	held_out_family_or_not_in_training_pool
tg2	0.7	family	AACGGTAAACGTGCAAGTCTTGGTAACGTT	held_out_family_or_not_in_training_pool
tg2	0.7	family	AACGGTAAACGTGCCAAGCCTCTTTTTGTTCG	held_out_family_or_not_in_training_pool
tg2	0.7	family	AACGGTAAACGTGCGAGCCTCTTTTTGTTCG	held_out_family_or_not_in_training_pool
tg2	0.7	family	AACGGTAAACGTGCGAGCCTTGGTAACGTC	held_out_family_or_not_in_training_pool
tg2	0.7	family	AACGGTAAACGTTGCAAGCCTCTTTTTGTTCG	held_out_family_or_not_in_training_pool
tg2	0.7	family	AACGGTAAACGTTGCAAGCCTCTTTTTTTGTTCG	held_out_family_or_not_in_training_pool
tg2	0.7	family	AACGGTAAACTGTGCAAGCCTTTTTTTGTTCG	held_out_family_or_not_in_training_pool
tg2	0.7	family	AACGGTAACGTGCAAGCCTCTTTTTGTTCG	held_out_family_or_not_in_training_pool
tg2	0.7	family	AACGGTAACGTGCAAGCCTGAGCTCCGGTA	held_out_family_or_not_in_training_pool
tg2	0.7	family	AACGGTAATCGTGCAAGCCTACCGCGTTTC	held_out_family_or_not_in_training_pool
tg2	0.7	family	AACGGTACACGTGCAAGCCCTTGCCTACAT	held_out_family_or_not_in_training_pool
tg2	0.7	family	AACGGTACTACGTGCAAGCCTGCAAACTGC	held_out_family_or_not_in_training_pool
tg2	0.7	family	AACGGTAGACGTGCAAGCCTCTTTTTGTTCG	held_out_family_or_not_in_training_pool
tg2	0.7	family	AACGGTAGACGTGCAAGCCTTCCCCATCCA	held_out_family_or_not_in_training_pool
tg2	0.7	family	AACGGTAGTACGTGCAAGCCCAGTGTATTC	held_out_family_or_not_in_training_pool
tg2	0.7	family	AACGGTATACGTGCAAGCCACTCGGGCTGT	held_out_family_or_not_in_training_pool
tg2	0.7	family	AACGGTATACGTGCAAGCCCAAGAAAGCGA	held_out_family_or_not_in_training_pool
tg2	0.7	family	AACGGTATACGTGCAAGCCGCGCTTGTCT	held_out_family_or_not_in_training_pool
tg2	0.7	family	AACGGTATACGTGCAAGCCTATTTCCTAAC	held_out_family_or_not_in_training_pool
tg2	0.7	family	AACGGTATACGTGCAAGCCTCTGTTTGTTT	held_out_family_or_not_in_training_pool
tg2	0.7	family	AACGGTATACGTGCAAGCTTCTGTTTGTTT	held_out_family_or_not_in_training_pool
tg2	0.7	family	AACGGTCAAACGTGCAAGCCTGTGGTGTTC	held_out_family_or_not_in_training_pool
tg2	0.7	family	AACGGTCAACGTGCAAGCCTATTTTCTA	held_out_family_or_not_in_training_pool
tg2	0.7	family	AACGGTCAACGTGCAAGCCTTGGTGCCCAA	held_out_family_or_not_in_training_pool
tg2	0.7	family	AACGGTCATACGTGCAAGCCTCTGCTTCGA	held_out_family_or_not_in_training_pool
tg2	0.7	family	AACGGTCGACGTGCAAGCCAACTTGCGTC	held_out_family_or_not_in_training_pool
tg2	0.7	family	AACGGTCGACGTGCAAGCCCAACTTGCGTC	held_out_family_or_not_in_training_pool
tg2	0.7	family	AACGGTCTACGTACAAGCCTATTTCCTAAC	held_out_family_or_not_in_training_pool
tg2	0.7	family	AACGGTCTACGTGCAAGCCTAAGCTCCCCG	held_out_family_or_not_in_training_pool
tg2	0.7	family	AACGGTCTACGTGCAAGCCTATTCCTAAC	held_out_family_or_not_in_training_pool
tg2	0.7	family	AACGGTCTACGTGCAAGCCTATTTCCTAA	held_out_family_or_not_in_training_pool
tg2	0.7	family	AACGGTCTACGTGCAAGCCTATTTCCTAAC	held_out_family_or_not_in_training_pool
tg2	0.7	family	AACGGTCTACGTGCAAGCCTATTTCCTAAT	held_out_family_or_not_in_training_pool
tg2	0.7	family	AACGGTCTACGTGCAAGCCTATTTTCCTAAC	held_out_family_or_not_in_training_pool
tg2	0.7	family	AACGGTGAACGTGCAAGCCGGTGCATTGCT	held_out_family_or_not_in_training_pool
tg2	0.7	family	AACGGTGAACGTGCAAGCCTCTTTTTGTTCG	held_out_family_or_not_in_training_pool
tg2	0.7	family	AACGGTGAACGTGCAAGCCTTGGTAACGTT	held_out_family_or_not_in_training_pool
tg2	0.7	family	AACGGTGATACGTGCAAGCCTCGTGATAT	held_out_family_or_not_in_training_pool
tg2	0.7	family	AACGGTGATACGTGCAAGCCTCGTGATATC	held_out_family_or_not_in_training_pool
tg2	0.7	family	AACGGTGGACGTGCAAGCCGAAATCTGTTC	held_out_family_or_not_in_training_pool
tg2	0.7	family	AACGGTGGACGTGCAAGCCTCTTGATAGTT	held_out_family_or_not_in_training_pool
tg2	0.7	family	AACGGTGTACGTGCAAGCCCTATCATTGTC	held_out_family_or_not_in_training_pool
tg2	0.7	family	AACGGTGTACGTGCAAGCCTATGCGACAGC	held_out_family_or_not_in_training_pool
tg2	0.7	family	AACGGTTAACGTGCAAGCCACTCTGGAGGC	held_out_family_or_not_in_training_pool
tg2	0.7	family	AACGGTTAACGTGCAAGCCGCCCCTGCAG	held_out_family_or_not_in_training_pool
tg2	0.7	family	AACGGTTAACGTGCAAGCCGCCCCTGCAGC	held_out_family_or_not_in_training_pool
tg2	0.7	family	AACGGTTAACGTGCAAGCCGCCCTGCAG	held_out_family_or_not_in_training_pool
tg2	0.7	family	AACGGTTAACGTGCAAGCCGCCCTGCAGC	held_out_family_or_not_in_training_pool
tg2	0.7	family	AACGGTTAACGTGCAAGCCGTATCCCGTAT	held_out_family_or_not_in_training_pool
tg2	0.7	family	AACGGTTAACGTGCAAGCCTCAACAGGCGC	held_out_family_or_not_in_training_pool
tg2	0.7	family	AACGGTTAACGTGCAAGCCTTAAACGCAAA	held_out_family_or_not_in_training_pool
tg2	0.7	family	AACGGTTACGTGCAAGCCAATGTTAGTGTT	held_out_family_or_not_in_training_pool
tg2	0.7	family	AACGGTTACGTGCAAGCCTAAGCTCCCCG	held_out_family_or_not_in_training_pool
tg2	0.7	family	AACGGTTACGTGCAAGCCTAGCTGTGCAAA	held_out_family_or_not_in_training_pool
tg2	0.7	family	AACGGTTACGTGCAAGCCTCCTTTTAATCC	held_out_family_or_not_in_training_pool
tg2	0.7	family	AACGGTTACGTGCAAGCCTCCTTTTTAATCC	held_out_family_or_not_in_training_pool
tg2	0.7	family	AACGGTTACGTGCAAGCCTCTGAATCGAGC	held_out_family_or_not_in_training_pool
tg2	0.7	family	AACGGTTCACGTGCAAGCCAAGTTCTGTAA	held_out_family_or_not_in_training_pool
tg2	0.7	family	AACGGTTCACGTGCAAGCCTCTTCATAAAG	held_out_family_or_not_in_training_pool
tg2	0.7	family	AACGGTTCACGTGCAAGCCTTACCCAGAAT	held_out_family_or_not_in_training_pool
tg2	0.7	family	AACGGTTCTACGTGCAAGCCTATTCCTCAA	held_out_family_or_not_in_training_pool
tg2	0.7	family	AACGGTTGACGTGCAAGCCTCTCTGTGATT	held_out_family_or_not_in_training_pool
tg2	0.7	family	AACGGTTTAACGTGCAAGCCTAAGCTCCCCG	held_out_family_or_not_in_training_pool
tg2	0.7	family	AACGGTTTACGTGCAAGCCAAATGCTGCAA	held_out_family_or_not_in_training_pool
tg2	0.7	family	AACGGTTTACGTGCAAGCCACATCAAAGCT	held_out_family_or_not_in_training_pool
tg2	0.7	family	AACGGTTTACGTGCAAGCCTAAGCCTCCCCG	held_out_family_or_not_in_training_pool
tg2	0.7	family	AACGGTTTACGTGCAAGCCTAAGCTCCCC	held_out_family_or_not_in_training_pool
tg2	0.7	family	AACGGTTTACGTGCAAGCCTAAGCTCCCCA	held_out_family_or_not_in_training_pool
tg2	0.7	family	AACGGTTTACGTGCAAGCCTAAGCTCCCCG	held_out_family_or_not_in_training_pool
tg2	0.7	family	AACGGTTTACGTGCAAGCCTAAGCTCCCG	held_out_family_or_not_in_training_pool
tg2	0.7	family	AACGGTTTACGTGCAAGCCTAAGCTCCTCG	held_out_family_or_not_in_training_pool
tg2	0.7	family	AACGGTTTACGTGCAAGCCTAAGCTTCCCG	held_out_family_or_not_in_training_pool
tg2	0.7	family	AACGGTTTACGTGCAAGCCTAGGCTCCCCG	held_out_family_or_not_in_training_pool
tg2	0.7	family	AACGGTTTACGTGCAAGCCTCGGGAAGATT	held_out_family_or_not_in_training_pool
tg2	0.7	family	AACGGTTTACGTGCAGGCCTAAGCTCCCCG	held_out_family_or_not_in_training_pool
tg2	0.7	family	AACGTAAACAACGTGCAAGCCTCACCGTA	held_out_family_or_not_in_training_pool
tg2	0.7	family	AACGTAAACAACGTGCAAGCCTCACCGTAC	held_out_family_or_not_in_training_pool
tg2	0.7	family	AACGTAAACAAGAAATAATTTGCGTGCAAG	held_out_family_or_not_in_training_pool
tg2	0.7	family	AACGTAAACTGGATGAACAGAACGTGCAAG	held_out_family_or_not_in_training_pool
tg2	0.7	family	AACGTAAACTGGATGAATAGAACGTGCAAG	held_out_family_or_not_in_training_pool
tg2	0.7	family	AACGTAAATAAAATAGTATATTGCGTGCAAG	held_out_family_or_not_in_training_pool
tg2	0.7	family	AACGTAACAAGCGTGCAAGCCTCTTACCTA	held_out_family_or_not_in_training_pool
tg2	0.7	family	AACGTAACACAATTTTAAGTTGCGTGCAAG	held_out_family_or_not_in_training_pool
tg2	0.7	family	AACGTAACGAGCGTGCAAGCCGCGCTGCTG	held_out_family_or_not_in_training_pool
tg2	0.7	family	AACGTAAGAAGCGTGCAAGCCCATACTGCC	held_out_family_or_not_in_training_pool
tg2	0.7	family	AACGTAAGCCTTAAAATGGGAGCGTGCAAG	held_out_family_or_not_in_training_pool
tg2	0.7	family	AACGTAAGTCGCGTGCAAGCCTACTCCTGG	held_out_family_or_not_in_training_pool
tg2	0.7	family	AACGTAATAAAAAAATAGTATATTGCGTGCAAG	held_out_family_or_not_in_training_pool
tg2	0.7	family	AACGTAATAAAAAATAGTATATTGCGTGCAAG	held_out_family_or_not_in_training_pool
tg2	0.7	family	AACGTAATAAAAATAGTATATTGCGTGCAAG	held_out_family_or_not_in_training_pool
tg2	0.7	family	AACGTAATAAAATAGAATATTGCGTGCAAG	held_out_family_or_not_in_training_pool
tg2	0.7	family	AACGTAATAAAATAGCATATTGCGTGCAAG	held_out_family_or_not_in_training_pool
tg2	0.7	family	AACGTAATAAAATAGTATATTGCGTGCAAG	held_out_family_or_not_in_training_pool
tg2	0.7	family	AACGTAATACAGCGATGGATTGCGTGCAAG	held_out_family_or_not_in_training_pool
tg2	0.7	family	AACGTAATATGAATTTTGTTTGCGTGCAAG	held_out_family_or_not_in_training_pool
tg2	0.7	family	AACGTAATATGCGTGCAAGCCTATGTCTGC	held_out_family_or_not_in_training_pool
tg2	0.7	family	AACGTAATCCGCGTGCAAGCCTCTCAGTTA	held_out_family_or_not_in_training_pool
tg2	0.7	family	AACGTAATCCGTGCAAGCCCATTCCGGCAC	held_out_family_or_not_in_training_pool
tg2	0.7	family	AACGTAATCGCGTGCAAGCCTATTATGCTT	held_out_family_or_not_in_training_pool
tg2	0.7	family	AACGTAATCGTGCAAGCCAGATACTGTCAC	held_out_family_or_not_in_training_pool
tg2	0.7	family	AACGTAATCGTGCAAGCCTAGTTCGGATGTC	held_out_family_or_not_in_training_pool
tg2	0.7	family	AACGTAATCGTGCAAGCCTCTGCGACCGGC	held_out_family_or_not_in_training_pool
tg2	0.7	family	AACGTAATCGTGCAAGCCTTCTGCTTACTC	held_out_family_or_not_in_training_pool
tg2	0.7	family	AACGTAATGATGCGTGCAAGCCTCGAGTTT	held_out_family_or_not_in_training_pool
tg2	0.7	family	AACGTAATGCGTGCAAGCCTCCGCATGAT	held_out_family_or_not_in_training_pool
tg2	0.7	family	AACGTAATTCGTCGCAAGCCCCCTGCCGACA	held_out_family_or_not_in_training_pool
tg2	0.7	family	AACGTAATTCGTGCAAGCCCCCTGCCGACA	held_out_family_or_not_in_training_pool
tg2	0.7	family	AACGTAATTCGTGCAAGCCCCTGCCGACA	held_out_family_or_not_in_training_pool
tg2	0.7	family	AACGTAATTCGTGCAAGCCTAGGTGTGGCC	held_out_family_or_not_in_training_pool
tg2	0.7	family	AACGTAATTCGTGCAAGCCTAGGTGTGGCT	held_out_family_or_not_in_training_pool
tg2	0.7	family	AACGTAATTCGTGCAAGCCTATCTATGAATT	held_out_family_or_not_in_training_pool
tg2	0.7	family	AACGTAATTCGTGCAAGCCTATCTGTGAAATT	held_out_family_or_not_in_training_pool
tg2	0.7	family	AACGTAATTCGTGCAAGCCTATCTGTGAATC	held_out_family_or_not_in_training_pool
tg2	0.7	family	AACGTAATTCGTGCAAGCCTATCTGTGAATT	held_out_family_or_not_in_training_pool
tg2	0.7	family	AACGTAATTCGTGCAAGCCTATCTGTGAGTT	held_out_family_or_not_in_training_pool
tg2	0.7	family	AACGTAATTCGTGCAAGCCTCAGCAGCGAT	held_out_family_or_not_in_training_pool
tg2	0.7	family	AACGTAATTGCGTGCAAGCCTCGCTTGTG	held_out_family_or_not_in_training_pool
tg2	0.7	family	AACGTACAATATGTTAAATGTGCGTGCAAG	held_out_family_or_not_in_training_pool
tg2	0.7	family	AACGTACATTAGCGTGCAAGCCACTCGCCT	held_out_family_or_not_in_training_pool
tg2	0.7	family	AACGTACGAAACATTGGTGGTGCGTGCAAG	held_out_family_or_not_in_training_pool
tg2	0.7	family	AACGTACTTCGGGTTAAGAGGACGTGCAAG	held_out_family_or_not_in_training_pool
tg2	0.7	family	AACGTAGAAATGCGCGCAAGCCCAATGCAC	held_out_family_or_not_in_training_pool
tg2	0.7	family	AACGTAGAAATGCGTGCAAGCCCAATGCA	held_out_family_or_not_in_training_pool
tg2	0.7	family	AACGTAGAGAGCGTGCAAGCCTCAAACTATA	held_out_family_or_not_in_training_pool
tg2	0.7	family	AACGTAGAGCTCATAGAGAAACGTGCAAG	held_out_family_or_not_in_training_pool
tg2	0.7	family	AACGTAGCAACGCGTGCAAGCCTCGCTGTA	held_out_family_or_not_in_training_pool
tg2	0.7	family	AACGTAGCAAGCGTGCAAGCCGCTTTCATG	held_out_family_or_not_in_training_pool
tg2	0.7	family	AACGTAGGAGCGTGCAAGCCTCTCTAGGA	held_out_family_or_not_in_training_pool
tg2	0.7	family	AACGTAGGTTAGCGTGCAAGCCGCGTTGCT	held_out_family_or_not_in_training_pool
tg2	0.7	family	AACGTAGTAAGCGTGCAAGCCTCGGTTTAC	held_out_family_or_not_in_training_pool
tg2	0.7	family	AACGTAGTTGTAGTTAAAAAACGCGTGCAAG	held_out_family_or_not_in_training_pool
tg2	0.7	family	AACGTAGTTTATAATAACTGTGCGTGCAAG	held_out_family_or_not_in_training_pool
tg2	0.7	family	AACGTATAACGAAGAAGGTTAGCGTGCAAG	held_out_family_or_not_in_training_pool
tg2	0.7	family	AACGTATAAGTTGACACTTATGCGTGCAAG	held_out_family_or_not_in_training_pool
tg2	0.7	family	AACGTATACAAAAGTTTTGTAACGTGCAAG	held_out_family_or_not_in_training_pool
tg2	0.7	family	AACGTATACTGCGTGCAAGCCTTACTTGAT	held_out_family_or_not_in_training_pool
tg2	0.7	family	AACGTATAGATTGCGTGCAAGCCGCCGGTT	held_out_family_or_not_in_training_pool
tg2	0.7	family	AACGTATCATTAGAGAGTGGAGCGTGCAAG	held_out_family_or_not_in_training_pool
tg2	0.7	family	AACGTATCTTTGAAATAAAATGCGTGCAAG	held_out_family_or_not_in_training_pool
tg2	0.7	family	AACGTATGATTAAATTATCGTGCGTGCAAG	held_out_family_or_not_in_training_pool
tg2	0.7	family	AACGTATTGCATATTAAAAATGCGTGCAAG	held_out_family_or_not_in_training_pool
tg2	0.7	family	AACGTATTGTATATTAAAAATGCGTGCAAG	held_out_family_or_not_in_training_pool
tg2	0.7	family	AACGTATTTATTATAAATGATGCGTGCAAG	held_out_family_or_not_in_training_pool
tg2	0.7	family	AACGTATTTCGTGCAAGCCCCTCATGCTTT	held_out_family_or_not_in_training_pool
tg2	0.7	family	AACGTATTTGCGTGCAAGCCAAATCTTGAT	held_out_family_or_not_in_training_pool
tg2	0.7	family	AACGTCAAACATTTCATGGAGCGTGCAAG	held_out_family_or_not_in_training_pool
tg2	0.7	family	AACGTCAACTAGAATTCGGTGGCGTGCAAG	held_out_family_or_not_in_training_pool
tg2	0.7	family	AACGTCACTGGCGTGCAAGCCTCTGACGCA	held_out_family_or_not_in_training_pool
tg2	0.7	family	AACGTCAGCCACTAAGTACTGGCGTGCAAG	held_out_family_or_not_in_training_pool
tg2	0.7	family	AACGTCAGGATATAGTTCTGGGCGTGCAAG	held_out_family_or_not_in_training_pool
tg2	0.7	family	AACGTCAGTGGTTTAACCCTGGCGTGCAAG	held_out_family_or_not_in_training_pool
tg2	0.7	family	AACGTCATAGATAAAGGGTTGGCGTGCAAG	held_out_family_or_not_in_training_pool
tg2	0.7	family	AACGTCATATAGGTAGTGGCGTGCAAG	held_out_family_or_not_in_training_pool
tg2	0.7	family	AACGTCATTGCGTGCAAGCCTGTCCCTGTA	held_out_family_or_not_in_training_pool
tg2	0.7	family	AACGTCATTGGCGTGCAAGCCTTGAGGGTC	held_out_family_or_not_in_training_pool
tg2	0.7	family	AACGTCCACTGTAACAAGCGGGCGTGCAAG	held_out_family_or_not_in_training_pool
tg2	0.7	family	AACGTCCGCGCAACTGGCGGTGCGTGCAAG	held_out_family_or_not_in_training_pool
tg2	0.7	family	AACGTCCGTCGAAAAGACTGTGCGTGCAAG	held_out_family_or_not_in_training_pool
tg2	0.7	family	AACGTCCTTGTGTTAATTGGGGCGTGCAAG	held_out_family_or_not_in_training_pool
tg2	0.7	family	AACGTCGCTTGAAAAAAGGTGGCGTGCAAG	held_out_family_or_not_in_training_pool
tg2	0.7	family	AACGTCGGGAAGAGTGTTCGGGCGTGCAAG	held_out_family_or_not_in_training_pool
tg2	0.7	family	AACGTCGGGCATTATATGCGGGCGTGCAAG	held_out_family_or_not_in_training_pool
tg2	0.7	family	AACGTCTACGGGCGTGCAAGCCTCCATGGT	held_out_family_or_not_in_training_pool
tg2	0.7	family	AACGTCTATTATATACCAATAGGCGTGCAAG	held_out_family_or_not_in_training_pool
tg2	0.7	family	AACGTCTCGGTAATATACGAGGCGTGCAAG	held_out_family_or_not_in_training_pool
tg2	0.7	family	AACGTCTGCAAGGGCGTGCAAGCCTGTGCT	held_out_family_or_not_in_training_pool
tg2	0.7	family	AACGTCTGCGCAATAGCGTAGTGCGTGCAAG	held_out_family_or_not_in_training_pool
tg2	0.7	family	AACGTCTGTTATTTTATAACAACGTGCAAG	held_out_family_or_not_in_training_pool
tg2	0.7	family	AACGTCTGTTGGTTAAGCAGTGCGTGCAAG	held_out_family_or_not_in_training_pool
tg2	0.7	family	AACGTCTTAGTGAATATTAAGGCGTGCAAG	held_out_family_or_not_in_training_pool
tg2	0.7	family	AACGTGAAAGCAGCGTGCAAGCCTCGCTCG	held_out_family_or_not_in_training_pool
tg2	0.7	family	AACGTGAACAGCGTGCAAGCCGTAGCTGTC	held_out_family_or_not_in_training_pool
tg2	0.7	family	AACGTGAACTGCGTGCAAGCCATTTTTGC	held_out_family_or_not_in_training_pool
tg2	0.7	family	AACGTGAACTGCGTGCAAGCCATTTTTGCC	held_out_family_or_not_in_training_pool
tg2	0.7	family	AACGTGAATAAAGAATATTTTGCGTGCAAG	held_out_family_or_not_in_training_pool
tg2	0.7	family	AACGTGACCCGTTTGAGTGGCGCGTGCAAG	held_out_family_or_not_in_training_pool
tg2	0.7	family	AACGTGACTATGGATTGTAGCGCGTGCAAG	held_out_family_or_not_in_training_pool
tg2	0.7	family	AACGTGAGAAGACAAGCTTCTCGCGTGCAAG	held_out_family_or_not_in_training_pool
tg2	0.7	family	AACGTGAGAGCGTGCAAGCCTCCACTATGT	held_out_family_or_not_in_training_pool
tg2	0.7	family	AACGTGAGCAGAGATGCTGCCGCGTGCAAG	held_out_family_or_not_in_training_pool
tg2	0.7	family	AACGTGAGTCTGTGCAAGAACGCGTGCAAG	held_out_family_or_not_in_training_pool
tg2	0.7	family	AACGTGATAAAGCGTGCAAGCCTTCTCATG	held_out_family_or_not_in_training_pool
tg2	0.7	family	AACGTGATCGCGTGCAAGCCAAGGCCTGTA	held_out_family_or_not_in_training_pool
tg2	0.7	family	AACGTGATCGTGCAAGCCTATTCGATGCTT	held_out_family_or_not_in_training_pool
tg2	0.7	family	AACGTGATGCGTGCAAGCCTCAAGGTGCGC	held_out_family_or_not_in_training_pool
tg2	0.7	family	AACGTGATGCGTGCAAGCCTTGCTCCAAAC	held_out_family_or_not_in_training_pool
tg2	0.7	family	AACGTGATGTATTTGTACGTCGCGTGCAAG	held_out_family_or_not_in_training_pool
tg2	0.7	family	AACGTGATTAGCGTGCAAGCCAGGGTTGCT	held_out_family_or_not_in_training_pool
tg2	0.7	family	AACGTGATTCGTGCAAGCCTATTCGTGGTC	held_out_family_or_not_in_training_pool
tg2	0.7	family	AACGTGATTCGTGCAAGCCTTGTAATTTGC	held_out_family_or_not_in_training_pool
tg2	0.7	family	AACGTGATTGGCGTGCAAGCCTCTTTTCGG	held_out_family_or_not_in_training_pool
tg2	0.7	family	AACGTGATTGGCGTGCAAGCCTCTTTTTCGG	held_out_family_or_not_in_training_pool
tg2	0.7	family	AACGTGCAATTTCGTGCAAGCCTCTCAACG	held_out_family_or_not_in_training_pool
tg2	0.7	family	AACGTGCACATAAAATTGTACGCGTGCAAG	held_out_family_or_not_in_training_pool
tg2	0.7	family	AACGTGCAGAATTTTTATTGCGCGTGCAAG	held_out_family_or_not_in_training_pool
tg2	0.7	family	AACGTGCGTGTAAAAGGCCGCGCGTGCAAG	held_out_family_or_not_in_training_pool
tg2	0.7	family	AACGTGGAAATGTAATTCCGAGCGTGCAAG	held_out_family_or_not_in_training_pool
tg2	0.7	family	AACGTGGAGGCGTGCAAGCTATCTTTAAC	held_out_family_or_not_in_training_pool
tg2	0.7	family	AACGTGGATGCGTGCAAGCCACTCCTGCC	held_out_family_or_not_in_training_pool
tg2	0.7	family	AACGTGGCACAAAATTGTACCGCGTGCAAG	held_out_family_or_not_in_training_pool
tg2	0.7	family	AACGTGGCGAAGTAAAAGGCCGCGTGCAAG	held_out_family_or_not_in_training_pool
tg2	0.7	family	AACGTGGTCTAAGCGTGCAAGCCTTGACTC	held_out_family_or_not_in_training_pool
tg2	0.7	family	AACGTGGTTGCGTGCAAGCCTCTCACCAT	held_out_family_or_not_in_training_pool
tg2	0.7	family	AACGTGGTTGCGTGCAAGCCTCTCACCATT	held_out_family_or_not_in_training_pool
tg2	0.7	family	AACGTGTAAGCGATATGCTGCGCGTGCAAG	held_out_family_or_not_in_training_pool
tg2	0.7	family	AACGTGTAAGCGTGCAAGCCTCCAGTGTTG	held_out_family_or_not_in_training_pool
tg2	0.7	family	AACGTGTACGCGTGCAAGCCCCCTCCGACA	held_out_family_or_not_in_training_pool
tg2	0.7	family	AACGTGTACGCGTGCAAGCCTCCTCCGACA	held_out_family_or_not_in_training_pool
tg2	0.7	family	AACGTGTACTTTAAAATTTACGCGTGCAAG	held_out_family_or_not_in_training_pool
tg2	0.7	family	AACGTGTATAATACAATAATAACGTGCAAG	held_out_family_or_not_in_training_pool
tg2	0.7	family	AACGTGTATTTTAAAAATTTACGCGTGCAAG	held_out_family_or_not_in_training_pool
tg2	0.7	family	AACGTGTATTTTAAAATTTACGCGTGCAAG	held_out_family_or_not_in_training_pool
tg2	0.7	family	AACGTGTATTTTTAAAAAATTTACGCGTGCAAG	held_out_family_or_not_in_training_pool
tg2	0.7	family	AACGTGTATTTTTAAAATTTACGCGTGCAAG	held_out_family_or_not_in_training_pool
tg2	0.7	family	AACGTGTCAGGGTCGACGCGTGCAAG	held_out_family_or_not_in_training_pool
tg2	0.7	family	AACGTGTGCACAGTGTGCACTGCGTGCAAG	held_out_family_or_not_in_training_pool
tg2	0.7	family	AACGTGTGCCGAGCAATGCGCGCGTGCAAG	held_out_family_or_not_in_training_pool
tg2	0.7	family	AACGTGTTACAGAGACGTGACGCGTGCAAG	held_out_family_or_not_in_training_pool
tg2	0.7	family	AACGTGTTGATGGGAAGGAACGCGTGCAAG	held_out_family_or_not_in_training_pool
tg2	0.7	family	AACGTGTTTGCGTGCAAGCCTTTCTGTGCA	held_out_family_or_not_in_training_pool
tg2	0.7	family	AACGTGTTTTGCGTGCAAGCCACTTGTTCA	held_out_family_or_not_in_training_pool
tg2	0.7	family	AACGTTAAAATGCGTGCAAGCCCGAGTGCC	held_out_family_or_not_in_training_pool
tg2	0.7	family	AACGTTAACCAATTGGGTGGCGTGCAAG	held_out_family_or_not_in_training_pool
tg2	0.7	family	AACGTTAACTGCGACGTTAGCGTGCAAGCC	held_out_family_or_not_in_training_pool
tg2	0.7	family	AACGTTAAGTTGCGTGCAAGCCCGTAACGCT	held_out_family_or_not_in_training_pool
tg2	0.7	family	AACGTTAATAATAAATTAGATGCGTGCAAG	held_out_family_or_not_in_training_pool
tg2	0.7	family	AACGTTAATACGCGTGCAAGCCCCTTGTT	held_out_family_or_not_in_training_pool
tg2	0.7	family	AACGTTAATACGCGTGCAAGCCCCTTGTTC	held_out_family_or_not_in_training_pool
tg2	0.7	family	AACGTTAATAGGCAGCTATTAGCGTGCAAG	held_out_family_or_not_in_training_pool
tg2	0.7	family	AACGTTACCAGCGAAGAGGGACGTGCAAG	held_out_family_or_not_in_training_pool
tg2	0.7	family	AACGTTACCCAAAGAATGGGAGCGTGCAAG	held_out_family_or_not_in_training_pool
tg2	0.7	family	AACGTTACCGTCAAGTGGGAGCGTGCAAG	held_out_family_or_not_in_training_pool
tg2	0.7	family	AACGTTACGGCGTGCAAGCCTTAGACGCTT	held_out_family_or_not_in_training_pool
tg2	0.7	family	AACGTTAGACGCGTGCAAGCCTTATCACAA	held_out_family_or_not_in_training_pool
tg2	0.7	family	AACGTTAGATGCGTGCAAGCCTTAATGTCA	held_out_family_or_not_in_training_pool
tg2	0.7	family	AACGTTAGTACTTTAAGTATAGCGTGCAAG	held_out_family_or_not_in_training_pool
tg2	0.7	family	AACGTTAGTGCGTGCAAGCCATCTCAGTA	held_out_family_or_not_in_training_pool
tg2	0.7	family	AACGTTAGTTTTTATGAATTAGCGTGCAAG	held_out_family_or_not_in_training_pool
tg2	0.7	family	AACGTTAGTTTTTTATGAATTAGCGTGCAAG	held_out_family_or_not_in_training_pool
tg2	0.7	family	AACGTTATATATTATAAGATGGCGTGCAAG	held_out_family_or_not_in_training_pool
tg2	0.7	family	AACGTTATCCGGGGTACCGGGGCGTGCAAG	held_out_family_or_not_in_training_pool
tg2	0.7	family	AACGTTATCGGTGAAGGATATGCGTGCAAG	held_out_family_or_not_in_training_pool
tg2	0.7	family	AACGTTATCTTAAGAAGGTACGCGTGCAAG	held_out_family_or_not_in_training_pool
tg2	0.7	family	AACGTTATCTTTTTATGGAAAGCGTGCAAG	held_out_family_or_not_in_training_pool
tg2	0.7	family	AACGTTATGTGCGTGCAAGCCCGACTGTTG	held_out_family_or_not_in_training_pool
tg2	0.7	family	AACGTTATGTGCGTGCAAGCCGACTGTTG	held_out_family_or_not_in_training_pool
tg2	0.7	family	AACGTTATTGCGTGCAAGCCTCTATAGAA	held_out_family_or_not_in_training_pool
tg2	0.7	family	AACGTTATTGCGTGCAAGCCTGTCCCTGTA	held_out_family_or_not_in_training_pool
tg2	0.7	family	AACGTTATTGCGTGCAAGCCTGTCCCTGTG	held_out_family_or_not_in_training_pool
tg2	0.7	family	AACGTTATTTCAGCGTGCAAGCCTTACTGT	held_out_family_or_not_in_training_pool
tg2	0.7	family	AACGTTCAAGAAGCGTGCAAGCCGTGTTCC	held_out_family_or_not_in_training_pool
tg2	0.7	family	AACGTTCAAGATGAATTACGAGCGTGCAAG	held_out_family_or_not_in_training_pool
tg2	0.7	family	AACGTTCATTGATAATATAGAGCGTGCAAG	held_out_family_or_not_in_training_pool
tg2	0.7	family	AACGTTCCAAAGGAGTTTGGGGCGTGCAAG	held_out_family_or_not_in_training_pool
tg2	0.7	family	AACGTTCCGATGGCATCTGGAGCGTGCAAG	held_out_family_or_not_in_training_pool
tg2	0.7	family	AACGTTCCGCGAGAAAACGGCGCGTGCAAG	held_out_family_or_not_in_training_pool
tg2	0.7	family	AACGTTCCTCGATGTGGGGATGCGTGCAAG	held_out_family_or_not_in_training_pool
tg2	0.7	family	AACGTTCGAGGCAGACTCCGAGCGTGCAAG	held_out_family_or_not_in_training_pool
tg2	0.7	family	AACGTTCGAGGCAGACTCCGAGCGTGCAGG	held_out_family_or_not_in_training_pool
tg2	0.7	family	AACGTTCGATAAGGAGTTCGAGCGTGCAAG	held_out_family_or_not_in_training_pool
tg2	0.7	family	AACGTTCGCCATGACAGGCAAGCGTGCAAG	held_out_family_or_not_in_training_pool
tg2	0.7	family	AACGTTCGCCGACGAGGGAGAGCGTGCAAG	held_out_family_or_not_in_training_pool
tg2	0.7	family	AACGTTCGCGAAAAAAAGAGAGCGTGCAAG	held_out_family_or_not_in_training_pool
tg2	0.7	family	AACGTTCGCTGGTGACCGCGAGCGTGCAAG	held_out_family_or_not_in_training_pool
tg2	0.7	family	AACGTTCGGCTACATTGACGAGCGTGCAAG	held_out_family_or_not_in_training_pool
tg2	0.7	family	AACGTTCGTAAAAGGTGAGAGCGTGCAAG	held_out_family_or_not_in_training_pool
tg2	0.7	family	AACGTTCTAGCGTGTGCGAGAGCGTGCAAG	held_out_family_or_not_in_training_pool
tg2	0.7	family	AACGTTCTTAAGAGAGAAGGAGCGTGCAAG	held_out_family_or_not_in_training_pool
tg2	0.7	family	AACGTTCTTTAGTAGAAAAGTGCGTGCAAG	held_out_family_or_not_in_training_pool
tg2	0.7	family	AACGTTGAAAATTTGTAAAAGCGTGCAAG	held_out_family_or_not_in_training_pool
tg2	0.7	family	AACGTTGAATAGTGTGATTTAGCGTGCAAG	held_out_family_or_not_in_training_pool
tg2	0.7	family	AACGTTGATACATTAAAGGCAGCGTGCAAG	held_out_family_or_not_in_training_pool
tg2	0.7	family	AACGTTGATATGCGTGCAAGCCTCCCACCA	held_out_family_or_not_in_training_pool
tg2	0.7	family	AACGTTGATTAACTATATGAGCGTGCAAG	held_out_family_or_not_in_training_pool
tg2	0.7	family	AACGTTGATTCAGCGTGCAAGCCTCGATAA	held_out_family_or_not_in_training_pool
tg2	0.7	family	AACGTTGCAGCTATGTTTGCAGCGTGCAAG	held_out_family_or_not_in_training_pool
tg2	0.7	family	AACGTTGCCAAACGCAAGGCAGCGTGCAAG	held_out_family_or_not_in_training_pool
tg2	0.7	family	AACGTTGGACAAAATGTACCAGCGTGCAAG	held_out_family_or_not_in_training_pool
tg2	0.7	family	AACGTTGGATCATTTATGCCAGCGTGCAAG	held_out_family_or_not_in_training_pool
tg2	0.7	family	AACGTTGGCGCGACAACGCAAGCGTGCAAG	held_out_family_or_not_in_training_pool
tg2	0.7	family	AACGTTGGGCCTTCGCGCCAAGCGTGCAAG	held_out_family_or_not_in_training_pool
tg2	0.7	family	AACGTTGTTGTCATTGCAGCAGCGTGCAAG	held_out_family_or_not_in_training_pool
tg2	0.7	family	AACGTTGTTTAATCATTAAAAGCGTGCAAG	held_out_family_or_not_in_training_pool
tg2	0.7	family	AACGTTGTTTCTAAAGGAAGAGCGTGCAAG	held_out_family_or_not_in_training_pool
tg2	0.7	family	AACGTTTAAATATATTTTCGAGCGTGCAAG	held_out_family_or_not_in_training_pool
tg2	0.7	family	AACGTTTAAGGAAAACCCTAAGCGTGCAAG	held_out_family_or_not_in_training_pool
tg2	0.7	family	AACGTTTAGAAGTTGTAATAAGCGTGCAAG	held_out_family_or_not_in_training_pool
tg2	0.7	family	AACGTTTAGCTGTAGTACTGAGCGTGCAAG	held_out_family_or_not_in_training_pool
tg2	0.7	family	AACGTTTATCAGCGAAGGTCAGCGTGCAAG	held_out_family_or_not_in_training_pool
tg2	0.7	family	AACGTTTATGCGTGCAAGCCTCTTATATCA	held_out_family_or_not_in_training_pool
tg2	0.7	family	AACGTTTCCAAATACTGAGAAGCGTGCAAG	held_out_family_or_not_in_training_pool
tg2	0.7	family	AACGTTTCGCAGCAGGGCGGAGCGTGCAAG	held_out_family_or_not_in_training_pool
tg2	0.7	family	AACGTTTGACATGTGTGACAAGCGTGCAAG	held_out_family_or_not_in_training_pool
tg2	0.7	family	AACGTTTGCATAAAGATGCATTCGTGCAAG	held_out_family_or_not_in_training_pool
tg2	0.7	family	AACGTTTGGAAAAGATTAAGCGTGCAAG	held_out_family_or_not_in_training_pool
tg2	0.7	family	AACGTTTGTGGATAGGAATGAGCGTGCAAG	held_out_family_or_not_in_training_pool
tg2	0.7	family	AACGTTTTAAATGCTTATAAAGCGTGCAAG	held_out_family_or_not_in_training_pool
tg2	0.7	family	AACGTTTTAATAAAGTATGAAAGCGTGCAAG	held_out_family_or_not_in_training_pool
tg2	0.7	family	AACGTTTTAATAAGTATGAAAGCGTGCAAG	held_out_family_or_not_in_training_pool
tg2	0.7	family	AACGTTTTGGAATGAAGCGTGCAAG	held_out_family_or_not_in_training_pool
tg2	0.7	family	AACGTTTTTAATAAGTATGAAAGCGTGCAAG	held_out_family_or_not_in_training_pool
tg2	0.7	family	AACGTTTTTGAAATTATTGAAGCGTGCAAG	held_out_family_or_not_in_training_pool
tg2	0.7	family	AACGTTTTTTGGAGATAAAAAGCGTGCAAG	held_out_family_or_not_in_training_pool
tg2	0.7	family	AACTAATGCAAATTGTGCAAGCCCGCTGCTTT	held_out_family_or_not_in_training_pool
tg2	0.7	family	AACTGCAAGTCTGTGCAAGCCTCGTGCACG	held_out_family_or_not_in_training_pool
tg2	0.7	family	AATAATGAAAATTTATGCAAGCCGCAAGCT	held_out_family_or_not_in_training_pool
tg2	0.7	family	AATAATGACAAATTATGCAAGCCTCAAGCC	held_out_family_or_not_in_training_pool
tg2	0.7	family	AATAATGCAAATTGTGCAAGCCCGCTGCTTT	held_out_family_or_not_in_training_pool
tg2	0.7	family	AATACGAGAGATACAACCTATTTTCTTGAC	held_out_family_or_not_in_training_pool
tg2	0.7	family	AATACGAGAGATACAACCTCTTTCCGAGAC	held_out_family_or_not_in_training_pool
tg2	0.7	family	AATACGAGAGATACAACCTTAAAAGTGCTT	held_out_family_or_not_in_training_pool
tg2	0.7	family	AATAGCAAGTCTGTGCAAGCCTCGTGCACG	held_out_family_or_not_in_training_pool
tg2	0.7	family	AATTGCAATGCAATGCAAGCCCACCTGTTT	held_out_family_or_not_in_training_pool
tg2	0.7	family	AATTGTAATGCAATGCAAGCCTTTGAGTAA	held_out_family_or_not_in_training_pool
tg2	0.7	family	AATTGTTAATGACAATGCAAGCCTTGCCTG	held_out_family_or_not_in_training_pool
tg2	0.7	family	ACAGCAAGTCTGTGCAAGCCTCGTGCACG	held_out_family_or_not_in_training_pool
tg2	0.7	family	ACCAGCAAGTCTGTGCAAGCCTCGTGCACG	held_out_family_or_not_in_training_pool
tg2	0.7	family	ACTACGAGAGATGTTGCCTGCTATACCATA	held_out_family_or_not_in_training_pool
tg2	0.7	family	ACTTACGAGAGATGTTGCCTGATTCCCAA	held_out_family_or_not_in_training_pool
tg2	0.7	family	AGAACGAGAGATACAGCCACTCTTGAAGTT	held_out_family_or_not_in_training_pool
tg2	0.7	family	AGCAATAAAAATTGTGCAAGCCTTAGGCTC	held_out_family_or_not_in_training_pool
tg2	0.7	family	AGCAATATTGGAGAAATAATATTGTGCAAG	held_out_family_or_not_in_training_pool
tg2	0.7	family	AGCAATGCAAATTGTGCAAGCCCGCTGCTTT	held_out_family_or_not_in_training_pool
tg2	0.7	family	AGCAATGTAAAATTGTGCAAGCCTATCTT	held_out_family_or_not_in_training_pool
tg2	0.7	family	AGCAATGTCGACTACACGATATTGTGCAAG	held_out_family_or_not_in_training_pool
tg2	0.7	family	AGCAGCAAGTCTGTGCAAGCCTCGTGCACG	held_out_family_or_not_in_training_pool
tg2	0.7	family	AGCGGTAAACGTGCAAGCCTCACCCACCAC	held_out_family_or_not_in_training_pool
tg2	0.7	family	AGCGGTAAACGTGCAAGCCTCTTTTTGTTCG	held_out_family_or_not_in_training_pool
tg2	0.7	family	AGCGGTAAACGTGCAAGCCTTGGTAACGTT	held_out_family_or_not_in_training_pool
tg2	0.7	family	ATACGAGAGATGTAACCTCCTCCATTTGGA	held_out_family_or_not_in_training_pool
tg2	0.7	family	ATACGAGAGATGTAACCTCTCAATTTCTA	held_out_family_or_not_in_training_pool
tg2	0.7	family	ATACGAGAGATGTAACCTTATTCTGAGCTG	held_out_family_or_not_in_training_pool
tg2	0.7	family	ATACGAGAGATGTAGCCACTGCTCAGGTTC	held_out_family_or_not_in_training_pool
tg2	0.7	family	ATACGAGAGATGTAGCCTACTCAAATTAA	held_out_family_or_not_in_training_pool
tg2	0.7	family	ATACGAGAGATGTAGCCTCGATCTGTATTA	held_out_family_or_not_in_training_pool
tg2	0.7	family	ATACGAGAGATGTAGCCTCTATTCGCACAG	held_out_family_or_not_in_training_pool
tg2	0.7	family	ATACGAGAGATGTAGCCTCTTCCATCCAAG	held_out_family_or_not_in_training_pool
tg2	0.7	family	ATACGAGAGATGTAGCCTCTTTTATTGCGT	held_out_family_or_not_in_training_pool
tg2	0.7	family	ATCGAGATTCTGAGGGGTCGACGCTCCGCA	held_out_family_or_not_in_training_pool
tg2	0.7	family	ATTACGAGAGATACAGCCTCTTAAATGAGA	held_out_family_or_not_in_training_pool
tg2	0.7	family	CACAGCAAGTCTGTGCAAGCCTCGTGCACG	held_out_family_or_not_in_training_pool
tg2	0.7	family	GAACAAATAAAAATTGTGCAAGCCTTAGGCTC	held_out_family_or_not_in_training_pool
tg2	0.7	family	GAACAAATATTGGAGAAATAATATTGTGCAAG	held_out_family_or_not_in_training_pool
tg2	0.7	family	GAACAAATCGTACAACATGATATATTGTGCAAG	held_out_family_or_not_in_training_pool
tg2	0.7	family	GAACAAATGAGAATTGTGCAAGCCTTGTAATG	held_out_family_or_not_in_training_pool
tg2	0.7	family	GAACAAATGCAAATTGTGCAAGCCCGCTGCTTT	held_out_family_or_not_in_training_pool
tg2	0.7	family	GAACAAATGCTATTTTAATGGTATTGTGCAAG	held_out_family_or_not_in_training_pool
tg2	0.7	family	GAACAAATTCGAGAAATTGTGCAAGCCTTTTTT	held_out_family_or_not_in_training_pool
tg2	0.7	family	GAACAAGCAAGTCTGTGCAAGCCTCGTGCACG	held_out_family_or_not_in_training_pool
tg2	0.7	family	GAACAGCAAGTCTGTGCAAGCCTCGTGCACG	held_out_family_or_not_in_training_pool
tg2	0.7	family	GAACAGCAAGTCTGTGCAAGCCTTCGTGCACG	held_out_family_or_not_in_training_pool
tg2	0.7	family	GAACGAGATTCTGAGGGTTCGACTGGAAATC	held_out_family_or_not_in_training_pool
tg2	0.7	family	GAACGGTAAAACGTGCAAGCCTCTTTTTGTTCG	held_out_family_or_not_in_training_pool
tg2	0.7	family	GAACGGTAAAACGTGCAAGCCTTGGTAACGTT	held_out_family_or_not_in_training_pool
tg2	0.7	family	GACAACACGTTTGTGCAAGCCATTGAAGCT	held_out_family_or_not_in_training_pool
tg2	0.7	family	GACAATGAGAATTGTGCAAGCCTTGTAATG	held_out_family_or_not_in_training_pool
tg2	0.7	family	GACAATGCAAATTGTGCAAGCCCGCTGCTTT	held_out_family_or_not_in_training_pool
tg2	0.7	family	GACAATGCTATTTTAATGGTATTGTGCAAG	held_out_family_or_not_in_training_pool
tg2	0.7	family	GACAATTAATTAAATCATTGATTGTGCAAG	held_out_family_or_not_in_training_pool
tg2	0.7	family	GACAATTCACCTAAATTGAATTGTGCAAG	held_out_family_or_not_in_training_pool
tg2	0.7	family	GACAGCAAGTCTGTGCAAGCCTCGTGCACG	held_out_family_or_not_in_training_pool
tg2	0.7	family	GACGAAATGCTGAGGGGTCGCCTGTAGGCA	held_out_family_or_not_in_training_pool
tg2	0.7	family	GACGAAGATTCTGAGGGTTCGACTGGAAATC	held_out_family_or_not_in_training_pool
tg2	0.7	family	GACGAGACTCTGAGGGTTCGACTGGAAATC	held_out_family_or_not_in_training_pool
tg2	0.7	family	GACGAGACTCTGAGGGTTCTCCTCGCCTAG	held_out_family_or_not_in_training_pool
tg2	0.7	family	GACGAGATCCTGAGGGTTCGACTGGAAATC	held_out_family_or_not_in_training_pool
tg2	0.7	family	GACGAGATTCCGAGGGTTCGACTGGAAATC	held_out_family_or_not_in_training_pool
tg2	0.7	family	GACGAGATTCTAAGGGTTCGACTGGAAATC	held_out_family_or_not_in_training_pool
tg2	0.7	family	GACGAGATTCTGAGAGTTCGACTGGAAATC	held_out_family_or_not_in_training_pool
tg2	0.7	family	GACGAGATTCTGAGGGCTCGACTGGAAATC	held_out_family_or_not_in_training_pool
tg2	0.7	family	GACGAGATTCTGAGGGGTTCGACTGGAAATC	held_out_family_or_not_in_training_pool
tg2	0.7	family	GACGAGATTCTGAGGGGTTTCGACTGGAAAATCC	held_out_family_or_not_in_training_pool
tg2	0.7	family	GACGAGATTCTGAGGGTACGACTGGAAATC	held_out_family_or_not_in_training_pool
tg2	0.7	family	GACGAGATTCTGAGGGTCGACTGGAAATC	held_out_family_or_not_in_training_pool
tg2	0.7	family	GACGAGATTCTGAGGGTTCGACCGGAAATC	held_out_family_or_not_in_training_pool
tg2	0.7	family	GACGAGATTCTGAGGGTTCGACTGAAAATC	held_out_family_or_not_in_training_pool
tg2	0.7	family	GACGAGATTCTGAGGGTTCGACTGGAAAAATC	held_out_family_or_not_in_training_pool
tg2	0.7	family	GACGAGATTCTGAGGGTTCGACTGGAAAAC	held_out_family_or_not_in_training_pool
tg2	0.7	family	GACGAGATTCTGAGGGTTCGACTGGAAAATC	held_out_family_or_not_in_training_pool
tg2	0.7	family	GACGAGATTCTGAGGGTTCGACTGGAAACC	held_out_family_or_not_in_training_pool
tg2	0.7	family	GACGAGATTCTGAGGGTTCGACTGGAAAGTC	held_out_family_or_not_in_training_pool
tg2	0.7	family	GACGAGATTCTGAGGGTTCGACTGGAAAT	held_out_family_or_not_in_training_pool
tg2	0.7	family	GACGAGATTCTGAGGGTTCGACTGGAAATC	held_out_family_or_not_in_training_pool
tg2	0.7	family	GACGAGATTCTGAGGGTTCGACTGGAAATG	held_out_family_or_not_in_training_pool
tg2	0.7	family	GACGAGATTCTGAGGGTTCGACTGGAAATT	held_out_family_or_not_in_training_pool
tg2	0.7	family	GACGAGATTCTGAGGGTTCGACTGGAAGTC	held_out_family_or_not_in_training_pool
tg2	0.7	family	GACGAGATTCTGAGGGTTCGACTGGAATC	held_out_family_or_not_in_training_pool
tg2	0.7	family	GACGAGATTCTGAGGGTTCGACTGGAGATC	held_out_family_or_not_in_training_pool
tg2	0.7	family	GACGAGATTCTGAGGGTTCGACTGGGAATC	held_out_family_or_not_in_training_pool
tg2	0.7	family	GACGAGATTCTGAGGGTTCGACTGTAAATC	held_out_family_or_not_in_training_pool
tg2	0.7	family	GACGAGATTCTGGAGGGTTCGACTGGAAATC	held_out_family_or_not_in_training_pool
tg2	0.7	family	GACGAGATTCTGGGGGGTTCGACTGGAAATC	held_out_family_or_not_in_training_pool
tg2	0.7	family	GACGAGATTCTGGGGGTTCGACTGGAAATC	held_out_family_or_not_in_training_pool
tg2	0.7	family	GACGAGATTTCTGAGGGTTCGACTGGAAATC	held_out_family_or_not_in_training_pool
tg2	0.7	family	GACGAGATTTTGAGGGTTCGACTGGAAATC	held_out_family_or_not_in_training_pool
tg2	0.7	family	GACGAGGATTCTGAGGGTTCGACTGGAAATC	held_out_family_or_not_in_training_pool
tg2	0.7	family	GACGAGGTTCTGAGGGTTCGACTGGAAATC	held_out_family_or_not_in_training_pool
tg2	0.7	family	GACGGGATTCTGAGGGTTCGACTGGAAATC	held_out_family_or_not_in_training_pool
tg2	0.7	family	GACGGTAAACGTGCAAGCCTCTTTTTGTTCG	held_out_family_or_not_in_training_pool
tg2	0.7	family	GACGGTAAACGTGCAAGCCTTGCGCAGGTT	held_out_family_or_not_in_training_pool
tg2	0.7	family	GACGGTCTACGTGCAAGCCTATTTCCTAAC	held_out_family_or_not_in_training_pool
tg2	0.7	family	GAGAGGAGATTCTGAGGGGTCGACTGACTG	held_out_family_or_not_in_training_pool
tg2	0.7	family	GAGCGAGACTCTGAGGGTTCGACTGCCAAA	held_out_family_or_not_in_training_pool
tg2	0.7	family	GATACGAGAGATGTAGCCGAACCCTGCAGC	held_out_family_or_not_in_training_pool
tg2	0.7	family	GATGAGATTCTGAGGGGTCTCCATGAATGC	held_out_family_or_not_in_training_pool
tg2	0.7	family	GATGAGATTCTGAGGGTTCGACTGGAAATC	held_out_family_or_not_in_training_pool
tg2	0.7	family	GGACGAGATTCTGAGGGTTCGACTGGAAATC	held_out_family_or_not_in_training_pool
tg2	0.7	family	GGCGAGATTCTGAGGGTTCGACTGGAAATC	held_out_family_or_not_in_training_pool
tg2	0.7	family	GTACGAGATTCTGAGGGTTCTTTTTGCAC	held_out_family_or_not_in_training_pool
tg2	0.7	family	GTCGAGATTCTGAGGGTTCGACTGGAAATC	held_out_family_or_not_in_training_pool
tg2	0.7	family	GTCGAGATTCTGAGGGTTCTCCTGGTGGC	held_out_family_or_not_in_training_pool
tg2	0.7	family	TAACAGCAAGTCTGTGCAAGCCTCGTGCACG	held_out_family_or_not_in_training_pool
tg2	0.7	family	TACAGCAAGTCTGTGCAAGCCTCGTGCACG	held_out_family_or_not_in_training_pool
tg2	0.7	family	TGTAGGGAATGACCGGGGTTCATGCCGCAT	held_out_family_or_not_in_training_pool
tg2	0.7	family	TGTAGGGAATGACCGGGTTCAGGTTCCCGA	held_out_family_or_not_in_training_pool
tg2	0.7	family	TGTAGGGAATGGCCGGGGTCATTAGCTCTT	held_out_family_or_not_in_training_pool
tg2	0.7	random	GTACGAGATTCTGAGGGTTCTTTTTGCAC	held_out_family_or_not_in_training_pool
tg2	0.7	naive_sequence_random	GCGGAGATTCTGAGGGTTCTCCTGTTCCAG	held_out_family_or_not_in_training_pool
tg2	0.7	naive_sequence_random	GTCGAGACTTTGAGGGTTCTCCTGCTGTAA	held_out_family_or_not_in_training_pool
tg2	0.7	naive_sequence_random	TGTAGGGAATGACCGGGTTCCTGGTGCCCG	held_out_family_or_not_in_training_pool
tg2	0.8	family	AACAAGAGATGGTAGCCTACCGTGCCAA	held_out_family_or_not_in_training_pool
tg2	0.8	family	AACAAGAGATGGTAGGCCACTCCCTGGTCT	held_out_family_or_not_in_training_pool
tg2	0.8	family	AACAAGAGATGGTAGGCCTACCGTGCCAA	held_out_family_or_not_in_training_pool
tg2	0.8	family	AACAAGAGATGGTAGGCCTACGTAATGTTC	held_out_family_or_not_in_training_pool
tg2	0.8	family	AACGAGAGATGGTAGACCTACGTATGATT	held_out_family_or_not_in_training_pool
tg2	0.8	family	AACGAGAGATGGTAGATACTAGTATGTTTC	held_out_family_or_not_in_training_pool
tg2	0.8	family	AACGAGAGATGGTAGCTTCGAGGCTCACA	held_out_family_or_not_in_training_pool
tg2	0.8	family	AACGAGAGATGGTAGGCCACAGCTCTATG	held_out_family_or_not_in_training_pool
tg2	0.8	family	AACGAGAGATGGTAGGCCCCAATGCTCTTG	held_out_family_or_not_in_training_pool
tg2	0.8	family	AACGAGAGATGGTAGGCCCCGAAAGGTTTC	held_out_family_or_not_in_training_pool
tg2	0.8	family	AACGAGAGATGGTAGGCCCTGCTTGCTGAC	held_out_family_or_not_in_training_pool
tg2	0.8	family	AACGAGAGATGGTAGGCCGACTGCAGTCAC	held_out_family_or_not_in_training_pool
tg2	0.8	family	AACGAGAGATGGTAGGCCGCAGGAGAAGCT	held_out_family_or_not_in_training_pool
tg2	0.8	family	AACGAGAGATGGTAGGCCTAACCGACAACC	held_out_family_or_not_in_training_pool
tg2	0.8	family	AACGAGAGATGGTAGGCCTCCAAGCTCACA	held_out_family_or_not_in_training_pool
tg2	0.8	family	AACGAGAGATGGTAGGCCTCCGGCCTAGCA	held_out_family_or_not_in_training_pool
tg2	0.8	family	AACGAGAGATGGTAGGCCTCTGCAATATG	held_out_family_or_not_in_training_pool
tg2	0.8	family	AACGAGAGATGGTAGGCCTCTGCAATATGC	held_out_family_or_not_in_training_pool
tg2	0.8	family	AACGAGAGATGGTAGGCCTGAACACATTGT	held_out_family_or_not_in_training_pool
tg2	0.8	family	AACGAGAGATGGTAGGCCTGACTGTTTTCC	held_out_family_or_not_in_training_pool
tg2	0.8	family	AACGAGAGATGGTAGGCCTTAGGGAATTGC	held_out_family_or_not_in_training_pool
tg2	0.8	family	AACGAGAGATGGTAGGCCTTCCATAACGCC	held_out_family_or_not_in_training_pool
tg2	0.8	family	AACGAGAGATGGTGGGCCACGCTCTCCTGA	held_out_family_or_not_in_training_pool
tg2	0.8	family	AACGAGATTCTGAGGGTTCGACTGGAAATC	held_out_family_or_not_in_training_pool
tg2	0.8	family	ACTACGAGAGATGTTGCCTGCTATACCATA	held_out_family_or_not_in_training_pool
tg2	0.8	family	ACTTACGAGAGATGTTGCCTGATTCCCAA	held_out_family_or_not_in_training_pool
tg2	0.8	family	GAACGAGATTCTGAGGGTTCGACTGGAAATC	held_out_family_or_not_in_training_pool
tg2	0.8	family	GACGAAGATTCTGAGGGTTCGACTGGAAATC	held_out_family_or_not_in_training_pool
tg2	0.8	family	GACGAGACTCTGAGGGTTCGACTGGAAATC	held_out_family_or_not_in_training_pool
tg2	0.8	family	GACGAGACTCTGAGGGTTCTCCTCGCCTAG	held_out_family_or_not_in_training_pool
tg2	0.8	family	GACGAGATCCTGAGGGTTCGACTGGAAATC	held_out_family_or_not_in_training_pool
tg2	0.8	family	GACGAGATTCCGAGGGTTCGACTGGAAATC	held_out_family_or_not_in_training_pool
tg2	0.8	family	GACGAGATTCTAAGGGTTCGACTGGAAATC	held_out_family_or_not_in_training_pool
tg2	0.8	family	GACGAGATTCTGAGAGTTCGACTGGAAATC	held_out_family_or_not_in_training_pool
tg2	0.8	family	GACGAGATTCTGAGGGCTCGACTGGAAATC	held_out_family_or_not_in_training_pool
tg2	0.8	family	GACGAGATTCTGAGGGGTTCGACTGGAAATC	held_out_family_or_not_in_training_pool
tg2	0.8	family	GACGAGATTCTGAGGGGTTTCGACTGGAAAATCC	held_out_family_or_not_in_training_pool
tg2	0.8	family	GACGAGATTCTGAGGGTACGACTGGAAATC	held_out_family_or_not_in_training_pool
tg2	0.8	family	GACGAGATTCTGAGGGTCGACTGGAAATC	held_out_family_or_not_in_training_pool
tg2	0.8	family	GACGAGATTCTGAGGGTTCGACCGGAAATC	held_out_family_or_not_in_training_pool
tg2	0.8	family	GACGAGATTCTGAGGGTTCGACTGAAAATC	held_out_family_or_not_in_training_pool
tg2	0.8	family	GACGAGATTCTGAGGGTTCGACTGGAAAAATC	held_out_family_or_not_in_training_pool
tg2	0.8	family	GACGAGATTCTGAGGGTTCGACTGGAAAAC	held_out_family_or_not_in_training_pool
tg2	0.8	family	GACGAGATTCTGAGGGTTCGACTGGAAAATC	held_out_family_or_not_in_training_pool
tg2	0.8	family	GACGAGATTCTGAGGGTTCGACTGGAAACC	held_out_family_or_not_in_training_pool
tg2	0.8	family	GACGAGATTCTGAGGGTTCGACTGGAAAGTC	held_out_family_or_not_in_training_pool
tg2	0.8	family	GACGAGATTCTGAGGGTTCGACTGGAAAT	held_out_family_or_not_in_training_pool
tg2	0.8	family	GACGAGATTCTGAGGGTTCGACTGGAAATC	held_out_family_or_not_in_training_pool
tg2	0.8	family	GACGAGATTCTGAGGGTTCGACTGGAAATG	held_out_family_or_not_in_training_pool
tg2	0.8	family	GACGAGATTCTGAGGGTTCGACTGGAAATT	held_out_family_or_not_in_training_pool
tg2	0.8	family	GACGAGATTCTGAGGGTTCGACTGGAAGTC	held_out_family_or_not_in_training_pool
tg2	0.8	family	GACGAGATTCTGAGGGTTCGACTGGAATC	held_out_family_or_not_in_training_pool
tg2	0.8	family	GACGAGATTCTGAGGGTTCGACTGGAGATC	held_out_family_or_not_in_training_pool
tg2	0.8	family	GACGAGATTCTGAGGGTTCGACTGGGAATC	held_out_family_or_not_in_training_pool
tg2	0.8	family	GACGAGATTCTGAGGGTTCGACTGTAAATC	held_out_family_or_not_in_training_pool
tg2	0.8	family	GACGAGATTCTGGAGGGTTCGACTGGAAATC	held_out_family_or_not_in_training_pool
tg2	0.8	family	GACGAGATTCTGGGGGGTTCGACTGGAAATC	held_out_family_or_not_in_training_pool
tg2	0.8	family	GACGAGATTCTGGGGGTTCGACTGGAAATC	held_out_family_or_not_in_training_pool
tg2	0.8	family	GACGAGATTTCTGAGGGTTCGACTGGAAATC	held_out_family_or_not_in_training_pool
tg2	0.8	family	GACGAGATTTTGAGGGTTCGACTGGAAATC	held_out_family_or_not_in_training_pool
tg2	0.8	family	GACGAGGATTCTGAGGGTTCGACTGGAAATC	held_out_family_or_not_in_training_pool
tg2	0.8	family	GACGAGGTTCTGAGGGTTCGACTGGAAATC	held_out_family_or_not_in_training_pool
tg2	0.8	family	GACGGGATTCTGAGGGTTCGACTGGAAATC	held_out_family_or_not_in_training_pool
tg2	0.8	family	GAGCGAGACTCTGAGGGTTCGACTGCCAAA	held_out_family_or_not_in_training_pool
tg2	0.8	family	GATGAGATTCTGAGGGTTCGACTGGAAATC	held_out_family_or_not_in_training_pool
tg2	0.8	family	GGACGAGATTCTGAGGGTTCGACTGGAAATC	held_out_family_or_not_in_training_pool
tg2	0.8	family	GGCGAGATTCTGAGGGTTCGACTGGAAATC	held_out_family_or_not_in_training_pool
tg2	0.8	family	GTACGAGATTCTGAGGGTTCTTTTTGCAC	held_out_family_or_not_in_training_pool
tg2	0.8	family	GTCGAGATTCTGAGGGTTCGACTGGAAATC	held_out_family_or_not_in_training_pool
tg2	0.8	family	GTCGAGATTCTGAGGGTTCTCCTGGTGGC	held_out_family_or_not_in_training_pool
tg2	0.8	family	TGTAGGGAATGACCGGGGTTCATGCCGCAT	held_out_family_or_not_in_training_pool
tg2	0.8	family	TGTAGGGAATGACCGGGTTCAGGTTCCCGA	held_out_family_or_not_in_training_pool
tg2	0.8	family	TGTAGGGAATGGCCGGGGTCATTAGCTCTT	held_out_family_or_not_in_training_pool
tg2	0.8	random	GTACGAGATTCTGAGGGTTCTTTTTGCAC	held_out_family_or_not_in_training_pool
tg2	0.8	naive_sequence_random	GCGGAGATTCTGAGGGTTCTCCTGTTCCAG	held_out_family_or_not_in_training_pool
tg2	0.8	naive_sequence_random	GTCGAGACTTTGAGGGTTCTCCTGCTGTAA	held_out_family_or_not_in_training_pool
tg2	0.8	naive_sequence_random	TGTAGGGAATGACCGGGTTCCTGGTGCCCG	held_out_family_or_not_in_training_pool
tg2	0.9	family	AACAAGAGATGGTAGGCCTACGTAATGTTC	held_out_family_or_not_in_training_pool
tg2	0.9	family	AACGAGAGATGGTAGGCCTCCAAGCTCACA	held_out_family_or_not_in_training_pool
tg2	0.9	family	GTACGAGATTCTGAGGGTTCTTTTTGCAC	held_out_family_or_not_in_training_pool
tg2	0.9	family	GTCGAGATTCTGAGGGTTCTCCTGGTGGC	held_out_family_or_not_in_training_pool
tg2	0.9	random	GTACGAGATTCTGAGGGTTCTTTTTGCAC	held_out_family_or_not_in_training_pool
tg2	0.9	naive_sequence_random	GCGGAGATTCTGAGGGTTCTCCTGTTCCAG	held_out_family_or_not_in_training_pool
tg2	0.9	naive_sequence_random	GTCGAGACTTTGAGGGTTCTCCTGCTGTAA	held_out_family_or_not_in_training_pool
tg2	0.9	naive_sequence_random	TGTAGGGAATGACCGGGTTCCTGGTGCCCG	held_out_family_or_not_in_training_pool
integrin	0.7	family	AAAACCAGGAGGACGCACATTACGCAAAAAAGTATCCCTGCC	held_out_family_or_not_in_training_pool
integrin	0.7	family	AAAAGACGGTACGCGACTCAACACCCGCCTCCGTCAGGTTT	held_out_family_or_not_in_training_pool
integrin	0.7	family	AAACACACCAGCGCACGTTACGCAAAATAAAATCCCTGCC	held_out_family_or_not_in_training_pool
integrin	0.7	family	AAACACTCATCCTGCACATTACGAAAACCACCTCCCTTCC	held_out_family_or_not_in_training_pool
integrin	0.7	family	AAACCAGAAGGACGCACATTACGCAAAAAGTATCCCTGCC	held_out_family_or_not_in_training_pool
integrin	0.7	family	AAACCAGGAGGACGCACATTACGCAAAAAAGTATCCCTGCC	held_out_family_or_not_in_training_pool
integrin	0.7	family	AAACCAGGAGGACGCACATTACGCAAAAAGTATCCCTGCC	held_out_family_or_not_in_training_pool
integrin	0.7	family	AAACCTCAGGCTACGCGAAACCTTTCCCCGCCTGCCTATG	held_out_family_or_not_in_training_pool
integrin	0.7	family	AAAGACCGGTACGCGACTCAACACCCGCCTCCGTCAGGTTT	held_out_family_or_not_in_training_pool
integrin	0.7	family	AAAGACGGTACGCGAACTCAACACCCGCCTCCGTCAGGTTT	held_out_family_or_not_in_training_pool
integrin	0.7	family	AAAGACGGTACGCGACTCAACAACCCGCCTCCGTCAGGTTT	held_out_family_or_not_in_training_pool
integrin	0.7	family	AAAGACGGTACGCGACTCAACACCCGCCCCCGTCAGGTTT	held_out_family_or_not_in_training_pool
integrin	0.7	family	AAAGACGGTACGCGACTCAACACCCGCCTCCGTCAGGTT	held_out_family_or_not_in_training_pool
integrin	0.7	family	AAAGACGGTACGCGACTCAACACCCGCCTCCGTCAGGTTC	held_out_family_or_not_in_training_pool
integrin	0.7	family	AAAGACGGTACGCGACTCAACACCCGCCTCCGTCAGGTTG	held_out_family_or_not_in_training_pool
integrin	0.7	family	AAAGACGGTACGCGACTCAACACCCGCCTCCGTCAGGTTT	held_out_family_or_not_in_training_pool
integrin	0.7	family	AAAGACGGTACGCGACTCAACACCCGCCTCCGTCAGGTTTT	held_out_family_or_not_in_training_pool
integrin	0.7	family	AAAGACGGTACGCGACTCAGCACCCGCCTCCGTCAGGTTT	held_out_family_or_not_in_training_pool
integrin	0.7	family	AAAGCAGAAGTCTACGCAACAGTTTCCCTGCCTGACTCAA	held_out_family_or_not_in_training_pool
integrin	0.7	family	AAAGCCAACCTACGCGAATACCAATCCCCGCCTGGTTGGG	held_out_family_or_not_in_training_pool
integrin	0.7	family	AAATGCTAAAAATCCAGCGGCGCACGCGATGACGGGAGAAAC	held_out_family_or_not_in_training_pool
integrin	0.7	family	AAATGCTAAAAATCCAGCGGCGCACGCGATGACGGGGAGAAAAC	held_out_family_or_not_in_training_pool
integrin	0.7	family	AAATGCTAAAATCCAGCGGCGCACGCGATGACGGGAGAAAC	held_out_family_or_not_in_training_pool
integrin	0.7	family	AAATGCTAAAATCCAGCGGCGCACGCGATGACGGGGAGAAAC	held_out_family_or_not_in_training_pool
integrin	0.7	family	AAATGTCAGCACAATACTACGCGAGCTCTGCCCCCGCCTG	held_out_family_or_not_in_training_pool
integrin	0.7	family	AACAACGTTCTTTGCGACATTACGCGACAATCCACCCGCC	held_out_family_or_not_in_training_pool
integrin	0.7	family	AACAAGTACGCGAAAATCTTCCCCGCCTCTTGTTGGCATC	held_out_family_or_not_in_training_pool
integrin	0.7	family	AACACAGCTTACGCGAAATCGACCTGCCTAGCTGTGAAG	held_out_family_or_not_in_training_pool
integrin	0.7	family	AACACTTACGCGTAATATCTGCCCCGCCTAGTGAACTTGT	held_out_family_or_not_in_training_pool
integrin	0.7	family	AACAGGAACCGTCGTATGAACACGCGAAAACGGGAGACAC	held_out_family_or_not_in_training_pool
integrin	0.7	family	AACAGTAAAGCCAGACATTACGCGACTCATTGAACCCGCC	held_out_family_or_not_in_training_pool
integrin	0.7	family	AACATCTACGCAAAAAGTGTTCCCCTGCCTGATGTGACAAA	held_out_family_or_not_in_training_pool
integrin	0.7	family	AACATCTACGCAAGAGTGTTCCCCTGCCTGATGTGACAAA	held_out_family_or_not_in_training_pool
integrin	0.7	family	AACCAAGTACGCGAAACTCTCCCCGCCTCTTGGATATGAC	held_out_family_or_not_in_training_pool
integrin	0.7	family	AACCCGAGCTACGCACATTACGTTAAAAAATGACCCAACC	held_out_family_or_not_in_training_pool
integrin	0.7	family	AACCCGAGCTACGCACATTACGTTAAAAAATGACCCCAACC	held_out_family_or_not_in_training_pool
integrin	0.7	family	AACCCGAGCTACGCACATTACGTTAAAAATGACCCAACC	held_out_family_or_not_in_training_pool
integrin	0.7	family	AACCCGAGCTACGCACATTACGTTAAAAATGACCCCAACC	held_out_family_or_not_in_training_pool
integrin	0.7	family	AACCCTACGCGAAAATCAATCCCGCCTGGTTTCGTCAATC	held_out_family_or_not_in_training_pool
integrin	0.7	family	AACCGGCCTACGCAACCACCCCTTCCTGCCTGGCCAAGAT	held_out_family_or_not_in_training_pool
integrin	0.7	family	AACCGGCCTACGCAACCACCCTTCCTGCCTGGCCAAGAT	held_out_family_or_not_in_training_pool
integrin	0.7	family	AACCGGCTCTATGACAGCGCAGATTGATTACGGGAGAAAC	held_out_family_or_not_in_training_pool
integrin	0.7	family	AACGAGATCCCCGCTCATTACGCAAAAATCAACACCCTGCC	held_out_family_or_not_in_training_pool
integrin	0.7	family	AACGAGATCCCCGCTCATTACGCAAAAATCAACACCCTGCCC	held_out_family_or_not_in_training_pool
integrin	0.7	family	AACGAGATCCCCGCTCATTACGCAAAAATCACACCCTGCC	held_out_family_or_not_in_training_pool
integrin	0.7	family	AACGCTAAAATCCAGCGGCGCACGCGATGACGGGAGAAAC	held_out_family_or_not_in_training_pool
integrin	0.7	family	AACTACGCGTAAATTATACCCCGCCTGTTTTTCTCACCGC	held_out_family_or_not_in_training_pool
integrin	0.7	family	AACTACGCGTAAATTATACCCCGCCTGTTTTTTCTCACCGC	held_out_family_or_not_in_training_pool
integrin	0.7	family	AACTCCGTAACAGCACATTACGCGACACGCTTTCCCTGCC	held_out_family_or_not_in_training_pool
integrin	0.7	family	AACTGGGCTACGCGTAAATCTCTCCCGCCTGCCCGACTTC	held_out_family_or_not_in_training_pool
integrin	0.7	family	AACTTACGCAAAAGACGCTCTGCCTAGTTCTTTGGCACTA	held_out_family_or_not_in_training_pool
integrin	0.7	family	AAGCATGCTACGCAAATAAACCCCTGCCTGCATGCCTCAG	held_out_family_or_not_in_training_pool
integrin	0.7	family	AAGCATGCTACGCAAATAAACCCCTGCCTGCATGCCTTAG	held_out_family_or_not_in_training_pool
integrin	0.7	family	AAGCCACTTAGTCATACGCCAATCGTTCTCCGGCCTTGTC	held_out_family_or_not_in_training_pool
integrin	0.7	family	AAGCCCGCATCAGCTACGCGAAAGACGCCCCCGCCTGCTA	held_out_family_or_not_in_training_pool
integrin	0.7	family	AAGCCTACGCCAAATCTCGCCCGGCCTGGCCACTGACACG	held_out_family_or_not_in_training_pool
integrin	0.7	family	AAGCCTATTATAGCGCGCATTACGCGAACCTCACCCCGCC	held_out_family_or_not_in_training_pool
integrin	0.7	family	AAGCTACGCAACAACACCTTCCCTGCCTGCGTCTTCACAA	held_out_family_or_not_in_training_pool
integrin	0.7	family	AAGCTACGCAACAACACCTTCCCTGCCTGCGTCTTCGCAA	held_out_family_or_not_in_training_pool
integrin	0.7	family	AAGCTTACGCAAAAAACCAAACCCTGCCTAGCTCATGTCAT	held_out_family_or_not_in_training_pool
integrin	0.7	family	AAGCTTACGCAAAAACCAAACCCTGCCTAGCTCATGTCAC	held_out_family_or_not_in_training_pool
integrin	0.7	family	AAGCTTACGCAAAAACCAAACCCTGCCTAGCTCATGTCAT	held_out_family_or_not_in_training_pool
integrin	0.7	family	AATACTAAAATCCAGCGGCGCACGCGATGACGGGAGAAAC	held_out_family_or_not_in_training_pool
integrin	0.7	family	AATCACCACAGCACATTACGTAAACATTCTATCCCCTACC	held_out_family_or_not_in_training_pool
integrin	0.7	family	AATCACCACAGCACATTACGTAAACGTTCTATCCCCTACC	held_out_family_or_not_in_training_pool
integrin	0.7	family	AATCAGCTACGCGGAAATCCCTCCTCGCCTGCGCTCTACG	held_out_family_or_not_in_training_pool
integrin	0.7	family	AATCCCTAGTTCGGCACATTACGTAACCTTCTCCTCGACC	held_out_family_or_not_in_training_pool
integrin	0.7	family	AATCCGACCGGCAGCACATTACGCGAACCACCTTCCCGCC	held_out_family_or_not_in_training_pool
integrin	0.7	family	AATGCAAAAATCCAGCGGCGCACGCGATGACGGGAGAAAC	held_out_family_or_not_in_training_pool
integrin	0.7	family	AATGCATAAATCCAGCGGCGCACGCGATGACGGGAGAAAC	held_out_family_or_not_in_training_pool
integrin	0.7	family	AATGCCAAAAATCCAGCGGCGCACGCGATGACGGGAGAAAC	held_out_family_or_not_in_training_pool
integrin	0.7	family	AATGCCAAAATCCAGCGGCGCACGCGATGACGGGAGAAAC	held_out_family_or_not_in_training_pool
integrin	0.7	family	AATGCCTAAATCCAGCGGCGCACGCGATGACGGGAGAAAC	held_out_family_or_not_in_training_pool
integrin	0.7	family	AATGCTAAAAAATCCAGCGGCGCACGCGATGACGGGAGAAAC	held_out_family_or_not_in_training_pool
integrin	0.7	family	AATGCTAAAAAATCCAGCGGCGCACGCGATGACGGGGAGAAAAC	held_out_family_or_not_in_training_pool
integrin	0.7	family	AATGCTAAAAACCAGCGGCGCACGCGATGACGGGAGAAAC	held_out_family_or_not_in_training_pool
integrin	0.7	family	AATGCTAAAAATCCAGCGGCGCACGCGATGACGGGAGAAAAC	held_out_family_or_not_in_training_pool
integrin	0.7	family	AATGCTAAAAATCCAGCGGCGCACGCGATGACGGGAGAAAC	held_out_family_or_not_in_training_pool
integrin	0.7	family	AATGCTAAAAATCCAGCGGCGCACGCGATGACGGGGAGAAAAC	held_out_family_or_not_in_training_pool
integrin	0.7	family	AATGCTAAAAATCCAGCGGCGCACGCGATGACGGGGAGAAAC	held_out_family_or_not_in_training_pool
integrin	0.7	family	AATGCTAAAAATCCGGCGGCGCACGCGATGACGGGAGAAAC	held_out_family_or_not_in_training_pool
integrin	0.7	family	AATGCTAAAAATCCGGCGGCGCACGCGATGACGGGGAGAAAC	held_out_family_or_not_in_training_pool
integrin	0.7	family	AATGCTAAAACCCAGCGGCGCACGCGATGACGGGAGAAAC	held_out_family_or_not_in_training_pool
integrin	0.7	family	AATGCTAAAATACCAGCGGCGCACGCGATGACGGGAGAAAC	held_out_family_or_not_in_training_pool
integrin	0.7	family	AATGCTAAAATCAAGCGGCGCACGCGATGACGGGAGAAAC	held_out_family_or_not_in_training_pool
integrin	0.7	family	AATGCTAAAATCAGCGGCGCACGCGATGACGGGAGAAAC	held_out_family_or_not_in_training_pool
integrin	0.7	family	AATGCTAAAATCCAACGGCGCACGCGATGACGGGAGAAAC	held_out_family_or_not_in_training_pool
integrin	0.7	family	AATGCTAAAATCCAAGCGGCGCACCAGCGATGACGGGAGAAAC	held_out_family_or_not_in_training_pool
integrin	0.7	family	AATGCTAAAATCCAAGCGGCGCACGCGATGACGGGAGAAAC	held_out_family_or_not_in_training_pool
integrin	0.7	family	AATGCTAAAATCCAGAGGCGCACGCGATGACGGGAGAAAC	held_out_family_or_not_in_training_pool
integrin	0.7	family	AATGCTAAAATCCAGCAGCGCACGCGATGACGGGAGAAAC	held_out_family_or_not_in_training_pool
integrin	0.7	family	AATGCTAAAATCCAGCAGGCGCACGCGATGACGGGAGAAAC	held_out_family_or_not_in_training_pool
integrin	0.7	family	AATGCTAAAATCCAGCGACGCACGCGATGACGGGAGAAAC	held_out_family_or_not_in_training_pool
integrin	0.7	family	AATGCTAAAATCCAGCGGAGCACGCGATGACGGGAGAAAC	held_out_family_or_not_in_training_pool
integrin	0.7	family	AATGCTAAAATCCAGCGGCACACGCGATGACGGGAGAAAC	held_out_family_or_not_in_training_pool
integrin	0.7	family	AATGCTAAAATCCAGCGGCGCAAGCGATGACGGGAGAAAC	held_out_family_or_not_in_training_pool
integrin	0.7	family	AATGCTAAAATCCAGCGGCGCACAGCGATGACGGGAGAAAC	held_out_family_or_not_in_training_pool
integrin	0.7	family	AATGCTAAAATCCAGCGGCGCACGCGAATCGACGGGAGAAAC	held_out_family_or_not_in_training_pool
integrin	0.7	family	AATGCTAAAATCCAGCGGCGCACGCGAATGACGGGAGAAAC	held_out_family_or_not_in_training_pool
integrin	0.7	family	AATGCTAAAATCCAGCGGCGCACGCGACGACGGGAGAAAC	held_out_family_or_not_in_training_pool
integrin	0.7	family	AATGCTAAAATCCAGCGGCGCACGCGATAACGGGAGAAAC	held_out_family_or_not_in_training_pool
integrin	0.7	family	AATGCTAAAATCCAGCGGCGCACGCGATGACGGGAAGAAAC	held_out_family_or_not_in_training_pool
integrin	0.7	family	AATGCTAAAATCCAGCGGCGCACGCGATGACGGGAGAAAAC	held_out_family_or_not_in_training_pool
integrin	0.7	family	AATGCTAAAATCCAGCGGCGCACGCGATGACGGGAGAAAC	held_out_family_or_not_in_training_pool
integrin	0.7	family	AATGCTAAAATCCAGCGGCGCACGCGATGACGGGAGAAAT	held_out_family_or_not_in_training_pool
integrin	0.7	family	AATGCTAAAATCCAGCGGCGCACGCGATGACGGGAGAAGC	held_out_family_or_not_in_training_pool
integrin	0.7	family	AATGCTAAAATCCAGCGGCGCACGCGATGACGGGAGACAC	held_out_family_or_not_in_training_pool
integrin	0.7	family	AATGCTAAAATCCAGCGGCGCACGCGATGACGGGAGAGAC	held_out_family_or_not_in_training_pool
integrin	0.7	family	AATGCTAAAATCCAGCGGCGCACGCGATGACGGGGAAGAAC	held_out_family_or_not_in_training_pool
integrin	0.7	family	AATGCTAAAATCCAGCGGCGCACGCGATGACGGGGAGAAAAC	held_out_family_or_not_in_training_pool
integrin	0.7	family	AATGCTAAAATCCAGCGGCGCACGCGATGACGGGGAGAAAC	held_out_family_or_not_in_training_pool
integrin	0.7	family	AATGCTAAAATCCAGCGGCGCACGCGATGACGGGGGGAAAC	held_out_family_or_not_in_training_pool
integrin	0.7	family	AATGCTAAAATCCAGCGGCGCACGCGATGGACGGGAGAAAC	held_out_family_or_not_in_training_pool
integrin	0.7	family	AATGCTAAAATCCAGCGGCGCACGCGATGGCGGGAGAAAC	held_out_family_or_not_in_training_pool
integrin	0.7	family	AATGCTAAAATCCAGCGGCGCACGCGATTGACGGGAGAAAC	held_out_family_or_not_in_training_pool
integrin	0.7	family	AATGCTAAAATCCAGCGGCGCACGCGGATGACGGGAGAAAC	held_out_family_or_not_in_training_pool
integrin	0.7	family	AATGCTAAAATCCAGCGGCGCACGCGGTGACGGGAGAAAC	held_out_family_or_not_in_training_pool
integrin	0.7	family	AATGCTAAAATCCAGCGGCGCACGTGATGACGGGAGAAAC	held_out_family_or_not_in_training_pool
integrin	0.7	family	AATGCTAAAATCCAGCGGCGCCACGCGATGACGGGAGAAAC	held_out_family_or_not_in_training_pool
integrin	0.7	family	AATGCTAAAATCCAGCGGCGCGCGCGATGACGGGAGAAAC	held_out_family_or_not_in_training_pool
integrin	0.7	family	AATGCTAAAATCCAGCGGTGCACGCGATGACGGGAGAAAC	held_out_family_or_not_in_training_pool
integrin	0.7	family	AATGCTAAAATCCAGTGGCGCACGCGATGACGGGAGAAAC	held_out_family_or_not_in_training_pool
integrin	0.7	family	AATGCTAAAATCCTGCGGCGCACGCGATGACGGGAGAAAC	held_out_family_or_not_in_training_pool
integrin	0.7	family	AATGCTAAAATCGAGCGGCGCACGCGATGACGGGAGAAAC	held_out_family_or_not_in_training_pool
integrin	0.7	family	AATGCTAAAATCTAGCGGCGCACGCGATGACGGGAGAAAC	held_out_family_or_not_in_training_pool
integrin	0.7	family	AATGCTAAAATTCAGCGGCGCACGCGATGACGGGAGAAAC	held_out_family_or_not_in_training_pool
integrin	0.7	family	AATGCTAAACTCAGCTGGCGCACGCGATGACGGGAGAAAC	held_out_family_or_not_in_training_pool
integrin	0.7	family	AATGCTAAACTCAGCTGGCGCACGCGATGACGGGAGAAC	held_out_family_or_not_in_training_pool
integrin	0.7	family	AATGCTAAACTCCAGCGGCGCACGCGAATGACGGGAGAAAC	held_out_family_or_not_in_training_pool
integrin	0.7	family	AATGCTAAACTCCAGCGGCGCACGCGATGACGGGAGAAAC	held_out_family_or_not_in_training_pool
integrin	0.7	family	AATGCTAAAGTCCACGGCGCACGCGATGACGGGAGAAAC	held_out_family_or_not_in_training_pool
integrin	0.7	family	AATGCTAAAGTCCAGCGGCGCACGCGATGACGGGAGAAAC	held_out_family_or_not_in_training_pool
integrin	0.7	family	AATGCTAAATACCAAGCGGCGCACGCGATGACGGGAGAAAC	held_out_family_or_not_in_training_pool
integrin	0.7	family	AATGCTAAATCAGCGGCGCACGCGATGACGGGAGAAAC	held_out_family_or_not_in_training_pool
integrin	0.7	family	AATGCTAAATCCAAGCGCGCACGCGATGACGGGAGAAAC	held_out_family_or_not_in_training_pool
integrin	0.7	family	AATGCTAAATCCAAGCGGCGCACGCGATGACGGGAGAAAC	held_out_family_or_not_in_training_pool
integrin	0.7	family	AATGCTAAATCCAGCAGGCGCACGCGATGACGGGAGAAAC	held_out_family_or_not_in_training_pool
integrin	0.7	family	AATGCTAAATCCAGCCGGCGCACGCGATGACGGGAGAAAC	held_out_family_or_not_in_training_pool
integrin	0.7	family	AATGCTAAATCCAGCGACGCACGCGATGACGGGAGAAAC	held_out_family_or_not_in_training_pool
integrin	0.7	family	AATGCTAAATCCAGCGGCCGCACGCGATGACGGGAGAAAC	held_out_family_or_not_in_training_pool
integrin	0.7	family	AATGCTAAATCCAGCGGCGACACGCGATGACGGGAGAAAC	held_out_family_or_not_in_training_pool
integrin	0.7	family	AATGCTAAATCCAGCGGCGCACAGCGATGACGGGAGAAAC	held_out_family_or_not_in_training_pool
integrin	0.7	family	AATGCTAAATCCAGCGGCGCACGCCGATGACGGGAGAAAC	held_out_family_or_not_in_training_pool
integrin	0.7	family	AATGCTAAATCCAGCGGCGCACGCGAATGACGGGAGAAAC	held_out_family_or_not_in_training_pool
integrin	0.7	family	AATGCTAAATCCAGCGGCGCACGCGATGAACGGGAGAAAC	held_out_family_or_not_in_training_pool
integrin	0.7	family	AATGCTAAATCCAGCGGCGCACGCGATGACCGGGAGAAAC	held_out_family_or_not_in_training_pool
integrin	0.7	family	AATGCTAAATCCAGCGGCGCACGCGATGACGGGAGAAAC	held_out_family_or_not_in_training_pool
integrin	0.7	family	AATGCTAAATCCAGCGGCGCACGCGATGACGGGAGAAACC	held_out_family_or_not_in_training_pool
integrin	0.7	family	AATGCTAAATCCAGCGGCGCACTGCGATGACGGGAGAAAC	held_out_family_or_not_in_training_pool
integrin	0.7	family	AATGCTAAATCCAGCGGCGCCACGCGATGACGGGAGAAAC	held_out_family_or_not_in_training_pool
integrin	0.7	family	AATGCTAAATCCAGCTGGCGCACGCGATGACGGGAGAAAC	held_out_family_or_not_in_training_pool
integrin	0.7	family	AATGCTAAATTCAGCGGCGCACGCGATGACGGGAGAAAC	held_out_family_or_not_in_training_pool
integrin	0.7	family	AATGCTGAAATCCAGCGGCGCACGCGATGACGGGAGAAAC	held_out_family_or_not_in_training_pool
integrin	0.7	family	AATTCACGAGCTACGCAACACTCGACCTGCCTGCTCGGCT	held_out_family_or_not_in_training_pool
integrin	0.7	family	ACAAATATGCAACATGTTACGCCAAAAAGTTCCCGGCCTA	held_out_family_or_not_in_training_pool
integrin	0.7	family	ACAAATATGCAACATGTTACGCCAAAAGTTCCCCGGCCTA	held_out_family_or_not_in_training_pool
integrin	0.7	family	ACAAATATGCAACATGTTACGCCAAAAGTTCCCGGCCTA	held_out_family_or_not_in_training_pool
integrin	0.7	family	ACAACTAGCTACGCGAAACCTCACCCCGCCTGCGTAAAG	held_out_family_or_not_in_training_pool
integrin	0.7	family	ACAACTGGTCCGCACATTACGTAAACAAGCCGCCCCTACC	held_out_family_or_not_in_training_pool
integrin	0.7	family	ACAAGTTGTCACTAATTACGCCACCATCTCCCGGCCTAT	held_out_family_or_not_in_training_pool
integrin	0.7	family	ACAATCCTGCACGTACTACGCGAAAACTGTCCCCCGCCTG	held_out_family_or_not_in_training_pool
integrin	0.7	family	ACACACCGGTTACGCAAAAAACCATCCCTGCCTATCGGA	held_out_family_or_not_in_training_pool
integrin	0.7	family	ACACACCGGTTACGCAAAAAACCCATCCCTGCCTATCGGA	held_out_family_or_not_in_training_pool
integrin	0.7	family	ACACACCGGTTACGCAAAAACCATCCCTGCCTATCGGA	held_out_family_or_not_in_training_pool
integrin	0.7	family	ACACACCGGTTACGCAAAAACCCATCCCTGCCTATCGGA	held_out_family_or_not_in_training_pool
integrin	0.7	family	ACACATAACACGCCTTTGGAGCGATACCTCCATCAACGAC	held_out_family_or_not_in_training_pool
integrin	0.7	family	ACACATAACACGCCTTTGGAGCGATACCTCCATCAACGAG	held_out_family_or_not_in_training_pool
integrin	0.7	family	ACACATAACACGCCTTTGGGGCGATACCTCCATCAACGAT	held_out_family_or_not_in_training_pool
integrin	0.7	family	ACACCTTTGACACAGAATACGCTAAAAAGCCTCCCAGCCTT	held_out_family_or_not_in_training_pool
integrin	0.7	family	ACACCTTTGACACAGAATACGCTAAAAGCCTCCCAGCCTT	held_out_family_or_not_in_training_pool
integrin	0.7	family	ACAGCGCGCCTAAGATACGCGAAAGATTTCCCCGCCTTCT	held_out_family_or_not_in_training_pool
integrin	0.7	family	ACAGGATCGAAAAGCACATTACGCCAGAGCTCTCCCGGCC	held_out_family_or_not_in_training_pool
integrin	0.7	family	ACATACGCCAGCGCTGCCCCCGGCCTTGTCTTCATGCCTA	held_out_family_or_not_in_training_pool
integrin	0.7	family	ACATCCGTCCTCTACAGACGCACGCGACAACGGGAGCTAC	held_out_family_or_not_in_training_pool
integrin	0.7	family	ACCAATAACCGTTCACATTACGCATCAATCAACCCTGCC	held_out_family_or_not_in_training_pool
integrin	0.7	family	ACCACACAGCCTACGCGAAAAAACCATCCCCGCCTGGCACG	held_out_family_or_not_in_training_pool
integrin	0.7	family	ACCACATGTCTACGCTTAACTCCACCCAGCCTGGCATAAC	held_out_family_or_not_in_training_pool
integrin	0.7	family	ACCACCGAGGCGAAATGACGCACGCGACTACGGGAGCTAC	held_out_family_or_not_in_training_pool
integrin	0.7	family	ACCACCGAGGCGAAATGACGCACGCGACTACGGGGAGCTAC	held_out_family_or_not_in_training_pool
integrin	0.7	family	ACCACTACCTTCATATTACGCCAAACCATCCCCCGGCCTA	held_out_family_or_not_in_training_pool
integrin	0.7	family	ACCCATGAAGATTACGCAAAAAGCCCTCCCTGCCTATCGAA	held_out_family_or_not_in_training_pool
integrin	0.7	family	ACCCATGAAGATTACGCAAAAGCCCTCCCTGCCTATCGAA	held_out_family_or_not_in_training_pool
integrin	0.7	family	ACCCCACACGACGCACCTTACGCAACTAACTCCTCCTGCC	held_out_family_or_not_in_training_pool
integrin	0.7	family	ACCCCTTCGGCCACTTAATACGTATCAACGAACCTACCTT	held_out_family_or_not_in_training_pool
integrin	0.7	family	ACCCGATCACTTTAACTACGCTAAACTTCCCCCAGCCTGT	held_out_family_or_not_in_training_pool
integrin	0.7	family	ACCCGATCGCATTTAACTACGCTAAACTTCCCCCAGCCTGT	held_out_family_or_not_in_training_pool
integrin	0.7	family	ACCGAACCCGAGCGTCATTACGCCAAAATCCACCCCGGCC	held_out_family_or_not_in_training_pool
integrin	0.7	family	ACCGACCTACGCAAAACGCATCCCCTGCCTGGCCGGCGAT	held_out_family_or_not_in_training_pool
integrin	0.7	family	ACCGCATATACGCAAAACAACCCCCTGCCTTATGAACATG	held_out_family_or_not_in_training_pool
integrin	0.7	family	ACCGCTACGCGAATATCGTCCCCCGCCTGCGGTACTATGA	held_out_family_or_not_in_training_pool
integrin	0.7	family	ACCGGCGCTACGCGAAAAACAGCCCCGCCTGCGCCAAGCT	held_out_family_or_not_in_training_pool
integrin	0.7	family	ACCTACGCAAAATTCCTTCCCCTGCCTGGATTTCTAGCTA	held_out_family_or_not_in_training_pool
integrin	0.7	family	ACCTACTACGTCATTTGGCGCACGCGAATACGGGAGAACAC	held_out_family_or_not_in_training_pool
integrin	0.7	family	ACCTAGTTCTTGCACATTACGCGAAAACCAATTCCCCGCC	held_out_family_or_not_in_training_pool
integrin	0.7	family	ACCTAGTTCTTGTACATTACGCGAAAAACCAATTCCCCGCC	held_out_family_or_not_in_training_pool
integrin	0.7	family	ACCTAGTTCTTGTACATTACGCGAAAACCAATTCCCCGCC	held_out_family_or_not_in_training_pool
integrin	0.7	family	ACCTAGTTCTTGTACATTACGCGAAAACCGATTCCCCGCC	held_out_family_or_not_in_training_pool
integrin	0.7	family	ACCTCACCACGCACTGCTACGCGAGAATCGACCCCGCCTG	held_out_family_or_not_in_training_pool
integrin	0.7	family	ACCTCCTAGTCCATTTTGGCGCACGCGAATACGGGAGACAC	held_out_family_or_not_in_training_pool
integrin	0.7	family	ACCTGATCGCATTTAACTACGCTAAACTTCCCCCAGCCTGT	held_out_family_or_not_in_training_pool
integrin	0.7	family	ACGCCTACGCCACAAGTACTCCGGCCTGGCAACCACCTTT	held_out_family_or_not_in_training_pool
integrin	0.7	family	ACGCCTACGTAACCCGTTTTCTCTACCTGGCGCCTAGTGC	held_out_family_or_not_in_training_pool
integrin	0.7	family	ACGCCTGGCATACGCGTAACTCGACCCCGCCTTGCCAGCA	held_out_family_or_not_in_training_pool
integrin	0.7	family	ACGTACTACGCCACACTCGACCCGGCCTGGCGACTTCTAA	held_out_family_or_not_in_training_pool
integrin	0.7	family	ACGTACTACGCCACACTCGACCGGCCTGGCGACTTCTAA	held_out_family_or_not_in_training_pool
integrin	0.7	family	ACGTCCTTGCTTTGCACATTACGCCAAACACCTTCCGGCC	held_out_family_or_not_in_training_pool
integrin	0.7	family	ACGTGTTACGCAAAACGACGCCCTGCCTGCACGCGACATG	held_out_family_or_not_in_training_pool
integrin	0.7	family	ACGTTACGCCAAAAAGCCTCCCCGGCCTGCGTCCAACCTTG	held_out_family_or_not_in_training_pool
integrin	0.7	family	ACGTTACGCCAAAAGCCTCCCCGGCCTGCGTCCAACCTTG	held_out_family_or_not_in_training_pool
integrin	0.7	family	ACGTTGCCGGTAGTCTACGCGACTTGCCTCCCCGCCTGAC	held_out_family_or_not_in_training_pool
integrin	0.7	family	ACTAACTCTACGCAACTAACTCCCTGCCTGATTAGACACG	held_out_family_or_not_in_training_pool
integrin	0.7	family	ACTAATATGCAACATGTTACGCCAAAAGTTCCCCGGCCTA	held_out_family_or_not_in_training_pool
integrin	0.7	family	ACTACCATAGCACATGCTACGCGACAAATCCCTCCGCCTG	held_out_family_or_not_in_training_pool
integrin	0.7	family	ACTACGCAAAACACGTCCCTGCCTGTCTTCCGCCGCTTAA	held_out_family_or_not_in_training_pool
integrin	0.7	family	ACTACGCAAAACGCATCCCTGCCTGTCTTCCGCCGCTTAA	held_out_family_or_not_in_training_pool
integrin	0.7	family	ACTACGCAAAACGCGTCCCTGCCTGTCTTCCGCCGCTTAA	held_out_family_or_not_in_training_pool
integrin	0.7	family	ACTACGCAAAACGCGTCCCTGCCTGTCTTCCGCCGCTTAG	held_out_family_or_not_in_training_pool
integrin	0.7	family	ACTACGCAAAACGTGTCCCTGCCTGTCTTCCGCCGCTTAA	held_out_family_or_not_in_training_pool
integrin	0.7	family	ACTACGCAACTCATACCCCTGCCTGTCAAGGTCGACCACG	held_out_family_or_not_in_training_pool
integrin	0.7	family	ACTACGCCAAACACGCCCCGGCCTGTCACTGGCTTCCGCA	held_out_family_or_not_in_training_pool
integrin	0.7	family	ACTACGCGAAAAAATCTACCCCGCCTGTCGACTGCTCATAG	held_out_family_or_not_in_training_pool
integrin	0.7	family	ACTACGTGAAAACTACTTCCCCACCTGTCTGTCTGACCTC	held_out_family_or_not_in_training_pool
integrin	0.7	family	ACTATATCCGCCGTACTACGCATCTTTTTCTTCCTGCCTG	held_out_family_or_not_in_training_pool
integrin	0.7	family	ACTATATCCGCCGTACTACGCATCTTTTTTCTTCCTGCCTG	held_out_family_or_not_in_training_pool
integrin	0.7	family	ACTCACTATCACGCTCATTACGCAACTCCTCGCCCTGCC	held_out_family_or_not_in_training_pool
integrin	0.7	family	ACTCTGACACACGCAACATTACGCGAACCTCTCGCCCGCC	held_out_family_or_not_in_training_pool
integrin	0.7	family	ACTTATTCAGCCTACGTGAAACTATTCCCCACCTGGCTAT	held_out_family_or_not_in_training_pool
integrin	0.7	family	ACTTCCCTCGCCATAGTACGCCAAAAACTCCCTTGCCTC	held_out_family_or_not_in_training_pool
integrin	0.7	family	AGAACCTTCTTGCCGTACTACGCAATATTTCTCACCTGCCTG	held_out_family_or_not_in_training_pool
integrin	0.7	family	AGAACCTTCTTGCCGTACTACGCAATTTCTCACCTGCCTG	held_out_family_or_not_in_training_pool
integrin	0.7	family	AGACGTTACCCGTGCACATTACGCGAATGTACTTCCCGCC	held_out_family_or_not_in_training_pool
integrin	0.7	family	AGACTACGTAAACCGTACTCCCTACCTGTCTCCAACGCGT	held_out_family_or_not_in_training_pool
integrin	0.7	family	AGAGCAGATACGCATTACGCTCTCCCTGCCTTCTGCCATA	held_out_family_or_not_in_training_pool
integrin	0.7	family	AGAGCTACGCAACAAACAAGCCCCTGCCTGCTCCAGGATT	held_out_family_or_not_in_training_pool
integrin	0.7	family	AGAGTCGCACGGCAATAGCGCACGCGAATACGGGAGACAC	held_out_family_or_not_in_training_pool
integrin	0.7	family	AGATACGCCAAAAGACTTCCCGGCCTTCGCCTCTCCGCAG	held_out_family_or_not_in_training_pool
integrin	0.7	family	AGCAAAGTACGCGAAAATCTTCCCCGCCTCTTGTTGGCATC	held_out_family_or_not_in_training_pool
integrin	0.7	family	AGCAAGTACGCGAAAAATCTTCCCCGCCTCTTGTTAGCATC	held_out_family_or_not_in_training_pool
integrin	0.7	family	AGCAAGTACGCGAAAAATCTTCCCCGCCTCTTGTTGGCATC	held_out_family_or_not_in_training_pool
integrin	0.7	family	AGCAAGTACGCGAAAATCATCCCGCCTCTTGTTAGCATC	held_out_family_or_not_in_training_pool
integrin	0.7	family	AGCAAGTACGCGAAAATCTTCCCCGCCCTCTTGTTGGCATC	held_out_family_or_not_in_training_pool
integrin	0.7	family	AGCAAGTACGCGAAAATCTTCCCCGCCTCTCGTTGGCATC	held_out_family_or_not_in_training_pool
integrin	0.7	family	AGCAAGTACGCGAAAATCTTCCCCGCCTCTTGCTGGCATC	held_out_family_or_not_in_training_pool
integrin	0.7	family	AGCAAGTACGCGAAAATCTTCCCCGCCTCTTGTTAGCATC	held_out_family_or_not_in_training_pool
integrin	0.7	family	AGCAAGTACGCGAAAATCTTCCCCGCCTCTTGTTGGACATC	held_out_family_or_not_in_training_pool
integrin	0.7	family	AGCAAGTACGCGAAAATCTTCCCCGCCTCTTGTTGGCATT	held_out_family_or_not_in_training_pool
integrin	0.7	family	AGCAAGTACGCGAAAATCTTCCCGCCTCTTGTTGGCATC	held_out_family_or_not_in_training_pool
integrin	0.7	family	AGCACTACGCTACAATCAACCAGCCTGAGCTCTAGAGGA	held_out_family_or_not_in_training_pool
integrin	0.7	family	AGCACTACGCTACAATCAACCCAGCCTGAGCTCTAGAGGA	held_out_family_or_not_in_training_pool
integrin	0.7	family	AGCCCATGCCCGCATCACATTACGTTAAATCAACCAACC	held_out_family_or_not_in_training_pool
integrin	0.7	family	AGCCCATTGCCGCTACTACGCCAACCTTCCTCCCGGCCTG	held_out_family_or_not_in_training_pool
integrin	0.7	family	AGCCCTACGCCAAGCAGATTTCCCGGCCTGGGCTGACACG	held_out_family_or_not_in_training_pool
integrin	0.7	family	AGCCGGTTACGCGACTCTCCACCCGCCTACCGCGCTATCT	held_out_family_or_not_in_training_pool
integrin	0.7	family	AGCCTACGCGAAAATCTGCCTCGCCTCGCTCGAAACACAC	held_out_family_or_not_in_training_pool
integrin	0.7	family	AGCCTACGCTACGAATGAACCCCAGCCTGGCTCCTATTGC	held_out_family_or_not_in_training_pool
integrin	0.7	family	AGCCTTCCCCAGTGCCATTACGTAACTGTCAACCTCTACC	held_out_family_or_not_in_training_pool
integrin	0.7	family	AGCGAATCGAAAACTACGCAAAACGAAACCCCTGCCTGTT	held_out_family_or_not_in_training_pool
integrin	0.7	family	AGCGACCTACGCTTACTATCAATAGCCTGGCGCTTAAGTG	held_out_family_or_not_in_training_pool
integrin	0.7	family	AGCGACTAAAACGCAGAGAAATCGTCTCCCTGAGGTTCCGA	held_out_family_or_not_in_training_pool
integrin	0.7	family	AGCGACTAAACGCAGAGAAAATCGTCTCCCTGAGGTTCCGA	held_out_family_or_not_in_training_pool
integrin	0.7	family	AGCGATACGCCAAACATCTCCCGGCCTTCGCCTTGTGCT	held_out_family_or_not_in_training_pool
integrin	0.7	family	AGCGTTACGCCAAAACGCCTCCGGCCTACGCTCCGCTACC	held_out_family_or_not_in_training_pool
integrin	0.7	family	AGCTACGCAAAAACAGGCCCCTGCCTGCATCAGTACCACG	held_out_family_or_not_in_training_pool
integrin	0.7	family	AGCTACGCAAAACAGGCCCCTGCCTGCATCAGTACCACG	held_out_family_or_not_in_training_pool
integrin	0.7	family	AGCTACGCAAAACAGGCCCTGCCTGCATCACGTACCACG	held_out_family_or_not_in_training_pool
integrin	0.7	family	AGCTACGCCAAAAAGACCTCCCGGCCTGCTCACTATCATCG	held_out_family_or_not_in_training_pool
integrin	0.7	family	AGCTACGCCAAAAGACCTCCCGGCCTGCTCACTATCATCG	held_out_family_or_not_in_training_pool
integrin	0.7	family	AGCTACGCGAAAAAACTCCGCCCGCCTGCTCCGCGGCCTAG	held_out_family_or_not_in_training_pool
integrin	0.7	family	AGCTACGCTAAAAAATCTCCTAGCCTGCTCAAATAACGCCG	held_out_family_or_not_in_training_pool
integrin	0.7	family	AGCTACGCTAAAAATCTCCTAGCCTGCTCAAATAACGCCG	held_out_family_or_not_in_training_pool
integrin	0.7	family	AGCTTGATTACGCGAAACTATAACCCCGCCTATCGAGCCA	held_out_family_or_not_in_training_pool
integrin	0.7	family	AGGAAGCTACGCAAAACATTTCCCCTGCCTGTGTTTCTA	held_out_family_or_not_in_training_pool
integrin	0.7	family	AGGCCATCAAATTCTTACGCAACTGCCTTCCTGCCTAGAA	held_out_family_or_not_in_training_pool
integrin	0.7	family	AGGTAACGAGACTACGCAACACTACCCTCTGCCTGTCTCC	held_out_family_or_not_in_training_pool
integrin	0.7	family	AGGTAACGAGACTACGCAACACTACCCTCTGCCTGTCTCT	held_out_family_or_not_in_training_pool
integrin	0.7	family	AGGTAAGCACATAACCTACGCCAAACGCTCTCCGGCCTGA	held_out_family_or_not_in_training_pool
integrin	0.7	family	AGTAACCACGACCAGTGCAGCACGCGACCACGGGAGATAC	held_out_family_or_not_in_training_pool
integrin	0.7	family	AGTAACTACGCGACCTAACCCCCCGCCTGTTTCTCTCATG	held_out_family_or_not_in_training_pool
integrin	0.7	family	AGTAACTACGCGACCTAACCCCCGCCTGTTTCTCTCATG	held_out_family_or_not_in_training_pool
integrin	0.7	family	AGTAACTACGCGACTAACCCCCCGCCCTGTTTCTCTCATG	held_out_family_or_not_in_training_pool
integrin	0.7	family	AGTAACTACGCGACTAACCCCCGCCTGTTTCTCTCATG	held_out_family_or_not_in_training_pool
integrin	0.7	family	AGTATGGTTCTACGCCAACCGGCCCCCGGCCTGAATCAGA	held_out_family_or_not_in_training_pool
integrin	0.7	family	AGTATGGTTCTACGCCAACCGGCCCCGGCCTGAATCAGA	held_out_family_or_not_in_training_pool
integrin	0.7	family	AGTGCATACGCCAAAAAGTACTTCCGGCCTTGCTAACCTTG	held_out_family_or_not_in_training_pool
integrin	0.7	family	AGTGCATACGCCAAAAAGTACTTCCGGCCTTGCTAACCTTT	held_out_family_or_not_in_training_pool
integrin	0.7	family	AGTGCATACGCCAAAAGTACTCCCGGCCTTGCTAACCTTG	held_out_family_or_not_in_training_pool
integrin	0.7	family	AGTGCATACGCCAAAAGTACTTCCGGCCTTGCTAAACCTTT	held_out_family_or_not_in_training_pool
integrin	0.7	family	AGTGCATACGCCAAAAGTACTTCCGGCCTTGCTAACCATT	held_out_family_or_not_in_training_pool
integrin	0.7	family	AGTGCATACGCCAAAAGTACTTCCGGCCTTGCTAACCTTA	held_out_family_or_not_in_training_pool
integrin	0.7	family	AGTGCATACGCCAAAAGTACTTCCGGCCTTGCTAACCTTC	held_out_family_or_not_in_training_pool
integrin	0.7	family	AGTGCATACGCCAAAAGTACTTCCGGCCTTGCTAACCTTG	held_out_family_or_not_in_training_pool
integrin	0.7	family	AGTGCATACGCCAAAAGTACTTCCGGCCTTGCTAACCTTT	held_out_family_or_not_in_training_pool
integrin	0.7	family	AGTGCATACGCCAAAAGTACTTCCGGCCTTGCTAACCTTTT	held_out_family_or_not_in_training_pool
integrin	0.7	family	AGTGCATACGCCAAAAGTGCTTCCGGCCTTGCTAACCTTT	held_out_family_or_not_in_training_pool
integrin	0.7	family	AGTGCATACGCCAAAGTACTTCCGGCCTTGCTAACCTTT	held_out_family_or_not_in_training_pool
integrin	0.7	family	AGTGCATACGCCAGAAGTACTTCCGGCCTTGCTAACCTTT	held_out_family_or_not_in_training_pool
integrin	0.7	family	AGTGCATACGTCCAAAAGTACTTCCGGCCTTGCTAACCTTT	held_out_family_or_not_in_training_pool
integrin	0.7	family	AGTGCTAAAATCCAGCGGCGCACGCGATGACGGGAGAAAC	held_out_family_or_not_in_training_pool
integrin	0.7	family	AGTGGAATGCACATTTTACGCGAACCGAGCCCCCCGCCTC	held_out_family_or_not_in_training_pool
integrin	0.7	family	AGTGTTTACGCCAAAAAACTATCCCGGCCTACACTCCGATG	held_out_family_or_not_in_training_pool
integrin	0.7	family	AGTGTTTACGCCAAAAACTATCCCGGCCTACACTCCGATG	held_out_family_or_not_in_training_pool
integrin	0.7	family	AGTGTTTACGCCAAAAGCTATCCCGGCCTACACTCCGATG	held_out_family_or_not_in_training_pool
integrin	0.7	family	AGTTCTTCGACCTGCACATTACGAAAAAACTTCCTCTTCC	held_out_family_or_not_in_training_pool
integrin	0.7	family	ATAACTCCACGGACGAACATTACGCAAAATCGAACCTGCC	held_out_family_or_not_in_training_pool
integrin	0.7	family	ATAATCCCATCAGGCACATTACGCAGACGCTTTGGCAGCC	held_out_family_or_not_in_training_pool
integrin	0.7	family	ATACAACATGACGACCTACGCCACTGTTCTTCCGGCCTGG	held_out_family_or_not_in_training_pool
integrin	0.7	family	ATACCACATGACAACCTACGCCACTGTTCTTCCGGCCTGG	held_out_family_or_not_in_training_pool
integrin	0.7	family	ATACCACATGACGACCTACGCCACTGTTCTTCCGGCCTGG	held_out_family_or_not_in_training_pool
integrin	0.7	family	ATACGTCAAACCACCCTCGACCTTCTTCTTACTAAACCTA	held_out_family_or_not_in_training_pool
integrin	0.7	family	ATCAAACGACCGCGCCACATTACGTCACTTCTTCCCGACC	held_out_family_or_not_in_training_pool
integrin	0.7	family	ATCACTACGCAAACGGTATTCCCTGCCTGTGGTCCAACAA	held_out_family_or_not_in_training_pool
integrin	0.7	family	ATCCAATGAACTACGCCAAATCCTCCCGGCCTGTTTCGGT	held_out_family_or_not_in_training_pool
integrin	0.7	family	ATCCCCACAGCACTAGTACGCATAACGTCCTCCCTGCCTC	held_out_family_or_not_in_training_pool
integrin	0.7	family	ATCCCCGCCGTATGTTACGCAAAACAATCCCCTGCCTCCA	held_out_family_or_not_in_training_pool
integrin	0.7	family	ATCCCGAACCTAGACACATTACGTAAAAACTTCCACCTAC	held_out_family_or_not_in_training_pool
integrin	0.7	family	ATCCCGAACCTAGACACATTACGTAAAACTTCCACCTAC	held_out_family_or_not_in_training_pool
integrin	0.7	family	ATCCCGAACCTAGACACATTACGTAAAACTTCCACCTACC	held_out_family_or_not_in_training_pool
integrin	0.7	family	ATCCCGGGATTACGCGACTTCTCTCCCCGCCTGTCCCACT	held_out_family_or_not_in_training_pool
integrin	0.7	family	ATCCGAGCTACGCCTATTCCTTCCCGGCCTGCTCGGCTAG	held_out_family_or_not_in_training_pool
integrin	0.7	family	ATCCTTAGCCACCGTCTCACATTACGCTAAATCTCGTACCAGC	held_out_family_or_not_in_training_pool
integrin	0.7	family	ATCCTTTGTAACTACCATTACGCGACTGACCCTCCCCGCC	held_out_family_or_not_in_training_pool
integrin	0.7	family	ATCGAACCGACTGCTCACATTACGCGAACATTTCCCCGCC	held_out_family_or_not_in_training_pool
integrin	0.7	family	ATCGCACAGGTCTACGCAAAACTGCTTATCCTGCCTGAC	held_out_family_or_not_in_training_pool
integrin	0.7	family	ATCTAAACTCCGTACCCAGCGCACGCGACGACGGGAGTAAC	held_out_family_or_not_in_training_pool
integrin	0.7	family	ATCTACAGCTACGTCAAAACTTCCTCCGACCTGCAAAAGA	held_out_family_or_not_in_training_pool
integrin	0.7	family	ATCTATACAGCGACGCATTACGCGAAAACACGCCCCCGCC	held_out_family_or_not_in_training_pool
integrin	0.7	family	ATCTCCTAGTCCATTTTGGCGCACGCGAATACGGGAGACAC	held_out_family_or_not_in_training_pool
integrin	0.7	family	ATCTTGCCATTGTGCACATTACGCTAACACCACCTCAGCC	held_out_family_or_not_in_training_pool
integrin	0.7	family	ATGCCAACCGGTGCACATTACGCGAGCATTGTCCCCCGCC	held_out_family_or_not_in_training_pool
integrin	0.7	family	ATGCCCTGGTACGCGACAATCTTCCCCGCCTCTAGGGCAG	held_out_family_or_not_in_training_pool
integrin	0.7	family	ATGCCTACGCAAAACAGGCCCCTGCCTGCATCAGTACCACG	held_out_family_or_not_in_training_pool
integrin	0.7	family	ATGCTAAACTCAGCTGGCGCACGCGATGACGGGAGAAAC	held_out_family_or_not_in_training_pool
integrin	0.7	family	ATGCTACGCAAAAAACAGGCCCCTGCCTGCATCAGTACCACG	held_out_family_or_not_in_training_pool
integrin	0.7	family	ATGCTACGCAAAAACAGGCCCCTGCCTGCATCAGTACCACG	held_out_family_or_not_in_training_pool
integrin	0.7	family	ATGCTACGCAAAACAGGCCCCTGCCTGCAATCAGTACCACG	held_out_family_or_not_in_training_pool
integrin	0.7	family	ATGCTACGCAAAACAGGCCCCTGCCTGCACTCAGTACCACG	held_out_family_or_not_in_training_pool
integrin	0.7	family	ATGCTACGCAAAACAGGCCCCTGCCTGCATCACGTACCACG	held_out_family_or_not_in_training_pool
integrin	0.7	family	ATGCTACGCAAAACAGGCCCCTGCCTGCATCAGTACCACG	held_out_family_or_not_in_training_pool
integrin	0.7	family	ATGCTACGCAAAACAGGCCCCTGCCTGCATCGGTACCACG	held_out_family_or_not_in_training_pool
integrin	0.7	family	ATGCTACGCAAAACAGGCCCTGCCTGCATCAGTACCACG	held_out_family_or_not_in_training_pool
integrin	0.7	family	ATGCTACGCAAAACATGGCCCCTGCCTGCAATCAGGTACCACG	held_out_family_or_not_in_training_pool
integrin	0.7	family	ATGCTACGCAAAACGGGCCCCTGCCTGCATCAGTACCACG	held_out_family_or_not_in_training_pool
integrin	0.7	family	ATGCTACGCAAACAGGCCCCTGCCTGCATCAGTACCACG	held_out_family_or_not_in_training_pool
integrin	0.7	family	ATGCTACGCAAAGCAGGCCCCTGCCTGCATCAGTACCACG	held_out_family_or_not_in_training_pool
integrin	0.7	family	ATGGACCTCTACGCAACAGTGTCTTCCTGCCTGAGGTCAG	held_out_family_or_not_in_training_pool
integrin	0.7	family	ATGTAAGAGACCTCATGCGTCACGCGATGACGGGAGACAC	held_out_family_or_not_in_training_pool
integrin	0.7	family	ATTACCGCTACGCCAAGACCTCTCCGGCCTGCCGACATG	held_out_family_or_not_in_training_pool
integrin	0.7	family	ATTACGCAACCTTTGCCCCTGCCTGTCTTCGCCGCGCACT	held_out_family_or_not_in_training_pool
integrin	0.7	family	ATTACGCAATCAGCTTCCCCTGCCTATCTTCTTCTCATTA	held_out_family_or_not_in_training_pool
integrin	0.7	family	ATTATATCCGCCGTACTACGCATCTTTTTCTTCCTGCCTG	held_out_family_or_not_in_training_pool
integrin	0.7	family	ATTCATCACAGCGTATCATTACGTCACCCAACACCCGACC	held_out_family_or_not_in_training_pool
integrin	0.7	family	ATTCCAGAGAGCGACACATTACGCGAAACACTCGCCCGCC	held_out_family_or_not_in_training_pool
integrin	0.7	family	ATTCGTATCTTAGTCCTACGCAACTCACTCCCTGCCTGGC	held_out_family_or_not_in_training_pool
integrin	0.7	family	ATTGATACGCTAAAAGAGCTCTCCAGCCTTCAATCGGCCGC	held_out_family_or_not_in_training_pool
integrin	0.7	family	ATTGATACGCTAAAAGAGCTCTCCAGCCTTCAATCGGGCCGC	held_out_family_or_not_in_training_pool
integrin	0.7	family	ATTGATACGCTAAAGAGCTCTCCAAGCCTTCAATCGGCCGC	held_out_family_or_not_in_training_pool
integrin	0.7	family	ATTGATACGCTAAAGAGCTCTCCAGCCTCAATCGGCGC	held_out_family_or_not_in_training_pool
integrin	0.7	family	ATTGATACGCTAAAGAGCTCTCCAGCCTTCAATCAGCGC	held_out_family_or_not_in_training_pool
integrin	0.7	family	ATTGATACGCTAAAGAGCTCTCCAGCCTTCAATCGGCAC	held_out_family_or_not_in_training_pool
integrin	0.7	family	ATTGATACGCTAAAGAGCTCTCCAGCCTTCAATCGGCCGC	held_out_family_or_not_in_training_pool
integrin	0.7	family	ATTGATACGCTAAAGAGCTCTCCAGCCTTCAATCGGCGC	held_out_family_or_not_in_training_pool
integrin	0.7	family	ATTGATACGCTAAAGGGCTCTCCAGCCTTCAATCGGCCGC	held_out_family_or_not_in_training_pool
integrin	0.7	family	CAAAAGAGCGCACAGTACTACGCGACACTCCTCTCCGCCTG	held_out_family_or_not_in_training_pool
integrin	0.7	family	CAAACCCGCCCCACCACGACGCGCACGCGATTACGGGGAGCAAC	held_out_family_or_not_in_training_pool
integrin	0.7	family	CAAAGAATCTACGCCAAACAGTCCCGGCCTGATTTTCACA	held_out_family_or_not_in_training_pool
integrin	0.7	family	CAAAGACGCACCATAACTACGCAAGAGTTCTCTCTGCCTGA	held_out_family_or_not_in_training_pool
integrin	0.7	family	CAAAGAGCGCACAGTACTACGCGACACTCCTCTCCGCCTG	held_out_family_or_not_in_training_pool
integrin	0.7	family	CAAAGCTCAAGCGCCACATTACGCGAACCGTTCCCCCGCC	held_out_family_or_not_in_training_pool
integrin	0.7	family	CAACCACCCACCACGACGCGCACGCGATTACGGGAGCAAC	held_out_family_or_not_in_training_pool
integrin	0.7	family	CAACCCATTGTTACGCCAAATTCTCTCCGGCCTACAACGA	held_out_family_or_not_in_training_pool
integrin	0.7	family	CAACCCGCCCCACCACGACGCGCACGCGATTACGGGGAGCAAC	held_out_family_or_not_in_training_pool
integrin	0.7	family	CAACCGCCCACCACAACGCGCACGCGATTACGGGAGCAAC	held_out_family_or_not_in_training_pool
integrin	0.7	family	CAACCGCCCACCACGACGCGCACGCGATTACGGGAGCAAC	held_out_family_or_not_in_training_pool
integrin	0.7	family	CAACCGCCCACCACGACGCGCACGCGATTACGGGGAGCAAC	held_out_family_or_not_in_training_pool
integrin	0.7	family	CAACCGCCCACCACGACGCGCACGCGATTACGGGGGCAAC	held_out_family_or_not_in_training_pool
integrin	0.7	family	CAACCGCCCCACCACGACGCGCACGCGATTACGGGGAGCAAC	held_out_family_or_not_in_training_pool
integrin	0.7	family	CAACCTACGCGAAACACTACCCCCGCCTGGTTGCTCATGT	held_out_family_or_not_in_training_pool
integrin	0.7	family	CAACCTACGCGAAACACTACCCTCGCCTGGTTGCTCATGT	held_out_family_or_not_in_training_pool
integrin	0.7	family	CAACCTACGCGAAACACTACCTCGCCTGGTTGCTCATGC	held_out_family_or_not_in_training_pool
integrin	0.7	family	CAACCTACTCTAGCGGCGCACGCGACAACGGGAGAAAC	held_out_family_or_not_in_training_pool
integrin	0.7	family	CAAGAATCTACGCCAAACAGTCCCGGCCTGATTTCACA	held_out_family_or_not_in_training_pool
integrin	0.7	family	CAAGACGCACCATAACTACGCAAGAATTCTCTCTGCCTGA	held_out_family_or_not_in_training_pool
integrin	0.7	family	CAAGACGCACCATAACTACGCAAGAGTTCTCTCTGCCTGA	held_out_family_or_not_in_training_pool
integrin	0.7	family	CAAGCCTACGCAAACCTGTTCCCCTGCCTGGCAGCCTTCA	held_out_family_or_not_in_training_pool
integrin	0.7	family	CAAGGCGCACCATAACTACGCAAGAGTTCTCTCTGCCTGA	held_out_family_or_not_in_training_pool
integrin	0.7	family	CAATACACCCAAGCACATTACGTGAAAAACCATCCCCACC	held_out_family_or_not_in_training_pool
integrin	0.7	family	CAATACACCCAAGCACATTACGTGAAAACCATCCCACC	held_out_family_or_not_in_training_pool
integrin	0.7	family	CAATACACCCAAGCACATTACGTGAAAACCATCCCCACC	held_out_family_or_not_in_training_pool
integrin	0.7	family	CAATACACCCAAGCACATTACGTGAAAACCCATCCCCACC	held_out_family_or_not_in_training_pool
integrin	0.7	family	CACACAGAGTACGCAACTAACTCCGCCTGCCTCTCTGTTC	held_out_family_or_not_in_training_pool
integrin	0.7	family	CACACGCGACTACGCAACAAGTCTTTCCCCTGCCTGTCGA	held_out_family_or_not_in_training_pool
integrin	0.7	family	CACAGGAACCGTCGTATGAACACGCGAAAACGGGAGACAC	held_out_family_or_not_in_training_pool
integrin	0.7	family	CACCAGGTTACGCTAACTCCTCCAGCCTACCCGGTGTGAT	held_out_family_or_not_in_training_pool
integrin	0.7	family	CACCGCTACGCCAATACCTTCCCGGCCTGCGGATACTTTA	held_out_family_or_not_in_training_pool
integrin	0.7	family	CACCTCGTTCACGCATATTACGCTAAATGTTCGCCCAGCC	held_out_family_or_not_in_training_pool
integrin	0.7	family	CACCTGTCCTACGCAACATACCCCCTGCCTGGACAAAACG	held_out_family_or_not_in_training_pool
integrin	0.7	family	CACGACTACTTCGGCACATTACGCGACGATCGAACCCGCC	held_out_family_or_not_in_training_pool
integrin	0.7	family	CACGACTACTTCGGCACATTACGCGACGATCGACCCGCC	held_out_family_or_not_in_training_pool
integrin	0.7	family	CACTACGCAAACTCCTTCTGCCTGTGCTTGAAAAACGACAT	held_out_family_or_not_in_training_pool
integrin	0.7	family	CACTACGCCAACCGTTCTCTCCGGCCTGTGCAATCCCA	held_out_family_or_not_in_training_pool
integrin	0.7	family	CACTACGTGACCATGATTCCCCACCTGTGCTTCAGTCAGT	held_out_family_or_not_in_training_pool
integrin	0.7	family	CACTGAAGCTACGCGACACAACCCCTCGCCTGCTCCAGTT	held_out_family_or_not_in_training_pool
integrin	0.7	family	CACTGACCGACTAGCACATTACGCGAAAACCGACCCCGCC	held_out_family_or_not_in_training_pool
integrin	0.7	family	CACTGCTACGCTAAATAACCTCCAGCCTGCGTGCCTCCCT	held_out_family_or_not_in_training_pool
integrin	0.7	family	CAGATGTCTTAACGCACATTACGCAAACACACCTCCTGCC	held_out_family_or_not_in_training_pool
integrin	0.7	family	CAGCAACCGCCTACGCCAAACTTCCCCGCCTGGCGGCGT	held_out_family_or_not_in_training_pool
integrin	0.7	family	CAGCCGCTACGTCAACAAACCTTCCGACCTGCGGCTCACG	held_out_family_or_not_in_training_pool
integrin	0.7	family	CAGCCGTACGCGAAAATCACCCCCGCCTCGGTCTGCACAAA	held_out_family_or_not_in_training_pool
integrin	0.7	family	CAGCCGTACGCGAAATCACCCCCCGCCTCGGTCTGCACAAA	held_out_family_or_not_in_training_pool
integrin	0.7	family	CAGCCGTACGCGAAATCACCCCCGCCTCGGTCTGCACAAA	held_out_family_or_not_in_training_pool
integrin	0.7	family	CAGCCGTACGCGAAATCACCCCCGCCTCGGTCTGCACAAG	held_out_family_or_not_in_training_pool
integrin	0.7	family	CAGCCGTACGCGAAATCACCCCGCCTCGGTCTGCACAAA	held_out_family_or_not_in_training_pool
integrin	0.7	family	CAGCGAAAATACGCCAACACTTTCCCGGCCTTTTTTGCCA	held_out_family_or_not_in_training_pool
integrin	0.7	family	CAGCGACTACGCCAATCTCTCAGGCCTGTCCAAACCGTGT	held_out_family_or_not_in_training_pool
integrin	0.7	family	CAGCGCTTCACCGCGCCATTACGCTACACATCCCCCAGCC	held_out_family_or_not_in_training_pool
integrin	0.7	family	CAGCGTACGCAAAACATCCTCTGCCTCGCCGCTCGAGCAC	held_out_family_or_not_in_training_pool
integrin	0.7	family	CAGCTACGCCAGTCTCTCCGGCCTGCTGCTAATCACAGTA	held_out_family_or_not_in_training_pool
integrin	0.7	family	CAGCTACGCGACATCTGTCCCCGCCTGCTGCTTCATCAAG	held_out_family_or_not_in_training_pool
integrin	0.7	family	CAGCTACGCGACATCTGTTCCCGCCTGCTGCTTCATCAAG	held_out_family_or_not_in_training_pool
integrin	0.7	family	CAGCTCATAACGACCAAAACGACCAGCAGTTCCTTTCGT	held_out_family_or_not_in_training_pool
integrin	0.7	family	CAGCTCATAACGACCAAAACGACCCAGCAGTTCCTTTCGC	held_out_family_or_not_in_training_pool
integrin	0.7	family	CAGCTCATAACGACCAAAACGACCCAGCAGTTCCTTTCGT	held_out_family_or_not_in_training_pool
integrin	0.7	family	CAGCTCCGCGCGCACGTTACGCGAAAACGTTCTGCCCGCC	held_out_family_or_not_in_training_pool
integrin	0.7	family	CAGGACGCACCATAACTACGCAAGAGTTCTCTCTGCCTGA	held_out_family_or_not_in_training_pool
integrin	0.7	family	CAGGTACGCGTAACTCAATCCCGCCTCTTGCTGACAAAAT	held_out_family_or_not_in_training_pool
integrin	0.7	family	CAGTAACCTACGCCAAATGTTCACCCGGCCTGGTAGAGCT	held_out_family_or_not_in_training_pool
integrin	0.7	family	CAGTAATCTACGTCAAAACCCCCCCGACCTGACTACCGCA	held_out_family_or_not_in_training_pool
integrin	0.7	family	CATACGCGACATTCTGCCCGCCTTGCTTCGAGTCACGCTA	held_out_family_or_not_in_training_pool
integrin	0.7	family	CATGAATGCACCTACCGGCGCACGCGATAACGGGAGACAC	held_out_family_or_not_in_training_pool
integrin	0.7	family	CATGCTAAAATCCAGCGGCGCACGCGATGACGGGAGAAAC	held_out_family_or_not_in_training_pool
integrin	0.7	family	CATTACCACCAATACACATTACGCGACACTCCTCCCCGCC	held_out_family_or_not_in_training_pool
integrin	0.7	family	CATTCTATCTTCAGCACATTACGCGAAAAAGCGAACCCGCC	held_out_family_or_not_in_training_pool
integrin	0.7	family	CATTCTATCTTCAGCACATTACGCGAAAAGCGAACCCGCC	held_out_family_or_not_in_training_pool
integrin	0.7	family	CATTCTATCTTCAGCACATTACGCGAAAAGCGAACCCGTC	held_out_family_or_not_in_training_pool
integrin	0.7	family	CCAAACCCGCAGTGGACATTACGTAAAACTAACCCCTACC	held_out_family_or_not_in_training_pool
integrin	0.7	family	CCAACTACGCTAAACAGATCTCCAGCCTGTTGGACTCAGTA	held_out_family_or_not_in_training_pool
integrin	0.7	family	CCAACTACGCTAACAGATCTCCAGCCTGTTGGACTCAGTA	held_out_family_or_not_in_training_pool
integrin	0.7	family	CCAATGCCTACGCAGAAAAACCCTCCCTGCCTGGCCTTTAC	held_out_family_or_not_in_training_pool
integrin	0.7	family	CCAATGCCTACGCAGAAAACCCTCCTGCCTGGCCTTTAC	held_out_family_or_not_in_training_pool
integrin	0.7	family	CCACCTACCCCTAGCGGCGCACGCGACAACGGGAGAAAC	held_out_family_or_not_in_training_pool
integrin	0.7	family	CCACCTACGCGAAGGAACCCCCCGCCTGGTGGACGGCTAT	held_out_family_or_not_in_training_pool
integrin	0.7	family	CCACCTACGCTAACCTCCTCCAGCCTGGTGGCACGAGCTC	held_out_family_or_not_in_training_pool
integrin	0.7	family	CCACCTACGCTAACCTCCTCCAGCCTGGTGGCACGAGCTT	held_out_family_or_not_in_training_pool
integrin	0.7	family	CCACCTAGCTAACCTCCTCCAGCCTGGTGGCACGAGCTT	held_out_family_or_not_in_training_pool
integrin	0.7	family	CCACTACGTAAGACATACCCCTACCTGTGGCCTAGCGCTA	held_out_family_or_not_in_training_pool
integrin	0.7	family	CCAGTAAACGGCGCATATTACGTAACATTCGACCCCTACC	held_out_family_or_not_in_training_pool
integrin	0.7	family	CCATTACGCCAAAAACTCTCCTGGCCTATGGCTGCAAAAACG	held_out_family_or_not_in_training_pool
integrin	0.7	family	CCATTACGCCAAAAACTCTCCTGGCCTATGGCTGCAAAACG	held_out_family_or_not_in_training_pool
integrin	0.7	family	CCATTACGCCAAAACTCTCCTGGCCTATGGCTGCAAAACG	held_out_family_or_not_in_training_pool
integrin	0.7	family	CCCAATGGGCCATAGCACATTACGCATCATCTGCCTGCC	held_out_family_or_not_in_training_pool
integrin	0.7	family	CCCAATTCGCCTACGCTACAACTCGCCCAGCCTGGCTACA	held_out_family_or_not_in_training_pool
integrin	0.7	family	CCCACAAGATTTTGCACATTACGCTAATTTTGCCCCAGCC	held_out_family_or_not_in_training_pool
integrin	0.7	family	CCCACGTAGCTGCTACGTAAAAATTTCGCCCTACCTGCAC	held_out_family_or_not_in_training_pool
integrin	0.7	family	CCCATACGCGACACGCAACCCCCGCCTTGGGCTAAACTGAC	held_out_family_or_not_in_training_pool
integrin	0.7	family	CCCATACGCGACACGCAACCCCCGCCTTGGGCTAAATGAC	held_out_family_or_not_in_training_pool
integrin	0.7	family	CCCCAGATATTGCACATTACGCGACATGCGTTCCCCCGCC	held_out_family_or_not_in_training_pool
integrin	0.7	family	CCCCCTAGTCCATTTTGGCGCACGCGAATACGGGAGACAC	held_out_family_or_not_in_training_pool
integrin	0.7	family	CCCCGACAGCACATTTTACGCGAACGACTCCCCCCGCCTC	held_out_family_or_not_in_training_pool
integrin	0.7	family	CCCCGATCACTAACTTACGCAACTTCTCGTCCTGCCTAGA	held_out_family_or_not_in_training_pool
integrin	0.7	family	CCCCTACCTTAGTAGATACGCAAAATCTCTCCCTGCCTTC	held_out_family_or_not_in_training_pool
integrin	0.7	family	CCCCTGGGACTACGCTACATCTCGACCCAGCCTGTCCAAC	held_out_family_or_not_in_training_pool
integrin	0.7	family	CCCGGCGCACATGAACTACGCGAAAACAATCCCCGCCTG	held_out_family_or_not_in_training_pool
integrin	0.7	family	CCCGGTCTACGCCGAAATCAACCTGGCCTGACCACAATTC	held_out_family_or_not_in_training_pool
integrin	0.7	family	CCCGTCTACGCAAAAATCTCACCTGCCTGACGGGCCACGCTT	held_out_family_or_not_in_training_pool
integrin	0.7	family	CCCGTCTACGCAAAATCTCACCTGCCTGACGGGCCACGCTT	held_out_family_or_not_in_training_pool
integrin	0.7	family	CCCGTCTACGCAAATCTCACCTGCCTGACGGGCCACGCTC	held_out_family_or_not_in_training_pool
integrin	0.7	family	CCCGTCTACGCAAATCTCACCTGCCTGACGGGCCACGCTT	held_out_family_or_not_in_training_pool
integrin	0.7	family	CCCGTCTACGCAAATCTCACCTGCCTGACTGGCCACGCTT	held_out_family_or_not_in_training_pool
integrin	0.7	family	CCCTAACCTTAAGCCACATTACGCGTCTATCCCCCCGCC	held_out_family_or_not_in_training_pool
integrin	0.7	family	CCCTAAGATGCGTTAACATTACGTAAGAATCTACCCTCTC	held_out_family_or_not_in_training_pool
integrin	0.7	family	CCCTAAGATGCGTTAACATTACGTAAGAATCTACCTACC	held_out_family_or_not_in_training_pool
integrin	0.7	family	CCCTACACTGCGCATAATACGTAACTATCGACCTACCTC	held_out_family_or_not_in_training_pool
integrin	0.7	family	CCCTACACTGCGCATAATACGTAACTATCGACCTACCTT	held_out_family_or_not_in_training_pool
integrin	0.7	family	CCCTACACTGCGCATAATACGTAACTATCGACCTACTT	held_out_family_or_not_in_training_pool
integrin	0.7	family	CCCTACACTGCGCCATAATACGTAACTATCGACCTACCTT	held_out_family_or_not_in_training_pool
integrin	0.7	family	CCCTACGCGACAAGACCCCCCGCCTGGGCATCATAACGAC	held_out_family_or_not_in_training_pool
integrin	0.7	family	CCCTACGCTAAACAGTTGTCCAGCCTGGGCGCTGACCATG	held_out_family_or_not_in_training_pool
integrin	0.7	family	CCCTAGAACCTACGCAAAACTCCTCCTGCCTGGTTATCAGT	held_out_family_or_not_in_training_pool
integrin	0.7	family	CCCTCAGCCTACGCAAAAACGTATATCCCTGCCTGGCTAGC	held_out_family_or_not_in_training_pool
integrin	0.7	family	CCCTCAGCCTACGCAAAACGTATATCCCTGCCTGGCTAGC	held_out_family_or_not_in_training_pool
integrin	0.7	family	CCCTTAACTTCAGCGTACATTACGCTACATCTCCCAGCC	held_out_family_or_not_in_training_pool
integrin	0.7	family	CCCTTAACTTCAGCGTACATTACGCTACATCTCCCCAGCC	held_out_family_or_not_in_training_pool
integrin	0.7	family	CCGACATGCCAGTTGTACGCGGAAAGACTCCCCGCCTCAA	held_out_family_or_not_in_training_pool
integrin	0.7	family	CCGCACAGAAGCTACGCCACTGCCCTCCCGGCCTGTTTCA	held_out_family_or_not_in_training_pool
integrin	0.7	family	CCGCACAGAGCACGCCCTTCGAAATAATCCGATCAACGAC	held_out_family_or_not_in_training_pool
integrin	0.7	family	CCGCCTACGCTAACATCTTCTCCACCTGTCGGCTACCGC	held_out_family_or_not_in_training_pool
integrin	0.7	family	CCGCCTACGCTAACATCTTCTCCAGCCTGTCGGCTACCGC	held_out_family_or_not_in_training_pool
integrin	0.7	family	CCGCCTAGCTAACATCTTCTCCAGCCTGTCGGCTACCGC	held_out_family_or_not_in_training_pool
integrin	0.7	family	CCGCGCTACGCCAAAAACTCTCCGGCCTGCCGGCGATCTAG	held_out_family_or_not_in_training_pool
integrin	0.7	family	CCGCGCTACGCCAAAACTCTCCGGCCTGCCGGCGATCTAG	held_out_family_or_not_in_training_pool
integrin	0.7	family	CCGCGGTACGCAACAAACCGCCCTGCCTCCGCGGGACTTA	held_out_family_or_not_in_training_pool
integrin	0.7	family	CCGCTTACGCGTACCACCCCTCCGCCTAGCGGACTAACAA	held_out_family_or_not_in_training_pool
integrin	0.7	family	CCGGCTACGCTAAAACTTCTTCCAGCCTGCCGGGCTGTACG	held_out_family_or_not_in_training_pool
integrin	0.7	family	CCGGCTACGCTAAACTCCTTCCAGCCTGCCGGGCTGTACG	held_out_family_or_not_in_training_pool
integrin	0.7	family	CCGGCTACGCTAAACTTCATTCCAGCCTGCCGGGCTGTACG	held_out_family_or_not_in_training_pool
integrin	0.7	family	CCGGCTACGCTAAACTTCTTCCAGCCTGCCGGGCAGTACG	held_out_family_or_not_in_training_pool
integrin	0.7	family	CCGGCTACGCTAAACTTCTTCCAGCCTGCCGGGCTGTACA	held_out_family_or_not_in_training_pool
integrin	0.7	family	CCGGCTACGCTAAACTTCTTCCAGCCTGCCGGGCTGTACCG	held_out_family_or_not_in_training_pool
integrin	0.7	family	CCGGCTACGCTAAACTTCTTCCAGCCTGCCGGGCTGTACG	held_out_family_or_not_in_training_pool
integrin	0.7	family	CCGGCTACGCTAAACTTCTTCCAGCCTGCCGGGGTGTACG	held_out_family_or_not_in_training_pool
integrin	0.7	family	CCGTACGCTAAACCCTTCCAGCCTCGGCTCTCCCCAAATA	held_out_family_or_not_in_training_pool
integrin	0.7	family	CCGTACGCTAAACCTTCCAGCCTCGGCTCTCCCAAATA	held_out_family_or_not_in_training_pool
integrin	0.7	family	CCGTCCTAGTCCATTTTGGCGCACGCGAATACGGGAGACAC	held_out_family_or_not_in_training_pool
integrin	0.7	family	CCTACCTAGTCCATTTGGCGCACGCGAATACGGGAGACAC	held_out_family_or_not_in_training_pool
integrin	0.7	family	CCTACGCAAAATTCTCGCTGCCTGGCTTCCGTTTTCTACA	held_out_family_or_not_in_training_pool
integrin	0.7	family	CCTACGCAATAGTCTCACCTGCCTGGCGGAACACGCATTTT	held_out_family_or_not_in_training_pool
integrin	0.7	family	CCTACGCAGACGCTTCGCAGCCTGGCTTTTCGTTCCAAAA	held_out_family_or_not_in_training_pool
integrin	0.7	family	CCTACGCCAAACGCTCTCCCGGCCTGGCTTCTCCGCCTAC	held_out_family_or_not_in_training_pool
integrin	0.7	family	CCTACGCCAAATGCTCTCCCGGCCTGGCTTCTCCACCTAC	held_out_family_or_not_in_training_pool
integrin	0.7	family	CCTACGCCAAATGCTCTCCCGGCCTGGCTTCTCCGCCTAC	held_out_family_or_not_in_training_pool
integrin	0.7	family	CCTACGCCAAATGCTCTCCCGGCCTGGCTTCTCCGCCTAT	held_out_family_or_not_in_training_pool
integrin	0.7	family	CCTACGCGAAAATCTTCTTCCCGCCTGGCACGAAAACAC	held_out_family_or_not_in_training_pool
integrin	0.7	family	CCTACGCGACGATTCTTCCCGCCTGGCTGGTGCTCCTCGT	held_out_family_or_not_in_training_pool
integrin	0.7	family	CCTACGCGACTCCTACCCCGCCTGGCTTCACAGGTTCACA	held_out_family_or_not_in_training_pool
integrin	0.7	family	CCTACGCGTACGCTCCGCCCGCCTGGCTTCAACGCAGTAA	held_out_family_or_not_in_training_pool
integrin	0.7	family	CCTACGCTAATCCGACCCAGCCTGGCTTCGCGTGACTACA	held_out_family_or_not_in_training_pool
integrin	0.7	family	CCTACGCTAGATCGCTCCCAGCCTGGCTTTTGTCTGGTTT	held_out_family_or_not_in_training_pool
integrin	0.7	family	CCTACGTTAAAGCTCCTCAACCTGGCTCGCCTGCTTTACA	held_out_family_or_not_in_training_pool
integrin	0.7	family	CCTAGACACTACGCGAAAAGAACCCACGCCTGTGTCTACG	held_out_family_or_not_in_training_pool
integrin	0.7	family	CCTCATACGCCAGAAATACCCCCGGCCTTGAGGCGGTGTC	held_out_family_or_not_in_training_pool
integrin	0.7	family	CCTCATACGCCAGAAATACCCCCGGCCTTGAGGCGGTGTG	held_out_family_or_not_in_training_pool
integrin	0.7	family	CCTCCCAGTCCATTTTGGCGCACGCGAATACGGGAGACAC	held_out_family_or_not_in_training_pool
integrin	0.7	family	CCTCCTAAGTCCATTTTGGCGCACGCGAATACGGGAGACAC	held_out_family_or_not_in_training_pool
integrin	0.7	family	CCTCCTAGCCCATTTTGGCGCACGCGAATACGGGAGACAC	held_out_family_or_not_in_training_pool
integrin	0.7	family	CCTCCTAGTCCAATTTGGCGCACGCGAATACGGGAGACAC	held_out_family_or_not_in_training_pool
integrin	0.7	family	CCTCCTAGTCCAATTTTGGCGCACGCGAATACGGGAGACAC	held_out_family_or_not_in_training_pool
integrin	0.7	family	CCTCCTAGTCCATCTTGGCGCACGCGAATACGGGAGACAC	held_out_family_or_not_in_training_pool
integrin	0.7	family	CCTCCTAGTCCATTTGGCCGCACGCGAATACGGGAGACAC	held_out_family_or_not_in_training_pool
integrin	0.7	family	CCTCCTAGTCCATTTGGCGCACGCGAAATACGGGAGACAC	held_out_family_or_not_in_training_pool
integrin	0.7	family	CCTCCTAGTCCATTTGGCGCACGCGAATACGGGAGACAC	held_out_family_or_not_in_training_pool
integrin	0.7	family	CCTCCTAGTCCATTTTAGCGCACGCGAATACGGGAGACAC	held_out_family_or_not_in_training_pool
integrin	0.7	family	CCTCCTAGTCCATTTTGGCGCACAGCGAATACGGGAGACAC	held_out_family_or_not_in_training_pool
integrin	0.7	family	CCTCCTAGTCCATTTTGGCGCACGCCGAATACGGGAGACAC	held_out_family_or_not_in_training_pool
integrin	0.7	family	CCTCCTAGTCCATTTTGGCGCACGCGAACACGGGAGACAC	held_out_family_or_not_in_training_pool
integrin	0.7	family	CCTCCTAGTCCATTTTGGCGCACGCGAATACGGGAGAAAC	held_out_family_or_not_in_training_pool
integrin	0.7	family	CCTCCTAGTCCATTTTGGCGCACGCGAATACGGGAGACAC	held_out_family_or_not_in_training_pool
integrin	0.7	family	CCTCCTAGTCCATTTTGGCGCACGCGAATACGGGAGACTC	held_out_family_or_not_in_training_pool
integrin	0.7	family	CCTCCTAGTCCATTTTGGCGCACGCGAATACGGGGAGACAC	held_out_family_or_not_in_training_pool
integrin	0.7	family	CCTCCTAGTCCATTTTGGCGCACGCGAATGACGGGAGACAC	held_out_family_or_not_in_training_pool
integrin	0.7	family	CCTCCTAGTCCATTTTGGCGCACGCGAATGCGGGAGACAC	held_out_family_or_not_in_training_pool
integrin	0.7	family	CCTCCTAGTCCATTTTGGCGCACGCGAGTACGGGAGACAC	held_out_family_or_not_in_training_pool
integrin	0.7	family	CCTCCTAGTCCATTTTGGCGCCACGCGAATACGGGAGACAC	held_out_family_or_not_in_training_pool
integrin	0.7	family	CCTCCTAGTCCATTTTGGGCGCACGCGAATACGGGAGACAC	held_out_family_or_not_in_training_pool
integrin	0.7	family	CCTCCTAGTCCATTTTTGGCGCACGCGAATACGGGAGACAC	held_out_family_or_not_in_training_pool
integrin	0.7	family	CCTCCTAGTCCATTTTTGGCGCACGCGAATACGGGGAGACAC	held_out_family_or_not_in_training_pool
integrin	0.7	family	CCTCCTAGTCCGTTTTGGCGCACGCGAATACGGGAGACAC	held_out_family_or_not_in_training_pool
integrin	0.7	family	CCTCCTAGTTCATTTTGGCGCACGCGAATACGGGAGACAC	held_out_family_or_not_in_training_pool
integrin	0.7	family	CCTCGATCACTAACTTACGCAACTTCTCGTCCTGCCTAGA	held_out_family_or_not_in_training_pool
integrin	0.7	family	CCTCGCTACGCGAAAGCAACCCCGCCTGCGAGTGCTCACT	held_out_family_or_not_in_training_pool
integrin	0.7	family	CCTCTACGCGAAAATCCCCCCGCCTGAGACTCTCATAAA	held_out_family_or_not_in_training_pool
integrin	0.7	family	CCTGAACGTACTACGCTAACATCTCGCCAGCCTGAACAAC	held_out_family_or_not_in_training_pool
integrin	0.7	family	CCTGCAGCGCCAGTCTACGCAACTTTTATCCCTGCCTGAC	held_out_family_or_not_in_training_pool
integrin	0.7	family	CCTTTTACGCCAAATTTCTTCCGGCCTCTCGGCTCAAAGC	held_out_family_or_not_in_training_pool
integrin	0.7	family	CCTTTTACGCCAAATTTTCTTCCGGCCTCTCGGCTCAAAGC	held_out_family_or_not_in_training_pool
integrin	0.7	family	CGAACTACGTCACTAACACCCCGACCTGTACGCTGTTGCA	held_out_family_or_not_in_training_pool
integrin	0.7	family	CGAACTCGTAGAGCACACATTACGCATAATTCACCCTGCC	held_out_family_or_not_in_training_pool
integrin	0.7	family	CGACCGCCCACCACGACGCGCACGCGATTACGGGAGCAAC	held_out_family_or_not_in_training_pool
integrin	0.7	family	CGCACCCTACGCGAAAATCTGCTCCGCCTGGGTGATATCT	held_out_family_or_not_in_training_pool
integrin	0.7	family	CGCCATAAGCATACGCAACAAACTCGCCTGCCTTGCTTAG	held_out_family_or_not_in_training_pool
integrin	0.7	family	CGCCTAACGCAAAAAGAATCCCCCTGCCTGGCGCAGTACTC	held_out_family_or_not_in_training_pool
integrin	0.7	family	CGCCTACACTGCGCATAATACGTAACTATCGACCTACCTT	held_out_family_or_not_in_training_pool
integrin	0.7	family	CGCCTACGCAAAAAAGAAATCCCCCCTGCCTGGCGCAGTACTC	held_out_family_or_not_in_training_pool
integrin	0.7	family	CGCCTACGCAAAAAAGAATCCCCCCTGCCTGGCGCAGTACTC	held_out_family_or_not_in_training_pool
integrin	0.7	family	CGCCTACGCAAAAAAGAATCCCCCTGCCTGGCGCAGTACTC	held_out_family_or_not_in_training_pool
integrin	0.7	family	CGCCTACGCAAAAAGAACCCCCCTGCCTGGCGCAGTACTC	held_out_family_or_not_in_training_pool
integrin	0.7	family	CGCCTACGCAAAAAGAATCCCCCTGCCTGGCGCAAGTACTC	held_out_family_or_not_in_training_pool
integrin	0.7	family	CGCCTACGCAAAAAGAATCCCCCTGCCTGGCGCAGTACTA	held_out_family_or_not_in_training_pool
integrin	0.7	family	CGCCTACGCAAAAAGAATCCCCCTGCCTGGCGCAGTACTC	held_out_family_or_not_in_training_pool
integrin	0.7	family	CGCCTACGCAAAAAGAATCCCCTGCCTGGCGCAGTACTC	held_out_family_or_not_in_training_pool
integrin	0.7	family	CGCCTACGCAAAAGAATCCCCTGCCTGGCGCAGTACTC	held_out_family_or_not_in_training_pool
integrin	0.7	family	CGCCTACGCGAAATCATACCCCCCGCCTGGCGTCATCACA	held_out_family_or_not_in_training_pool
integrin	0.7	family	CGCCTACGCGAAATCATACCCCCCGCCTGGCGTCTTCACA	held_out_family_or_not_in_training_pool
integrin	0.7	family	CGCCTACGTAAAAATCTCACCCTACCTGGCGCGATGCCCG	held_out_family_or_not_in_training_pool
integrin	0.7	family	CGCCTTCCATTGCGCCAATTACGCTAACTTCGACCCAGCC	held_out_family_or_not_in_training_pool
integrin	0.7	family	CGCGACCTGTGCTGCACATTACGCCACACTCTCCTCGGCC	held_out_family_or_not_in_training_pool
integrin	0.7	family	CGCGACTACTTCGGCACATTACGCGACGATCGAACCCGCC	held_out_family_or_not_in_training_pool
integrin	0.7	family	CGCGGTACGCAAACACTTAATCCCCTGCCTCCGCGGTAAC	held_out_family_or_not_in_training_pool
integrin	0.7	family	CGCGGTCCTACGCAACAATTCAATCCTGCCTGGACTGCCG	held_out_family_or_not_in_training_pool
integrin	0.7	family	CGCTACGCGAAATTCTCTCCGCCTGCGCATTCGAAGACAA	held_out_family_or_not_in_training_pool
integrin	0.7	family	CGCTACGCGAAATTCTCTCCGCCTGCGCATTCGAAGACCA	held_out_family_or_not_in_training_pool
integrin	0.7	family	CGCTCGCCACCTGCACATTACGCCTCTTGTTTCTCCGGCC	held_out_family_or_not_in_training_pool
integrin	0.7	family	CGCTCGCTATCCGCGCCGTTACGCTAAAACCCTCCCAGCC	held_out_family_or_not_in_training_pool
integrin	0.7	family	CGCTGAACCCGACGCACATTACGCGACTTCGACCCCCGCC	held_out_family_or_not_in_training_pool
integrin	0.7	family	CGGAACGCTACGCAAAACATTTCCCCTGCCTGTGTTTCTA	held_out_family_or_not_in_training_pool
integrin	0.7	family	CGGAAGCTACGCAAAAACATTTCCCCTGCCTGTGTTTCTA	held_out_family_or_not_in_training_pool
integrin	0.7	family	CGGAAGCTACGCAAAACATTTCCCCTGCCTGTGTTTCTA	held_out_family_or_not_in_training_pool
integrin	0.7	family	CGGATACGCTACAACAAGTCCCAGCCTTCCGCTGAACAGA	held_out_family_or_not_in_training_pool
integrin	0.7	family	CGGCCCTGACATATCTACGCGAAAAATCCACCCCGCCTGA	held_out_family_or_not_in_training_pool
integrin	0.7	family	CGGCCGTAACATATACGCAAAAATTTTTCCCTGCCTTATGAA	held_out_family_or_not_in_training_pool
integrin	0.7	family	CGGCCGTACGCGAAATCACCCCCGCCTCGGTCTGCACAAA	held_out_family_or_not_in_training_pool
integrin	0.7	family	CGGCGGCGTACGCAGAAAAAACTCCCTGCCTCGCCGCAATTC	held_out_family_or_not_in_training_pool
integrin	0.7	family	CGGCTACGCAAACAACCACCCCTGCCTGCCGAATCAACAA	held_out_family_or_not_in_training_pool
integrin	0.7	family	CGGTACGCCAAAAAATGCCGCCCCGGCCTCCGCTTCAATAA	held_out_family_or_not_in_training_pool
integrin	0.7	family	CGGTACGCCAAAAATGCCGCCCCGGCCTCCGCTTCAATAA	held_out_family_or_not_in_training_pool
integrin	0.7	family	CGGTTACGCATCACCACCCTCTGCCTACCGCCTCGCAATC	held_out_family_or_not_in_training_pool
integrin	0.7	family	CGTAACAGCTACGCGACACTCCCCCCGCCTGCTGTATGAT	held_out_family_or_not_in_training_pool
integrin	0.7	family	CGTCTCGACTCGGCCACATTACGTCAACGTTCACCCGACC	held_out_family_or_not_in_training_pool
integrin	0.7	family	CGTTACGCACACACTATCCCCTGCCTACGCTTCCCACCAT	held_out_family_or_not_in_training_pool
integrin	0.7	family	CTACACGCTACGCCAAATGTAAGCCCCGGCCTGCGTTGAT	held_out_family_or_not_in_training_pool
integrin	0.7	family	CTACCAGGTCTTGCACATTACGCGACAACCAAAGCCCCGCCC	held_out_family_or_not_in_training_pool
integrin	0.7	family	CTACCAGGTCTTGCACATTACGCGACAACCAAGCCCCGCC	held_out_family_or_not_in_training_pool
integrin	0.7	family	CTACCAGGTCTTGCACATTACGCGACAACCAAGCCCCGCCC	held_out_family_or_not_in_training_pool
integrin	0.7	family	CTACCGCAACATCCATGGCGCATGCGACAACGGGAGAAAC	held_out_family_or_not_in_training_pool
integrin	0.7	family	CTACGCAAAGTCTACCCTGCCTGCTTCAAACAAGTCCGGA	held_out_family_or_not_in_training_pool
integrin	0.7	family	CTACGCATAACGATCCCTGCCTGCTTCACCGCGTTACAGA	held_out_family_or_not_in_training_pool
integrin	0.7	family	CTACGCCAAACTCACACCCGGCCTGCTTCGTCCTACACTG	held_out_family_or_not_in_training_pool
integrin	0.7	family	CTACGCCAAACTTCCCCCGGCCTGCTTTTTGGTCCCTTCA	held_out_family_or_not_in_training_pool
integrin	0.7	family	CTACGCGAACAATCTGCCGCCTGCTTCTGCTTACCGTCG	held_out_family_or_not_in_training_pool
integrin	0.7	family	CTACGCGACTCACTATACCCGCCTGTCTTCTCTGCACGCA	held_out_family_or_not_in_training_pool
integrin	0.7	family	CTACGCGGCCGTCTCCCCCGCCTGCTTCACCTTGTATCGC	held_out_family_or_not_in_training_pool
integrin	0.7	family	CTACGCTAAAAAATCTCCTAGCCTGCTCAAAATAACGCCG	held_out_family_or_not_in_training_pool
integrin	0.7	family	CTACGCTAAAAAATCTCCTAGCCTGCTCAAATAACGCCG	held_out_family_or_not_in_training_pool
integrin	0.7	family	CTACGCTAAAAATCTCCTAGCCTGCTCAAATAACGCCG	held_out_family_or_not_in_training_pool
integrin	0.7	family	CTACGCTAACTCTGCCCAGCCTGCTTCACGCGGAACCGCT	held_out_family_or_not_in_training_pool
integrin	0.7	family	CTACGCTACTGCTTCCCCAGCCTGCTTCATATTGTCATTG	held_out_family_or_not_in_training_pool
integrin	0.7	family	CTACGTGAAACACAACCCCACCTGCTTCGTCCCTGCAACC	held_out_family_or_not_in_training_pool
integrin	0.7	family	CTATACGCAAGAACCCTCCCTGCCTTAGCTTCCGCGATAA	held_out_family_or_not_in_training_pool
integrin	0.7	family	CTATACGCAAGAACCCTCCTGCCTTAGCTTCCGCGATAA	held_out_family_or_not_in_training_pool
integrin	0.7	family	CTATACGCAAGAACCTCCCTGCCTTAGCTTCCGCGATAA	held_out_family_or_not_in_training_pool
integrin	0.7	family	CTATACGCAAGAACCTCCCTGCCTTAGCTTCCGCGATAG	held_out_family_or_not_in_training_pool
integrin	0.7	family	CTATACGCAAGAACCTCCTGCCTTAGCTTCCGCGATAA	held_out_family_or_not_in_training_pool
integrin	0.7	family	CTATCACCCCTGCACATTACGCAAAAGTATTATCCCTGCC	held_out_family_or_not_in_training_pool
integrin	0.7	family	CTATCACCCCTGCACATTACGCAAAAGTGTTATCCCTCTC	held_out_family_or_not_in_training_pool
integrin	0.7	family	CTCACTCACGTAAACTACGCGTAATTCCCTCTCCGCCTGT	held_out_family_or_not_in_training_pool
integrin	0.7	family	CTCATAGCAACATCGATACGCAACTAAACTCCCTGCCTTC	held_out_family_or_not_in_training_pool
integrin	0.7	family	CTCATAGCAACATCGATACGCAACTAAGCTCCCTGCCTTC	held_out_family_or_not_in_training_pool
integrin	0.7	family	CTCATAGCAACATCGATACGCAACTAAGCTCCTGCCTTC	held_out_family_or_not_in_training_pool
integrin	0.7	family	CTCCCTTAGCACTTAGTACGCTAAAGAACATCCCAGCCTC	held_out_family_or_not_in_training_pool
integrin	0.7	family	CTCCGGCCTACGCAACTTTTTATCCCCTGCCTGGCCGTAAC	held_out_family_or_not_in_training_pool
integrin	0.7	family	CTCCGGCCTACGCAACTTTTTATCCCCTGCCTGGCCGTAAG	held_out_family_or_not_in_training_pool
integrin	0.7	family	CTCCGGCCTACGCAACTTTTTATCCCCTGCCTGGCCGTAAT	held_out_family_or_not_in_training_pool
integrin	0.7	family	CTCCGGCCTACGCAACTTTTTATCCCTCGCCTGGCCGTAAT	held_out_family_or_not_in_training_pool
integrin	0.7	family	CTCCGGCCTACGCAACTTTTTTATCCCCTGCCTGGCCGTAAT	held_out_family_or_not_in_training_pool
integrin	0.7	family	CTCCGGCCTACGCAACTTTTTTTATCCCCTGCCTGGCCGTAAC	held_out_family_or_not_in_training_pool
integrin	0.7	family	CTCCGGCCTACGCCAACTTTTTATCCCCTGCCTGGCCGTAAT	held_out_family_or_not_in_training_pool
integrin	0.7	family	CTCCGTCGGCGAACATTACGCAACTATTGTCCTCCCTGCC	held_out_family_or_not_in_training_pool
integrin	0.7	family	CTCCTAGTCCATTTTGGCGCACGCGAATACGGGAGACAC	held_out_family_or_not_in_training_pool
integrin	0.7	family	CTCCTGCCAATTGAGCACATTACGCAAAAAAATTCCCTGCC	held_out_family_or_not_in_training_pool
integrin	0.7	family	CTCCTTCGACCGCACATATACGCGACCGTGATCCCCGCCT	held_out_family_or_not_in_training_pool
integrin	0.7	family	CTCGCATACGCGAAACACCCTTCCGCCTTGCGAGTCTGTC	held_out_family_or_not_in_training_pool
integrin	0.7	family	CTCTATCCAAACCGCCATTACGTGAAAATGTTCACCCACC	held_out_family_or_not_in_training_pool
integrin	0.7	family	CTGAACTACGCAAAAAACCAGCCCTGCCTGTTCAGTAAGCG	held_out_family_or_not_in_training_pool
integrin	0.7	family	CTGAACTACGCAAAAACCAGCCCTGCCTGTTCAGTAAGCG	held_out_family_or_not_in_training_pool
integrin	0.7	family	CTGAACTACGCAAAAACCAGCCTGCCTGTTCAGTAAGCG	held_out_family_or_not_in_training_pool
integrin	0.7	family	CTGACCCTCGCCCACATTACGCCAAACGTTCACCCGGCC	held_out_family_or_not_in_training_pool
integrin	0.7	family	CTGACCCTCGCCCACATTACGCCAAACGTTCGCCCGGCC	held_out_family_or_not_in_training_pool
integrin	0.7	family	CTGACCCTCGCCCACATTCACGCCAAACGTTCGCCCGGCC	held_out_family_or_not_in_training_pool
integrin	0.7	family	CTGATTAGCCAGAGCAGCAGCACGCGACGACGGGAGAAAC	held_out_family_or_not_in_training_pool
integrin	0.7	family	CTGCATTCCTGCGCCACATTACGCGAAACGATCCCCCGCC	held_out_family_or_not_in_training_pool
integrin	0.7	family	CTGCATTCCTGCGCCACATTACGCGAAACGATCCCCGCC	held_out_family_or_not_in_training_pool
integrin	0.7	family	CTGCCACCCTAGCGATACATTACGCTAACTTCTTCCAGCC	held_out_family_or_not_in_training_pool
integrin	0.7	family	CTGCCTAACAGGAGCGCCATTACGCTAATTCGACCCAGCC	held_out_family_or_not_in_training_pool
integrin	0.7	family	CTGCTACGCGACCAGAACCCCCGCCTGCAGCGTACGCATA	held_out_family_or_not_in_training_pool
integrin	0.7	family	CTGCTACGCTAAAGCACCGACCAGCCTGCAGCAAGACTA	held_out_family_or_not_in_training_pool
integrin	0.7	family	CTGCTACGCTAAAGCACCGACCCAGCCTGCAGCAAGACTA	held_out_family_or_not_in_training_pool
integrin	0.7	family	CTGCTCCTTAACGCAACATTACGCTTCAATTTTCCCAGCC	held_out_family_or_not_in_training_pool
integrin	0.7	family	CTGCTCCTTTAACGCAACATTACGCTTCAATTTCCCAGCC	held_out_family_or_not_in_training_pool
integrin	0.7	family	CTGCTCCTTTAACGCAACATTACGCTTCAATTTTCCCAGCC	held_out_family_or_not_in_training_pool
integrin	0.7	family	CTGGATTACGCGAAAAAAAAACTCCTCGCCTATCGCAGCAATG	held_out_family_or_not_in_training_pool
integrin	0.7	family	CTGGATTACGCGAAAAAAAACTCCTCGCCTATCGCAGCAATG	held_out_family_or_not_in_training_pool
integrin	0.7	family	CTGGATTACGCGAAAAAAACTCCTCGCCTATCGCAGCAATG	held_out_family_or_not_in_training_pool
integrin	0.7	family	CTGGATTACGCGAAAAACTCCTCGCCTATCGCAGCAATG	held_out_family_or_not_in_training_pool
integrin	0.7	family	CTGTATCTACGCGACACTGACCCCCGCCCTGTACAGCAAGT	held_out_family_or_not_in_training_pool
integrin	0.7	family	CTGTATCTACGCGACACTGACCCCCGCCTGTACAGCAAGC	held_out_family_or_not_in_training_pool
integrin	0.7	family	CTGTATCTACGCGACACTGACCCCCGCCTGTACAGCAAGT	held_out_family_or_not_in_training_pool
integrin	0.7	family	CTGTATCTACGCGACACTGACCCCGCCTGTACAGCAAGT	held_out_family_or_not_in_training_pool
integrin	0.7	family	CTGTATCTACGCGACCACTGACCCCCGCCTGTACAGCAAGT	held_out_family_or_not_in_training_pool
integrin	0.7	family	CTGTATCTACGCGGCACTGACCCCCGCCTGTACAGCAAGT	held_out_family_or_not_in_training_pool
integrin	0.7	family	CTGTTACGCCACAATATCCCCCGGCCTACAGCGCTCCGCG	held_out_family_or_not_in_training_pool
integrin	0.7	family	CTTAAACGGCATACGCCAAAGTCGACCCGGCCTTGCCGTA	held_out_family_or_not_in_training_pool
integrin	0.7	family	CTTACGAACCCTGCAAAAGGCACGCGATAACGGGAGACAC	held_out_family_or_not_in_training_pool
integrin	0.7	family	CTTACGCCAAAAGTACCTCCTCGGCCTAGCTTAATACTGA	held_out_family_or_not_in_training_pool
integrin	0.7	family	CTTCGATTGACAGTCATATTACGCCAAAAGACTCCCGGCC	held_out_family_or_not_in_training_pool
integrin	0.7	family	CTTTGATGGCCGCGTACATTACGTCAAACGATCCCGACC	held_out_family_or_not_in_training_pool
integrin	0.7	family	GAAAACCTTTCTAGCGCCATTACGCGAAAAAACGAGCCCGCC	held_out_family_or_not_in_training_pool
integrin	0.7	family	GAAACCTTTCTAGCGCCATTACGCGAAAAAACGAGCCCGCC	held_out_family_or_not_in_training_pool
integrin	0.7	family	GAAACCTTTCTAGCGCCATTACGCGAAAAACGAGCCCGCC	held_out_family_or_not_in_training_pool
integrin	0.7	family	GAAACTAGTGACACATATACGCGACCTTTCTCCTCCGCCT	held_out_family_or_not_in_training_pool
integrin	0.7	family	GAAAGACGATACGCGACTATATATCCCCCGCCTTCGTGTT	held_out_family_or_not_in_training_pool
integrin	0.7	family	GAAAGACGATACGCGACTATATATCCCCGCCTTCGTGTT	held_out_family_or_not_in_training_pool
integrin	0.7	family	GAACTACGCCACAACGAACCCCGGCCTGTACCTTTCCGTA	held_out_family_or_not_in_training_pool
integrin	0.7	family	GAAGGACTACGCCAAACACCCCCCGGCCTGTCCCTATTAG	held_out_family_or_not_in_training_pool
integrin	0.7	family	GACACCACTTCATCACATTACGCGATCTTTCGTCCCCGCC	held_out_family_or_not_in_training_pool
integrin	0.7	family	GACATCTACGCAAAAAAGTGTTCCCCTGCCTGATGTGACAAA	held_out_family_or_not_in_training_pool
integrin	0.7	family	GACATCTACGCAAAAAATGTTCCCCTGCCTGATGTGACAAA	held_out_family_or_not_in_training_pool
integrin	0.7	family	GACATCTACGCAAAAAGTGCTCCCCTGCCTGATGTGACAAA	held_out_family_or_not_in_training_pool
integrin	0.7	family	GACATCTACGCAAAAAGTGTTCCCCTGCCTGATGTGACAAA	held_out_family_or_not_in_training_pool
integrin	0.7	family	GACATCTACGCAAAAGTGTCCCCCTGCCTGATGTGACAAA	held_out_family_or_not_in_training_pool
integrin	0.7	family	GACATCTACGCAAAAGTGTTCCCCCGCCTGATGTGACAAA	held_out_family_or_not_in_training_pool
integrin	0.7	family	GACATCTACGCAAAAGTGTTCCCCCTGCCTGATGTGACAAA	held_out_family_or_not_in_training_pool
integrin	0.7	family	GACATCTACGCAAAAGTGTTCCCCTGCCTGATGATGACAAA	held_out_family_or_not_in_training_pool
integrin	0.7	family	GACATCTACGCAAAAGTGTTCCCCTGCCTGATGCTGACAAA	held_out_family_or_not_in_training_pool
integrin	0.7	family	GACATCTACGCAAAAGTGTTCCCCTGCCTGATGTAACAAA	held_out_family_or_not_in_training_pool
integrin	0.7	family	GACATCTACGCAAAAGTGTTCCCCTGCCTGATGTGACAAG	held_out_family_or_not_in_training_pool
integrin	0.7	family	GACATCTACGCAAAAGTGTTCCCCTGCCTGATGTGACAAT	held_out_family_or_not_in_training_pool
integrin	0.7	family	GACATCTACGCAAAAGTGTTCCCCTGCCTGATGTGACAGA	held_out_family_or_not_in_training_pool
integrin	0.7	family	GACATCTACGCAAAAGTGTTCCCCTGCCTGATGTGACCAAA	held_out_family_or_not_in_training_pool
integrin	0.7	family	GACATCTACGCAAAAGTGTTCCCCTGCCTGATGTGACGAA	held_out_family_or_not_in_training_pool
integrin	0.7	family	GACATCTACGCAAAAGTGTTCCCCTGCCTGATGTGGCAAA	held_out_family_or_not_in_training_pool
integrin	0.7	family	GACATCTACGCAAAAGTGTTCCCCTGTCTGATGTGACAAA	held_out_family_or_not_in_training_pool
integrin	0.7	family	GACATCTACGCAAAAGTGTTCCCTTGCCTGATGTGACAAA	held_out_family_or_not_in_training_pool
integrin	0.7	family	GACCTACGCTAAATCACCCCAGCCTGGAACTGAACGGAAA	held_out_family_or_not_in_training_pool
integrin	0.7	family	GACCTACGTATACGAATCCCCTACCTGGTCCGCGTAATTA	held_out_family_or_not_in_training_pool
integrin	0.7	family	GACGCTACGCTAAAAAACCCCCCAGCCTGCTACCCAAATGT	held_out_family_or_not_in_training_pool
integrin	0.7	family	GACGTACGCGAAAAATCACCCCGCCTCGTCTTTACCTGAG	held_out_family_or_not_in_training_pool
integrin	0.7	family	GACGTACGCGAAAAGAATACCCCCGCCTCGTCCCTCAGAT	held_out_family_or_not_in_training_pool
integrin	0.7	family	GACTACCATCGAACGTACATTACGCTACTCTCTACCAGCC	held_out_family_or_not_in_training_pool
integrin	0.7	family	GACTACGCCAGAACACCCCCGGCCTGTCACTCCGTGTAC	held_out_family_or_not_in_training_pool
integrin	0.7	family	GACTACGCCAGAACACCCCCGGCCTGTCACTCCGTGTACT	held_out_family_or_not_in_training_pool
integrin	0.7	family	GACTACGCCAGAACACCCCCGGCCTGTCACTCCGTGTAT	held_out_family_or_not_in_training_pool
integrin	0.7	family	GACTACGCCATAATCGCACCCGGCCTGTCCTTCACCTGTA	held_out_family_or_not_in_training_pool
integrin	0.7	family	GACTACGCGAAACTTACACCCCCCGCCTGTCCTTAAACTT	held_out_family_or_not_in_training_pool
integrin	0.7	family	GACTACGCGAAACTTACTCCCCCCGCCTGTCCTTAAACTC	held_out_family_or_not_in_training_pool
integrin	0.7	family	GACTACGCGAAACTTACTCCCCCCGCCTGTCCTTAAACTG	held_out_family_or_not_in_training_pool
integrin	0.7	family	GACTACGCGAAACTTACTCCCCCCGCCTGTCCTTAAACTT	held_out_family_or_not_in_training_pool
integrin	0.7	family	GACTACGCGAAACTTACTCCCCCGCCTGTCCTTAAACTT	held_out_family_or_not_in_training_pool
integrin	0.7	family	GAGCTCCCTCACGAGCTACGCGAAATCTCACCCGCCTGC	held_out_family_or_not_in_training_pool
integrin	0.7	family	GAGGACTACGCAACCACCTTCCCTGCCTGTCCTCGTACAG	held_out_family_or_not_in_training_pool
integrin	0.7	family	GAGGACTACGCAACCACCTTCCTGCCTGTCCTCGTACAG	held_out_family_or_not_in_training_pool
integrin	0.7	family	GAGGGACTACGCCAAACACCCCCCGGCCTGTCCCTATTAG	held_out_family_or_not_in_training_pool
integrin	0.7	family	GAGTCTATTAAAGCAATGCACACGCGAATACGGGAGAAAC	held_out_family_or_not_in_training_pool
integrin	0.7	family	GAGTCTATTAAAGCCATGCACACGCGAAATACGGGAGAAAC	held_out_family_or_not_in_training_pool
integrin	0.7	family	GAGTCTATTAAAGCCATGCACACGCGAACTACGGGAGAAAC	held_out_family_or_not_in_training_pool
integrin	0.7	family	GAGTCTATTAAAGCCATGCACACGCGAATACGGGAGAAAAC	held_out_family_or_not_in_training_pool
integrin	0.7	family	GAGTCTATTAAAGCCATGCACACGCGAATACGGGAGAAAC	held_out_family_or_not_in_training_pool
integrin	0.7	family	GAGTCTATTAAAGCCATGCACACGCGAATACGGGAGAAC	held_out_family_or_not_in_training_pool
integrin	0.7	family	GAGTCTATTAAAGCCATGCACACGCGAATACGGGGAGAAAC	held_out_family_or_not_in_training_pool
integrin	0.7	family	GAGTCTATTAAAGCCATGCGCACGCGAATACGGGAGAAAC	held_out_family_or_not_in_training_pool
integrin	0.7	family	GAGTCTATTAAAGTCATGCACACGCGAATACGGGAGAAAC	held_out_family_or_not_in_training_pool
integrin	0.7	family	GATACGAAAAAATTCTGCCCCTTCCTTCCTTCGCCCTCACG	held_out_family_or_not_in_training_pool
integrin	0.7	family	GATACGAAAAATTCTGCCCCTTCCTTCCTTCGCCCTCACG	held_out_family_or_not_in_training_pool
integrin	0.7	family	GATACGCAACCCGCATCCCTGCCTTCCTTCGATGCACAAT	held_out_family_or_not_in_training_pool
integrin	0.7	family	GATACTACGCCACAACGAACCCCGGCCTGTACCTTTCCGTA	held_out_family_or_not_in_training_pool
integrin	0.7	family	GATACTACGCCACAACGAACCCCGGCCTGTACCTTTCCGTG	held_out_family_or_not_in_training_pool
integrin	0.7	family	GATACTACGCCACAACGAACCCGGCCTGTACCTTTCCGTA	held_out_family_or_not_in_training_pool
integrin	0.7	family	GATAGCCCCCGAGCGCCATTACGCATGAATCAACCTGCC	held_out_family_or_not_in_training_pool
integrin	0.7	family	GATCCGCACCATCGCTACGTGAACTTTCTGCCCCACCTGC	held_out_family_or_not_in_training_pool
integrin	0.7	family	GATCTAATGGACTACGCTACACTCTTCCAGCCTGCCAGC	held_out_family_or_not_in_training_pool
integrin	0.7	family	GATCTAATGGACTACGCTACACTCTTCCAGCCTGTCCAGC	held_out_family_or_not_in_training_pool
integrin	0.7	family	GATCTCACGCCGAGCTACGCGACTACCCCTCCCCGCCTGC	held_out_family_or_not_in_training_pool
integrin	0.7	family	GATGTCTGCACTTGCATACGCCAATCTCTCAGGCCTTGCT	held_out_family_or_not_in_training_pool
integrin	0.7	family	GCAAGCCTACGCAGGTCTCCAGCCTGGCTTGGCTCTTGAT	held_out_family_or_not_in_training_pool
integrin	0.7	family	GCAATACCTGCACGTACTACGCGAAAACTGTCCCCCGCCTG	held_out_family_or_not_in_training_pool
integrin	0.7	family	GCAATCCTGCACGTACTACGCGAAAAACTGTCCCCCCGCCTG	held_out_family_or_not_in_training_pool
integrin	0.7	family	GCAATCCTGCACGTACTACGCGAAAAACTGTCCCCCGCCTG	held_out_family_or_not_in_training_pool
integrin	0.7	family	GCAATCCTGCACGTACTACGCGAAAACTGTCCCCCGCCTC	held_out_family_or_not_in_training_pool
integrin	0.7	family	GCAATCCTGCACGTACTACGCGAAAACTGTCCCCCGCCTG	held_out_family_or_not_in_training_pool
integrin	0.7	family	GCAATCCTGCACGTACTACGCGAAAACTGTCCCCGCCTG	held_out_family_or_not_in_training_pool
integrin	0.7	family	GCAATCCTGCACGTACTACGCGAAAATTGTCCCCCGCCTG	held_out_family_or_not_in_training_pool
integrin	0.7	family	GCAATCCTGCACGTACTACGCGAAGACTGTCCCCCGCCTG	held_out_family_or_not_in_training_pool
integrin	0.7	family	GCAATCGCTACGCGACACGTTCCCCCGCCTGCGATTCATC	held_out_family_or_not_in_training_pool
integrin	0.7	family	GCACACCCTCTAACGCACATTACGCCAAACCCTCTCAGCC	held_out_family_or_not_in_training_pool
integrin	0.7	family	GCACACCCTCTAACGCACATTACGCTAAACCCTCTCAGC	held_out_family_or_not_in_training_pool
integrin	0.7	family	GCACACCCTCTAACGCACATTACGCTAAACCCTCTCAGCC	held_out_family_or_not_in_training_pool
integrin	0.7	family	GCACTACGCAAAAGTGTCCTCCCTGCCTGTGCCGACAAAG	held_out_family_or_not_in_training_pool
integrin	0.7	family	GCACTACGCCAAGCGCCTCCCGGCCTGTGCCTTTCAGCAG	held_out_family_or_not_in_training_pool
integrin	0.7	family	GCACTACGCCACAACGAACCCCGGCCTGTACCTTTCCGTA	held_out_family_or_not_in_training_pool
integrin	0.7	family	GCAGTCTACGCGACGTGTTACCCCCGCCTGGCTGCCAAC	held_out_family_or_not_in_training_pool
integrin	0.7	family	GCAGTTACGCGAACGTTCTTCCCGCCTGCTGCCCGCTAAC	held_out_family_or_not_in_training_pool
integrin	0.7	family	GCAGTTACGCGAACGTTTTTCCCGCCTGCTGCCCGCTAAG	held_out_family_or_not_in_training_pool
integrin	0.7	family	GCAGTTCCTGCAACGCATATTACGCCAACGTTCCCCGGCC	held_out_family_or_not_in_training_pool
integrin	0.7	family	GCCCAAAGTTACGCGAAACTCTCCCCCGCCTACTGCGGGA	held_out_family_or_not_in_training_pool
integrin	0.7	family	GCCCAACTAACTAGCTACGTAAAAACGCTTCCCTACCTGC	held_out_family_or_not_in_training_pool
integrin	0.7	family	GCCCTACGCAACAGTATGTCCCTGCCTGGGCCGTCAAAAG	held_out_family_or_not_in_training_pool
integrin	0.7	family	GCCCTACGCGGACACGTTCGCCCCGCCTGGGACTTTGCAC	held_out_family_or_not_in_training_pool
integrin	0.7	family	GCCGCCTACGTGAAACACACGCCCCACCTGGTGGCCAGCT	held_out_family_or_not_in_training_pool
integrin	0.7	family	GCCTACGCAAACTTACCTCTCTGCCTGCCTCGCGGCATC	held_out_family_or_not_in_training_pool
integrin	0.7	family	GCCTACGCGAAACTAATCCCCCGCCTGGCCAGCCCGTATC	held_out_family_or_not_in_training_pool
integrin	0.7	family	GCCTCCTCACGCGTCACATTACGCGAAACTTCACCCCGCC	held_out_family_or_not_in_training_pool
integrin	0.7	family	GCCTCGCCGGCTTACGCTAAATGTCCTCCTAGCCTAGCCT	held_out_family_or_not_in_training_pool
integrin	0.7	family	GCGAGCTACGCGACATTTCCCTCGCCTGCAGCCTTGTACG	held_out_family_or_not_in_training_pool
integrin	0.7	family	GCGCACCACGGCTTACGCAAAAAGCCTCCCTGCCTAGCAG	held_out_family_or_not_in_training_pool
integrin	0.7	family	GCGCACCAGATATCCTACGCAAATCTTTTCCCTGCCTGAA	held_out_family_or_not_in_training_pool
integrin	0.7	family	GCGCTACGCAAAAAGTGTCCTCCCTGCCTGTGCCGACAAAG	held_out_family_or_not_in_training_pool
integrin	0.7	family	GCGCTACGCAAAAGTGTCCTCCCTGCCTGTGCCGACAAAG	held_out_family_or_not_in_training_pool
integrin	0.7	family	GCGTACGCAACACGACAATCCCTGCCTCGCCATCACGCAA	held_out_family_or_not_in_training_pool
integrin	0.7	family	GCGTACGCAACACGACTATCCCTGCCTCGCCATCACGCAA	held_out_family_or_not_in_training_pool
integrin	0.7	family	GCGTACGCAGATGGTTTTCCCTGCCTCGTCCTACATATG	held_out_family_or_not_in_training_pool
integrin	0.7	family	GCTATATACGCGACAGACCGTCCCCGCCTTATAGCAACTG	held_out_family_or_not_in_training_pool
integrin	0.7	family	GCTCCTAGTCCATTTTGGCGCACGCGAATACGGGAGACAC	held_out_family_or_not_in_training_pool
integrin	0.7	family	GCTCGTCTGTCAGCACTATTACGCAAACAATCCCCCTGCC	held_out_family_or_not_in_training_pool
integrin	0.7	family	GCTCTACGCGAGAGAGAGCTCCCCGCCTGAGCCTACCATG	held_out_family_or_not_in_training_pool
integrin	0.7	family	GCTGACAGCATAGCTACGCGTAAAGTGTCTCTCCGCCTGC	held_out_family_or_not_in_training_pool
integrin	0.7	family	GCTGACGCAACTACTTACGCCACACACTTCCCCGGCCTAG	held_out_family_or_not_in_training_pool
integrin	0.7	family	GCTTACGTAACTAACCCCCTACCTAGCTTCCCGGATAATA	held_out_family_or_not_in_training_pool
integrin	0.7	family	GCTTCCAGCTACGCGACAATCCCTCCCCGCCTGCTTCGCC	held_out_family_or_not_in_training_pool
integrin	0.7	family	GGAACAACCGAGACCAAACGCACGCGAAAACGGGAGCAAC	held_out_family_or_not_in_training_pool
integrin	0.7	family	GGAACTACGCCACAACGAACCCCGGCCTGTACCTTTCCGTA	held_out_family_or_not_in_training_pool
integrin	0.7	family	GGACTACGCAAAGATTAACCCCTGCCTGTCCTCTTTCTTA	held_out_family_or_not_in_training_pool
integrin	0.7	family	GGACTACGCCAGAACACCCCCGGCCTGTCACTCCGTGTAT	held_out_family_or_not_in_training_pool
integrin	0.7	family	GGACTACGCTAAATATCCACCCAGCCTGTTCCTGCGGACT	held_out_family_or_not_in_training_pool
integrin	0.7	family	GGCATACGCTAAAAACCCTCCAGCCTTGCCGCAATACTGT	held_out_family_or_not_in_training_pool
integrin	0.7	family	GGCATATACGCTACGTTAAAACTCCTCCAACCTGCGTTAA	held_out_family_or_not_in_training_pool
integrin	0.7	family	GGCCACTACGCAACCAACCTCCCCTGCCTGTGGCGCGAAT	held_out_family_or_not_in_training_pool
integrin	0.7	family	GGCCGTACGCGAACAGTATATCCCCGCCTCGGCGCAATTC	held_out_family_or_not_in_training_pool
integrin	0.7	family	GGCGTACGCAGATGGTTTTCCCTGCCTCGTCCTACATATG	held_out_family_or_not_in_training_pool
integrin	0.7	family	GGCTTACGCGAAGAACAACACCCCGCCTAGCCCTCATCAG	held_out_family_or_not_in_training_pool
integrin	0.7	family	GGCTTATTACGCTAAAAAAATCCTCCAGCCTATAGGCCAG	held_out_family_or_not_in_training_pool
integrin	0.7	family	GGCTTATTACGCTAAAAAAATCCTCCCAGCCTATAGGCCAG	held_out_family_or_not_in_training_pool
integrin	0.7	family	GGCTTATTACGCTAAAAAATCCTCCAGCCTATAGGCCAG	held_out_family_or_not_in_training_pool
integrin	0.7	family	GGCTTATTACGCTAAAAAATCCTCCCAGCCTATAGGCCAG	held_out_family_or_not_in_training_pool
integrin	0.7	family	GGTTGCGCTTCACATACTACGCGAAACTCGGCCCCGCCTG	held_out_family_or_not_in_training_pool
integrin	0.7	family	GTAAAGCCTAGCAGCACATTACGCCACCCAACACCCGGCC	held_out_family_or_not_in_training_pool
integrin	0.7	family	GTACCACATACGCCAAAAATCTCCCGGCCTTGTGAGACGAA	held_out_family_or_not_in_training_pool
integrin	0.7	family	GTACCACATACGCCAAAATCTCCCGGCCTTGTGAGACGAA	held_out_family_or_not_in_training_pool
integrin	0.7	family	GTACCACATACGCCAAAATCTCCCGGCCTTGTGAGACGAATA	held_out_family_or_not_in_training_pool
integrin	0.7	family	GTACCTACGCCACAACGAACCCCGGCCTGTACCTTTCCGTA	held_out_family_or_not_in_training_pool
integrin	0.7	family	GTACGTACGCCACAACGAACCCCGGCCCTGTACCTTTCCGTA	held_out_family_or_not_in_training_pool
integrin	0.7	family	GTACTAACGCCACAACGAACCCCGGCCTGTACCTTTCCGTA	held_out_family_or_not_in_training_pool
integrin	0.7	family	GTACTACGACCACAACGAACCCCGGCCTGTACCTTTCCGTA	held_out_family_or_not_in_training_pool
integrin	0.7	family	GTACTACGCCAACAACGAACCCCGGCCTGTACCTTCCGTA	held_out_family_or_not_in_training_pool
integrin	0.7	family	GTACTACGCCAACAACGAACCCCGGCCTGTACCTTTCCGTA	held_out_family_or_not_in_training_pool
integrin	0.7	family	GTACTACGCCAACAACGAACCCCGGCCTGTACCTTTCCGTG	held_out_family_or_not_in_training_pool
integrin	0.7	family	GTACTACGCCACAAACGAACCCCGGCCTGTACCTTTCCGTA	held_out_family_or_not_in_training_pool
integrin	0.7	family	GTACTACGCCACAACAAACCCCGGCCTGTACCTTTCCGTA	held_out_family_or_not_in_training_pool
integrin	0.7	family	GTACTACGCCACAACGAAACCCCGGCCTGTACCTTTCCGTA	held_out_family_or_not_in_training_pool
integrin	0.7	family	GTACTACGCCACAACGAACCCCAGCCTGTACCTTTCCGTA	held_out_family_or_not_in_training_pool
integrin	0.7	family	GTACTACGCCACAACGAACCCCCGGCCTGTACCTTTCCGTA	held_out_family_or_not_in_training_pool
integrin	0.7	family	GTACTACGCCACAACGAACCCCGGACCTTCGTACCTTTCCGTA	held_out_family_or_not_in_training_pool
integrin	0.7	family	GTACTACGCCACAACGAACCCCGGCCCGTACCTTTCCGTA	held_out_family_or_not_in_training_pool
integrin	0.7	family	GTACTACGCCACAACGAACCCCGGCCCTGTACCTTTCCGTA	held_out_family_or_not_in_training_pool
integrin	0.7	family	GTACTACGCCACAACGAACCCCGGCCTAGTACCTTTCCGTA	held_out_family_or_not_in_training_pool
integrin	0.7	family	GTACTACGCCACAACGAACCCCGGCCTCGTACCTTTCCGATA	held_out_family_or_not_in_training_pool
integrin	0.7	family	GTACTACGCCACAACGAACCCCGGCCTCGTACCTTTCCGTA	held_out_family_or_not_in_training_pool
integrin	0.7	family	GTACTACGCCACAACGAACCCCGGCCTGTAACCTTTCCGTA	held_out_family_or_not_in_training_pool
integrin	0.7	family	GTACTACGCCACAACGAACCCCGGCCTGTACCCTTCCGTA	held_out_family_or_not_in_training_pool
integrin	0.7	family	GTACTACGCCACAACGAACCCCGGCCTGTACCCTTTCCGTA	held_out_family_or_not_in_training_pool
integrin	0.7	family	GTACTACGCCACAACGAACCCCGGCCTGTACCCTTTCCGTG	held_out_family_or_not_in_training_pool
integrin	0.7	family	GTACTACGCCACAACGAACCCCGGCCTGTACCGTTCCGTA	held_out_family_or_not_in_training_pool
integrin	0.7	family	GTACTACGCCACAACGAACCCCGGCCTGTACCTCTCCGTA	held_out_family_or_not_in_training_pool
integrin	0.7	family	GTACTACGCCACAACGAACCCCGGCCTGTACCTTCCGCTA	held_out_family_or_not_in_training_pool
integrin	0.7	family	GTACTACGCCACAACGAACCCCGGCCTGTACCTTCCGTA	held_out_family_or_not_in_training_pool
integrin	0.7	family	GTACTACGCCACAACGAACCCCGGCCTGTACCTTGCCGTA	held_out_family_or_not_in_training_pool
integrin	0.7	family	GTACTACGCCACAACGAACCCCGGCCTGTACCTTTCCATA	held_out_family_or_not_in_training_pool
integrin	0.7	family	GTACTACGCCACAACGAACCCCGGCCTGTACCTTTCCCGTA	held_out_family_or_not_in_training_pool
integrin	0.7	family	GTACTACGCCACAACGAACCCCGGCCTGTACCTTTCCGATA	held_out_family_or_not_in_training_pool
integrin	0.7	family	GTACTACGCCACAACGAACCCCGGCCTGTACCTTTCCGCA	held_out_family_or_not_in_training_pool
integrin	0.7	family	GTACTACGCCACAACGAACCCCGGCCTGTACCTTTCCGCTA	held_out_family_or_not_in_training_pool
integrin	0.7	family	GTACTACGCCACAACGAACCCCGGCCTGTACCTTTCCGTA	held_out_family_or_not_in_training_pool
integrin	0.7	family	GTACTACGCCACAACGAACCCCGGCCTGTACCTTTCCGTAA	held_out_family_or_not_in_training_pool
integrin	0.7	family	GTACTACGCCACAACGAACCCCGGCCTGTACCTTTCCGTC	held_out_family_or_not_in_training_pool
integrin	0.7	family	GTACTACGCCACAACGAACCCCGGCCTGTACCTTTCCGTG	held_out_family_or_not_in_training_pool
integrin	0.7	family	GTACTACGCCACAACGAACCCCGGCCTGTACCTTTCCGTGA	held_out_family_or_not_in_training_pool
integrin	0.7	family	GTACTACGCCACAACGAACCCCGGCCTGTACCTTTCGTA	held_out_family_or_not_in_training_pool
integrin	0.7	family	GTACTACGCCACAACGAACCCCGGCCTGTACCTTTCTGTA	held_out_family_or_not_in_training_pool
integrin	0.7	family	GTACTACGCCACAACGAACCCCGGCCTGTACCTTTGCCGTA	held_out_family_or_not_in_training_pool
integrin	0.7	family	GTACTACGCCACAACGAACCCCGGCCTGTACCTTTTCCGTA	held_out_family_or_not_in_training_pool
integrin	0.7	family	GTACTACGCCACAACGAACCCCGGCCTGTACTTTTCCGTA	held_out_family_or_not_in_training_pool
integrin	0.7	family	GTACTACGCCACAACGAACCCCGGCCTGTATCTTTCCGTA	held_out_family_or_not_in_training_pool
integrin	0.7	family	GTACTACGCCACAACGAACCCCGGCCTGTGCCTTTCCGTA	held_out_family_or_not_in_training_pool
integrin	0.7	family	GTACTACGCCACAACGAACCCCGGCCTTCGTACCTTTCCGTA	held_out_family_or_not_in_training_pool
integrin	0.7	family	GTACTACGCCACAACGAACCCCGGGCCTGTACCTTTCCGTA	held_out_family_or_not_in_training_pool
integrin	0.7	family	GTACTACGCCACAACGAACCCGCCGCTGTACCTTTCCGTA	held_out_family_or_not_in_training_pool
integrin	0.7	family	GTACTACGCCACAACGAACCCGGCCTAGTACCTTTCCGTA	held_out_family_or_not_in_training_pool
integrin	0.7	family	GTACTACGCCACAACGAACCCGGCCTGTACCTTCCGTA	held_out_family_or_not_in_training_pool
integrin	0.7	family	GTACTACGCCACAACGAACCCGGCCTGTACCTTTCCGTA	held_out_family_or_not_in_training_pool
integrin	0.7	family	GTACTACGCCACAACGAACCCGGCCTGTACCTTTCCGTG	held_out_family_or_not_in_training_pool
integrin	0.7	family	GTACTACGCCACAACGAATCCCGGCCTGTACCTTTCCGTA	held_out_family_or_not_in_training_pool
integrin	0.7	family	GTACTACGCCACAACGAGCCCCGGCCTGTACCTTTCCGTA	held_out_family_or_not_in_training_pool
integrin	0.7	family	GTACTACGCCACAACGGAACCCCGGCCTGTACCTTTCCGTA	held_out_family_or_not_in_training_pool
integrin	0.7	family	GTACTACGCCACAACGGACCCCGGCCTGTACCTTTCCGTA	held_out_family_or_not_in_training_pool
integrin	0.7	family	GTACTACGCCACAACTAACCCCGGCCTGTACCTTTCCGTA	held_out_family_or_not_in_training_pool
integrin	0.7	family	GTACTACGCCACAATGAACCCCGGCCTGTACCTTTCCGTA	held_out_family_or_not_in_training_pool
integrin	0.7	family	GTACTACGCCACACGAACCCGGACCCGCTGTACCTTTCCGTA	held_out_family_or_not_in_training_pool
integrin	0.7	family	GTACTACGCCACAGCGAACCCCGGCCTGTACCTTTCCGTA	held_out_family_or_not_in_training_pool
integrin	0.7	family	GTACTACGCCACGACGAACCCCGGCCTGTACCTTTCCGTA	held_out_family_or_not_in_training_pool
integrin	0.7	family	GTACTACGCCCACAACGAACCCCGGCCTGTACCTTTCCGTA	held_out_family_or_not_in_training_pool
integrin	0.7	family	GTACTACGCCGCAACGAACCCCGGCCTGTACCTTTCCGTA	held_out_family_or_not_in_training_pool
integrin	0.7	family	GTACTACGCCTACAACGAACCCCGGCCTGTACCTTTCCGTA	held_out_family_or_not_in_training_pool
integrin	0.7	family	GTACTACGGCCACAACGAACCCCGGCCTGTACCTTTCCGTA	held_out_family_or_not_in_training_pool
integrin	0.7	family	GTACTACGTCACAACGAACCCCGGCCTGTACCTTTCCGTA	held_out_family_or_not_in_training_pool
integrin	0.7	family	GTACTGCGCCACAACGAACCCCGGCCTGTACCTTTCCGTA	held_out_family_or_not_in_training_pool
integrin	0.7	family	GTATTACGCCACAACGAACCCCGGCCTGTACCTTTCCGTA	held_out_family_or_not_in_training_pool
integrin	0.7	family	GTCAAACGACCGCGCCACATTACGTCACTTCTTCCCGACC	held_out_family_or_not_in_training_pool
integrin	0.7	family	GTCAATACGCTAAAAAACTCCCAGCCTTTGACCGTGGCAA	held_out_family_or_not_in_training_pool
integrin	0.7	family	GTCAATACGCTAAAAACTCCCAGCCTTTGACCGTGGCAA	held_out_family_or_not_in_training_pool
integrin	0.7	family	GTCAATACGCTAAAAACTCCCAGCCTTTGACCGTGGCAG	held_out_family_or_not_in_training_pool
integrin	0.7	family	GTCCAGACCTACGCAAAACCAACACCCTGCCTGGTCTACA	held_out_family_or_not_in_training_pool
integrin	0.7	family	GTCCTACGCAAAATTCCTTCCCCTGCCTGGATTTCTAGCTA	held_out_family_or_not_in_training_pool
integrin	0.7	family	GTCGCTACGCCACCTTTCTCTCGGCCTGCGACGTTGCAAC	held_out_family_or_not_in_training_pool
integrin	0.7	family	GTCTTCCTGGCGCCATCTACGCGACTGGTGCTCCCCGCCT	held_out_family_or_not_in_training_pool
integrin	0.7	family	GTGAACTTACGCAACCAACCCCCCTGCCTAGTTTCCTCCA	held_out_family_or_not_in_training_pool
integrin	0.7	family	GTGACTACGCCACAACGAACCCCGGCCTGTACCTTTCCGTA	held_out_family_or_not_in_training_pool
integrin	0.7	family	GTGCCGTACGCAAAAAACACACCCCTGCCTCGGCGCTAATC	held_out_family_or_not_in_training_pool
integrin	0.7	family	GTGCCGTACGCAAAAACACACCCCTGCCTCGGCGCTAATC	held_out_family_or_not_in_training_pool
integrin	0.7	family	GTGCTACGCCACAACGAACCCCGGCCTGTACCTTTCCGTA	held_out_family_or_not_in_training_pool
integrin	0.7	family	GTTACTACGCCACAACGAACCCCGGCCTGTACCTTTCCGTA	held_out_family_or_not_in_training_pool
integrin	0.7	family	GTTCAAATCCCCGCACATTACGTAACACTCGAACCCTACC	held_out_family_or_not_in_training_pool
integrin	0.7	family	GTTCAAATCCCGCACATTACGTAACACTCGAACCCTACC	held_out_family_or_not_in_training_pool
integrin	0.7	family	GTTCAAGTCCCCGCACATTACGTAACACTCGAACCCTACC	held_out_family_or_not_in_training_pool
integrin	0.7	family	GTTGACAGCATAGCTACGCGTAAAGTGTCTCTCCGCCTGC	held_out_family_or_not_in_training_pool
integrin	0.7	family	TAAACCTTTCTAGCGCCATTACGCGAAAAAACGAGCCCGCC	held_out_family_or_not_in_training_pool
integrin	0.7	family	TAAACCTTTCTAGCGCCATTACGCGAAAAACGAGCCCGCC	held_out_family_or_not_in_training_pool
integrin	0.7	family	TAAACTAGTGACACATATACGCGACCTTTCTCCTCCGCCT	held_out_family_or_not_in_training_pool
integrin	0.7	family	TAAACTCGCCCGCGCTCATCACGCGAAAATCAACCCCGCC	held_out_family_or_not_in_training_pool
integrin	0.7	family	TAAAGAATCTACGCCAAACAGTCCCGGCCTGATTTTCACA	held_out_family_or_not_in_training_pool
integrin	0.7	family	TAAAGAGCGCACAGTACTACGCGACACTCCTCTCCGCCTG	held_out_family_or_not_in_training_pool
integrin	0.7	family	TAAAGAGCGCACAGTGCTACGCGACACTCCTCTCCGCCTG	held_out_family_or_not_in_training_pool
integrin	0.7	family	TAAAGCCATGCACAACTACGCTACTACCCCTCCAGCCTGA	held_out_family_or_not_in_training_pool
integrin	0.7	family	TAACATGCTTACGCGAAACACCCCCCGCCTAGCAACAAG	held_out_family_or_not_in_training_pool
integrin	0.7	family	TAACATTGCTTACGCGAAACACCCCCCGCCTAGCAACAAG	held_out_family_or_not_in_training_pool
integrin	0.7	family	TAACCACACTTAGTCACATTACGCCACTTTTCCCCCGGCC	held_out_family_or_not_in_training_pool
integrin	0.7	family	TAACCACCCACCACGACGCGCACGCGATTACGGGGAGCAAC	held_out_family_or_not_in_training_pool
integrin	0.7	family	TAACCAGGAGGACGCACATTACGCAAAAAAGTATCCCTGCC	held_out_family_or_not_in_training_pool
integrin	0.7	family	TAACCAGGAGGACGCACATTACGCAAAAAGTATCCCTGCC	held_out_family_or_not_in_training_pool
integrin	0.7	family	TAACCCAAAGATCGCCATTACGCTATACTCTACCCCAGCC	held_out_family_or_not_in_training_pool
integrin	0.7	family	TAACCCATTGTTACGCCAAAATTCTCTCCGGCCTACAACGA	held_out_family_or_not_in_training_pool
integrin	0.7	family	TAACCCATTGTTACGCCAAATTCTCTCCGGCCTACAACGA	held_out_family_or_not_in_training_pool
integrin	0.7	family	TAACCCATTGTTACGCCAAATTCTCTCCGGCCTACAACGG	held_out_family_or_not_in_training_pool
integrin	0.7	family	TAACCCATTGTTACGCCAAATTCTCTCCGGCCTACAATGA	held_out_family_or_not_in_training_pool
integrin	0.7	family	TAACCCTTGCACATTATACGCAAAAAAGATCTACCTGCCT	held_out_family_or_not_in_training_pool
integrin	0.7	family	TAACCGCCACCACGACGCGCACGCGATTACGGGAGCAAC	held_out_family_or_not_in_training_pool
integrin	0.7	family	TAACCGCCCACAACGACGCGCACGCGATTACGGGAGCAAC	held_out_family_or_not_in_training_pool
integrin	0.7	family	TAACCGCCCACCACAACGCGCACGCGATTACGGGAGCAAC	held_out_family_or_not_in_training_pool
integrin	0.7	family	TAACCGCCCACCACGAACGCGCACGCGATTACGGGAGCAAC	held_out_family_or_not_in_training_pool
integrin	0.7	family	TAACCGCCCACCACGACGCGCACGCGATGACGGGAGAAAC	held_out_family_or_not_in_training_pool
integrin	0.7	family	TAACCGCCCACCACGACGCGCACGCGATTACGGGAGCAAC	held_out_family_or_not_in_training_pool
integrin	0.7	family	TAACCGCCCACCACGACGCGCACGCGATTACGGGGAGCAAC	held_out_family_or_not_in_training_pool
integrin	0.7	family	TAACCGCCCACCACGACGCGCGCGCGATTACGGGAGCAAC	held_out_family_or_not_in_training_pool
integrin	0.7	family	TAACCGCCCACCACGACTGCGCACGCGATTACGGGAGCAAC	held_out_family_or_not_in_training_pool
integrin	0.7	family	TAACCGCCCACCACGGCGCGCACGCGATTACGGGAGCAAC	held_out_family_or_not_in_training_pool
integrin	0.7	family	TAACCGCCCCACCACGACGCGCACGCGATTACGGGAGCAAC	held_out_family_or_not_in_training_pool
integrin	0.7	family	TAACCGCCCCACCACGACGCGCACGCGATTACGGGGAGCAAC	held_out_family_or_not_in_training_pool
integrin	0.7	family	TAACCGCCCGCCACGACGCGCACGCGATTACGGGAGCAAC	held_out_family_or_not_in_training_pool
integrin	0.7	family	TAACCTACGCGAAACACTACCCTCGCCTGGTTGCTCATGT	held_out_family_or_not_in_training_pool
integrin	0.7	family	TAACCTACGCGAAACACTACCTCGCCTGGTTGCTCATGC	held_out_family_or_not_in_training_pool
integrin	0.7	family	TAACCTACTCTAGCGGCGCACGCGACAACGGGAGAAAC	held_out_family_or_not_in_training_pool
integrin	0.7	family	TAACCTCAGGCTACGCGAAACCTTTCCCCGCCTGCCTATG	held_out_family_or_not_in_training_pool
integrin	0.7	family	TAACTCTAATGCCTATCTACGCAACCACGCCCCTGCCTGA	held_out_family_or_not_in_training_pool
integrin	0.7	family	TAACTGCCCACCACGACGCGCACGCGATTACGGGAGCAAC	held_out_family_or_not_in_training_pool
integrin	0.7	family	TAACTGTATTGCCATCCTACGCGACTATTCCCCCCGCCTG	held_out_family_or_not_in_training_pool
integrin	0.7	family	TAAGACGCACCATAACCTACGCAAGAGTTCTCTCTGCCTGA	held_out_family_or_not_in_training_pool
integrin	0.7	family	TAAGACGCACCATAACTACGCAAGAGTCCTCTCTGCCTGA	held_out_family_or_not_in_training_pool
integrin	0.7	family	TAAGACGCACCATAACTACGCAAGAGTTCTCTCTCGCCTGA	held_out_family_or_not_in_training_pool
integrin	0.7	family	TAAGACGCACCATAACTACGCAAGAGTTCTCTCTCGCCTGAC	held_out_family_or_not_in_training_pool
integrin	0.7	family	TAAGACGCACCATAACTACGCAAGAGTTCTCTCTGCCTGC	held_out_family_or_not_in_training_pool
integrin	0.7	family	TAAGACGCACCATAACTACGCAAGAGTTCTCTCTGCCTGG	held_out_family_or_not_in_training_pool
integrin	0.7	family	TAAGACGCACCATAACTACGCAAGAGTTCTCTCTGCTGA	held_out_family_or_not_in_training_pool
integrin	0.7	family	TAAGACGCACCATAACTACGCAAGGGTTCTCTCTGCCTGA	held_out_family_or_not_in_training_pool
integrin	0.7	family	TAAGACGCACCATACTACGCAAGAGTTCTCTCTGCCTGA	held_out_family_or_not_in_training_pool
integrin	0.7	family	TAAGACGCACGATAACTACGCAAGAGTTCTCTCTGCCTGA	held_out_family_or_not_in_training_pool
integrin	0.7	family	TAAGACGCGCCATAACTACGCAAGAGTTCTCTCTGCCTGA	held_out_family_or_not_in_training_pool
integrin	0.7	family	TAAGACGGTACGCGACTCAACACCCGCCTCCGTCAGGTTC	held_out_family_or_not_in_training_pool
integrin	0.7	family	TAAGACGGTACGCGACTCAACACCCGCCTCCGTCAGGTTT	held_out_family_or_not_in_training_pool
integrin	0.7	family	TAAGAGACGGTACGCAACGCACCCCCTGCCTCCGTTTCCA	held_out_family_or_not_in_training_pool
integrin	0.7	family	TAAGCAGAAGTCTACGCAACAGTTTCCCTGCCTGACTCAA	held_out_family_or_not_in_training_pool
integrin	0.7	family	TAAGCAGGCCAACACATATACGTCAAAATTTCCCCGACCT	held_out_family_or_not_in_training_pool
integrin	0.7	family	TAAGGACTACGCCAAACACCCCCCGGCCTGTCCCTATTACG	held_out_family_or_not_in_training_pool
integrin	0.7	family	TAATACACCCAAGCACATACGTGAAAACCATCCCCACC	held_out_family_or_not_in_training_pool
integrin	0.7	family	TAATACACCCAAGCACATTACGTGAAAAACCATCCCCACC	held_out_family_or_not_in_training_pool
integrin	0.7	family	TAATACACCCAAGCACATTACGTGAAAACCATCCCCACC	held_out_family_or_not_in_training_pool
integrin	0.7	family	TAATACACCCAAGCACATTACGTGAAAACCCATCCCCACC	held_out_family_or_not_in_training_pool
integrin	0.7	family	TAATATTCTCCGTTCACATTACGCTAAACGCCTCCCAGCC	held_out_family_or_not_in_training_pool
integrin	0.7	family	TACAACACGGTGGCACACATTACGCTAAACCTTCCCAGCC	held_out_family_or_not_in_training_pool
integrin	0.7	family	TACAACTACGCAAATCTCTCCTGCCTGTTGTCGGAATAGC	held_out_family_or_not_in_training_pool
integrin	0.7	family	TACACCACTTCATCACATTACGCGATCTTTCGTCCCCGCC	held_out_family_or_not_in_training_pool
integrin	0.7	family	TACACGCGACTACGCAACAAGTCTTTCCCCTGCCTGTCGA	held_out_family_or_not_in_training_pool
integrin	0.7	family	TACAGGAACCGTCGTATGAACACGCGAAAACGGGAGACAC	held_out_family_or_not_in_training_pool
integrin	0.7	family	TACATCTACGCAAAAAAGTGTTCCCCTGCCTGATGTGACAAA	held_out_family_or_not_in_training_pool
integrin	0.7	family	TACATCTACGCAAAAAGTGTTCCCCTGCCTGATGTGACAAA	held_out_family_or_not_in_training_pool
integrin	0.7	family	TACATCTACGCAAAAGTGTTCCCCTGCCTGATGTGACAAA	held_out_family_or_not_in_training_pool
integrin	0.7	family	TACATCTACGCAAAAGTGTTCCCCTGCCTGATGTGACCAAA	held_out_family_or_not_in_training_pool
integrin	0.7	family	TACATGCAACATACCTACGCAACACTCAACCCCTGCCTTT	held_out_family_or_not_in_training_pool
integrin	0.7	family	TACCAGGTTACGCTAACTCCTCCAGCCTACCCGGTGTGAT	held_out_family_or_not_in_training_pool
integrin	0.7	family	TACCGCCACACGACGCGCACGCGATTACGGGAGCAAC	held_out_family_or_not_in_training_pool
integrin	0.7	family	TACCGCCACCACGCACTGCGCACGCGATTACGGGAGCAAC	held_out_family_or_not_in_training_pool
integrin	0.7	family	TACCGCTACGCCAATACCTTCCCGGCCTGCGGATACTTTA	held_out_family_or_not_in_training_pool
integrin	0.7	family	TACCGGCTCTATGACAGCGCAGATTGATTACGGGAGAAAC	held_out_family_or_not_in_training_pool
integrin	0.7	family	TACCTCCGAGACGCATACTTACGCGAAACTTATCCCCGCC	held_out_family_or_not_in_training_pool
integrin	0.7	family	TACCTCGTTCACGCATATTACGCTAAATGTTCGCCCAGCC	held_out_family_or_not_in_training_pool
integrin	0.7	family	TACCTCTCCCAACAGCGGAACTGTTTCTCGGATCCAAAAGG	held_out_family_or_not_in_training_pool
integrin	0.7	family	TACCTCTCCCAACAGCGGAACTGTTTCTCGGTCCAAAAGG	held_out_family_or_not_in_training_pool
integrin	0.7	family	TACCTCTCGCAACGCACATTACGTCAAGCTCTGCCCGACC	held_out_family_or_not_in_training_pool
integrin	0.7	family	TACCTGTCCTACGCAACATACCCCCTGCCTGGACAAAACG	held_out_family_or_not_in_training_pool
integrin	0.7	family	TACCTGTCTTGCCTCATTACGCGAAAAAGTCTCACCCCGCC	held_out_family_or_not_in_training_pool
integrin	0.7	family	TACCTGTCTTGCCTCATTACGCGAAAAGTCTCACCCCGCC	held_out_family_or_not_in_training_pool
integrin	0.7	family	TACCTTGCCACCGTCTCACATTACGCTAAATCTCTCCAGCC	held_out_family_or_not_in_training_pool
integrin	0.7	family	TACGACTACTTCGGCACATTACGCGACGATCGAACCGCC	held_out_family_or_not_in_training_pool
integrin	0.7	family	TACGCTAAAATCCAGCGGCGCACGCGATGACGGGAGAAAC	held_out_family_or_not_in_training_pool
integrin	0.7	family	TACTACCATCGAACGTACATTACGCTACTCTCTACCAGC	held_out_family_or_not_in_training_pool
integrin	0.7	family	TACTACCATCGAACGTACATTACGCTACTCTCTACCAGCC	held_out_family_or_not_in_training_pool
integrin	0.7	family	TACTACGCCACAACGAACCCCGGCCTGTACCTTTCCGTA	held_out_family_or_not_in_training_pool
integrin	0.7	family	TACTACGCGAAACTTACTCCCCCCGCCTGTCCTTAAACTT	held_out_family_or_not_in_training_pool
integrin	0.7	family	TACTACGTGACCATGATTCCCCACCTGTGCTTCAGTCAGT	held_out_family_or_not_in_training_pool
integrin	0.7	family	TACTCCTAGTCCATTTTGGCGCACGCGAATACGGGAGACAC	held_out_family_or_not_in_training_pool
integrin	0.7	family	TACTGACCGACTAGCACATTACGCGAAAACCGACCCCGCC	held_out_family_or_not_in_training_pool
integrin	0.7	family	TACTGGGCTACGCGTAAATCTCTCCCGCCTGCCCGACTTC	held_out_family_or_not_in_training_pool
integrin	0.7	family	TACTGGTAGTACGCCAAAACCGGCCCGGCCTCTACCGCG	held_out_family_or_not_in_training_pool
integrin	0.7	family	TACTTACGCAAAATAACTTCCTGCCTAGTCCTTCGGCACC	held_out_family_or_not_in_training_pool
integrin	0.7	family	TAGACGCACCATAACTACGCAAGAGTTCTCTCTGCCTGA	held_out_family_or_not_in_training_pool
integrin	0.7	family	TAGACTACGCAAAAACATACCCCTGCCTGTCGAATCGCAGA	held_out_family_or_not_in_training_pool
integrin	0.7	family	TAGACTACGCAAAACATACCCCTGCCTGTCGAATCGCAGA	held_out_family_or_not_in_training_pool
integrin	0.7	family	TAGACTACGCAAAACGTACCCCTGCCTGTCGAATCGCAGA	held_out_family_or_not_in_training_pool
integrin	0.7	family	TAGACTACGCGACTAATAACCCCCGCCTGTTTACGAGTTT	held_out_family_or_not_in_training_pool
integrin	0.7	family	TAGATGTCTTAACGCACATTACGCAAACACACCTCCTGCC	held_out_family_or_not_in_training_pool
integrin	0.7	family	TAGCAACCGCCTACGCCAAACTTCCCCGCCTGGCGGCGT	held_out_family_or_not_in_training_pool
integrin	0.7	family	TAGCAACCGCCTACGCCAAACTTCCCCGGCCTGGCGGCGT	held_out_family_or_not_in_training_pool
integrin	0.7	family	TAGCACCTGAACGCACATTACGCGACCAAACCGCCCCGCC	held_out_family_or_not_in_training_pool
integrin	0.7	family	TAGCCACTTAGTCATACGCCAATCGTTCTCCGGCCTTGTC	held_out_family_or_not_in_training_pool
integrin	0.7	family	TAGCCGCCCACCACGACGCGCACGCGATTACGGGAGCAAC	held_out_family_or_not_in_training_pool
integrin	0.7	family	TAGCCGCTACGTCAACAAACCTTCCGACCTGCGGCTCACG	held_out_family_or_not_in_training_pool
integrin	0.7	family	TAGCCGTACGCGAAAAGTTCCAGCCCGCCTCGGCAATGCA	held_out_family_or_not_in_training_pool
integrin	0.7	family	TAGCCGTACGCGAAATCACCCCCGCCTCGGTCTGCACAAA	held_out_family_or_not_in_training_pool
integrin	0.7	family	TAGCCTACGCAAAAATCTCGCCTGCCTGGCCCCGTACGCT	held_out_family_or_not_in_training_pool
integrin	0.7	family	TAGCCTACGCAAAAATCTCGCCTGCCTGGCCCGTACGCC	held_out_family_or_not_in_training_pool
integrin	0.7	family	TAGCCTACGCAAAATCTCGCCTGCCTGGCCCCGTACGCT	held_out_family_or_not_in_training_pool
integrin	0.7	family	TAGCCTACGCAAAATCTCGCCTGCCTGGCCCGTACGCT	held_out_family_or_not_in_training_pool
integrin	0.7	family	TAGCCTACGCATCCTCTCCTCTTGCCTGGCTCTCGGGATT	held_out_family_or_not_in_training_pool
integrin	0.7	family	TAGCCTACGCCAAATCTCGCCCGGCCTGGCCACTGACACG	held_out_family_or_not_in_training_pool
integrin	0.7	family	TAGCCTACGCCAAATCTCGCCGGGCCTGGCCACTGACACG	held_out_family_or_not_in_training_pool
integrin	0.7	family	TAGCCTGCTACGACAAAAAAAACCCCGTCCTGCAGGCACA	held_out_family_or_not_in_training_pool
integrin	0.7	family	TAGCCTTAACTGCTACGCGTAATTCTCGCCCGCCTGCAGA	held_out_family_or_not_in_training_pool
integrin	0.7	family	TAGCGAAAATACGCCAACACTTTCCCGGCCTTTTTTGCCA	held_out_family_or_not_in_training_pool
integrin	0.7	family	TAGCGACTACGCCAATCTCTCAGGCCTGTCCAAACCGTGT	held_out_family_or_not_in_training_pool
integrin	0.7	family	TAGCTACCGCGCGCACGTTACGCGAAAACGTTCTGCCCGCC	held_out_family_or_not_in_training_pool
integrin	0.7	family	TAGCTACGCCAGTCTCTCCGGCCTGCTGCTAATCACAGTA	held_out_family_or_not_in_training_pool
integrin	0.7	family	TAGCTACGCGACAATTCCCTCCGCCTGCTACGACATCCAT	held_out_family_or_not_in_training_pool
integrin	0.7	family	TAGCTACGCGACATCTGTTCCCGCCTGCTGCTTCATCAAG	held_out_family_or_not_in_training_pool
integrin	0.7	family	TAGCTACGCGACCATTCCCTCCGCCCGCTACGACATCCAT	held_out_family_or_not_in_training_pool
integrin	0.7	family	TAGCTACGCGACCATTCCCTCCGCCTGCTACGACATCCAC	held_out_family_or_not_in_training_pool
integrin	0.7	family	TAGCTACGCGACCATTCCCTCCGCCTGCTACGACATCCAT	held_out_family_or_not_in_training_pool
integrin	0.7	family	TAGCTCATAACGACCAAAACGACCCAGCAGTTCCTTTCGC	held_out_family_or_not_in_training_pool
integrin	0.7	family	TAGCTCCGACGCGCACGTTACGCGAAAACGTTCTGCCCGCC	held_out_family_or_not_in_training_pool
integrin	0.7	family	TAGCTCCGCGCGCACGTTACGCGAAAAACGTTCTGCCCGCC	held_out_family_or_not_in_training_pool
integrin	0.7	family	TAGCTCCGCGCGCACGTTACGCGAAAACGTTCTGCCGCC	held_out_family_or_not_in_training_pool
integrin	0.7	family	TAGCTGCTACGCCTCATCTCTGCCGGCCTGCAGCCAGCTG	held_out_family_or_not_in_training_pool
integrin	0.7	family	TAGCTTACGCAAAAACCAAACCCTGCCTAGCTCATGTCAT	held_out_family_or_not_in_training_pool
integrin	0.7	family	TAGGACGCACCATAACTACGCAAGAGTTCTCTCTGCCTGA	held_out_family_or_not_in_training_pool
integrin	0.7	family	TAGTAATCTACGTCAAAACCCCCCCGACCTGACTACCGCA	held_out_family_or_not_in_training_pool
integrin	0.7	family	TAGTCACACCCACGCACATTACGCGAACCGCTGCCCCGCC	held_out_family_or_not_in_training_pool
integrin	0.7	family	TAGTCTATTAAAGCCATGCACACGCGAAATACGGGAGAAAC	held_out_family_or_not_in_training_pool
integrin	0.7	family	TAGTCTATTAAAGCCATGCACACGCGAATACGGGAGAAAC	held_out_family_or_not_in_training_pool
integrin	0.7	family	TAGTCTATTAAAGCCATGCACACGCGAATACGGGGAGAAAAC	held_out_family_or_not_in_training_pool
integrin	0.7	family	TATACGAAAAAATTCTGCCCCTTCCTTCCTTCGCCCTCACG	held_out_family_or_not_in_training_pool
integrin	0.7	family	TATACGCGACATTCTGCCCGCCTTGCTTCGAGTCACGCTA	held_out_family_or_not_in_training_pool
integrin	0.7	family	TATAGCCCCCGAGCGCCATTACGCATGAATCAACCTGCC	held_out_family_or_not_in_training_pool
integrin	0.7	family	TATAGCTAAAATCCAGCGGCGCACGCGATGACGGGAGAAAC	held_out_family_or_not_in_training_pool
integrin	0.7	family	TATATTCACGTGCACATTACGCGAAACCTCGGCCCCCGCC	held_out_family_or_not_in_training_pool
integrin	0.7	family	TATCACCCCCATTGCACGTTACGCGAAAACACACCCCGCC	held_out_family_or_not_in_training_pool
integrin	0.7	family	TATCCCTATCGCGCACGTTACGTGACTGCAGTCCCCCACC	held_out_family_or_not_in_training_pool
integrin	0.7	family	TATCTCACGCCGAGCTACGCGACTACCCCTCCCCGCCTGC	held_out_family_or_not_in_training_pool
integrin	0.7	family	TATCTCTTTGCGCGCGCATTACGCTAACCTCGCCCAGCC	held_out_family_or_not_in_training_pool
integrin	0.7	family	TATCTCTTTTGCGCGCGCATTACGCTAACCTCGCCCAGCC	held_out_family_or_not_in_training_pool
integrin	0.7	family	TATGAATGCACCTACCGGCGCACGCGATAACGGGAGACAC	held_out_family_or_not_in_training_pool
integrin	0.7	family	TATGCCAAAATCCAGCGGCGCACGCGATGACGGGAGAAAC	held_out_family_or_not_in_training_pool
integrin	0.7	family	TATGCTAAAAACCAGCGGCGCACGCGATGACGGGAGAAAC	held_out_family_or_not_in_training_pool
integrin	0.7	family	TATGCTAAAAATCCAGCGGCGCACGCGATGACGGGAGAAAC	held_out_family_or_not_in_training_pool
integrin	0.7	family	TATGCTAAAATCAAGCGGCGCACGCGATGACGGGAGAAAC	held_out_family_or_not_in_training_pool
integrin	0.7	family	TATGCTAAAATCCAACGGCGCACGCGATGACGGGAGAAAC	held_out_family_or_not_in_training_pool
integrin	0.7	family	TATGCTAAAATCCAGAGGCGCACGCGATGACGGGAGAAAC	held_out_family_or_not_in_training_pool
integrin	0.7	family	TATGCTAAAATCCAGCAGCGCACGCGATGACGGGAGAAAC	held_out_family_or_not_in_training_pool
integrin	0.7	family	TATGCTAAAATCCAGCGACGCACGCGATGACGGGAGAAAC	held_out_family_or_not_in_training_pool
integrin	0.7	family	TATGCTAAAATCCAGCGGCGCAACGCGATGACGGGAGAAAC	held_out_family_or_not_in_training_pool
integrin	0.7	family	TATGCTAAAATCCAGCGGCGCACGCGATGACGGGAGAAAC	held_out_family_or_not_in_training_pool
integrin	0.7	family	TATGCTAAAATCCAGCGGCGCACGCGATGACGGGGAAGAAAC	held_out_family_or_not_in_training_pool
integrin	0.7	family	TATGCTAAAATCCAGCGGCGCATGCGATGACGGGAGAAAC	held_out_family_or_not_in_training_pool
integrin	0.7	family	TATGCTAAAATCCGGCGGCGCACGCGATGACGGGAGAAAC	held_out_family_or_not_in_training_pool
integrin	0.7	family	TATGCTAAATCCAGCGGCGCACGCGATGACGGGAGAAAC	held_out_family_or_not_in_training_pool
integrin	0.7	family	TATGGATACGCGAAATCTTTCCCGCCTTCCAGACGAACAC	held_out_family_or_not_in_training_pool
integrin	0.7	family	TATGTCTGCACTTGCATACGCCAATCTCTCAGGCCTTGCT	held_out_family_or_not_in_training_pool
integrin	0.7	family	TATTACCACCAATACACATTACGCGACACTCCTCCCCGCC	held_out_family_or_not_in_training_pool
integrin	0.7	family	TATTCTATCTTCAGCACATTACGCGAAAAGCGAACCCGCC	held_out_family_or_not_in_training_pool
integrin	0.7	family	TATTGATGCACTGGCTACGCGAATCCTCTCTCCGCCTGCA	held_out_family_or_not_in_training_pool
integrin	0.7	family	TCAAACCCGCAGTGGACATTACGTAAAAACTAACCCCTACC	held_out_family_or_not_in_training_pool
integrin	0.7	family	TCAAACCCGCAGTGGACATTACGTAAAACTAACCCCTACC	held_out_family_or_not_in_training_pool
integrin	0.7	family	TCAAATATGCAACATGTTACGCCAAAAGTTCCCCGGCCTA	held_out_family_or_not_in_training_pool
integrin	0.7	family	TCAAATATGCAACATGTTACGCCAAAAGTTCCCGGCCTA	held_out_family_or_not_in_training_pool
integrin	0.7	family	TCAACCGACAAGTGCACATTACGTATCTAGAACTCCTACC	held_out_family_or_not_in_training_pool
integrin	0.7	family	TCAACCGCAGCCGCACATTACGCGAGACAAATCCCCCGCC	held_out_family_or_not_in_training_pool
integrin	0.7	family	TCAACGCACAGGATACGCGACTACCTAGCCCCCCGCCTTC	held_out_family_or_not_in_training_pool
integrin	0.7	family	TCAACGCCTACGCGACGTCTCCTCCGCCTGGCGTGCTTGC	held_out_family_or_not_in_training_pool
integrin	0.7	family	TCAACTACGCTAACAGATCTCCAGCCTGTTGGACTCAGTA	held_out_family_or_not_in_training_pool
integrin	0.7	family	TCAAGCCTACGCAGGTCTCCAGCCTGGCTTGGCTCTTGAT	held_out_family_or_not_in_training_pool
integrin	0.7	family	TCAAGTATGCATTACTTACGCCTAAATCTTCCTGGCCTAG	held_out_family_or_not_in_training_pool
integrin	0.7	family	TCAATCCTGCACGTACTACGCGAAAAACTGTCCCCCGCCTG	held_out_family_or_not_in_training_pool
integrin	0.7	family	TCAATCCTGCACGTACTACGCGAAAACTGTCCCCCGCCTC	held_out_family_or_not_in_training_pool
integrin	0.7	family	TCAATCCTGCACGTACTACGCGAAAACTGTCCCCGCCTG	held_out_family_or_not_in_training_pool
integrin	0.7	family	TCAATCCTGCACGTACTACGCGAAGACTGTCCCCCGCCTG	held_out_family_or_not_in_training_pool
integrin	0.7	family	TCAATCCTTCACTCGCTCATTACGCAAAAACTCCCCTGCC	held_out_family_or_not_in_training_pool
integrin	0.7	family	TCAATCGCTACGCGACACGTTCCCCCGCCTGCGATTCATC	held_out_family_or_not_in_training_pool
integrin	0.7	family	TCAATCGGATACGCAAACAAAGCTCCCTGCCTTCCGATTC	held_out_family_or_not_in_training_pool
integrin	0.7	family	TCAATTTTTCCCACGCCCATTACGTAAACATCGACCTACC	held_out_family_or_not_in_training_pool
integrin	0.7	family	TCAATTTTTCCCACGCCCATTACGTAAACATCGACTACC	held_out_family_or_not_in_training_pool
integrin	0.7	family	TCAATTTTTTCCCACGCCCATTACGTAAACATCGACTACC	held_out_family_or_not_in_training_pool
integrin	0.7	family	TCACACCCTCTAACGCACATTACGCTAAAACCCTCTCAGCC	held_out_family_or_not_in_training_pool
integrin	0.7	family	TCACACCCTCTAACGCACATTACGCTAAACCCTCTCAGCC	held_out_family_or_not_in_training_pool
integrin	0.7	family	TCACATAACACGCCTTTGGAGCGATACCTCCATCAACGAC	held_out_family_or_not_in_training_pool
integrin	0.7	family	TCACATAACACGCCTTTGGAGCGATACCTCCATCAACGAT	held_out_family_or_not_in_training_pool
integrin	0.7	family	TCACATACCAGCCGACATTACGTAACGCTCTACCCCTACC	held_out_family_or_not_in_training_pool
integrin	0.7	family	TCACCACTCGTGCGACATTACGCTAAGCGTTCTACCAGC	held_out_family_or_not_in_training_pool
integrin	0.7	family	TCACCACTCGTGCGACATTACGCTAAGCGTTCTACCAGCC	held_out_family_or_not_in_training_pool
integrin	0.7	family	TCACCAGTACGCGAAACCCTCGCCCGCCTCTGGTACCATC	held_out_family_or_not_in_training_pool
integrin	0.7	family	TCACCATGTTACTCACGTTACGCTTAAATCAAACCAGCC	held_out_family_or_not_in_training_pool
integrin	0.7	family	TCACCCCACATGCACATTACGCGAACGTCTTGTCCCCGCC	held_out_family_or_not_in_training_pool
integrin	0.7	family	TCACCGCGACCATAAGTACGCGACAGTTCCGCCCGCCTCT	held_out_family_or_not_in_training_pool
integrin	0.7	family	TCACCTACGCTAACCTCCTCCAGCCTGGTGGCACGAGCTT	held_out_family_or_not_in_training_pool
integrin	0.7	family	TCACCTTTGACACAGAATACGCTAAAAGCCTCCCAGCCTT	held_out_family_or_not_in_training_pool
integrin	0.7	family	TCACGCCATGCTCTATGACGCACGCGATGACGGGAGTAAC	held_out_family_or_not_in_training_pool
integrin	0.7	family	TCACGCCATGCTCTGTAACGCACGCGATGACGGGAGTAAC	held_out_family_or_not_in_training_pool
integrin	0.7	family	TCACGCCATGCTCTGTGACGCACGCGATGACGGGAGTAAC	held_out_family_or_not_in_training_pool
integrin	0.7	family	TCACGGTTCCCTTGCACATTACGCGAAAGAGCGCCCCGCC	held_out_family_or_not_in_training_pool
integrin	0.7	family	TCACGTCAGCGCAACACTACGCCACTTTCTCGCCGGCCTG	held_out_family_or_not_in_training_pool
integrin	0.7	family	TCACTACGTAAGACATACCCCTACCTGTGGCCTAGCGCTA	held_out_family_or_not_in_training_pool
integrin	0.7	family	TCACTCCACGCGCATGCTACGTGAGACTCGACCCCACCTG	held_out_family_or_not_in_training_pool
integrin	0.7	family	TCACTGAATGCCGAGACGCGCACGCGACCACGGGAGCTAC	held_out_family_or_not_in_training_pool
integrin	0.7	family	TCACTTACGCCACTTCGACCCCGGCCTAGTGATACATCGC	held_out_family_or_not_in_training_pool
integrin	0.7	family	TCACTTACGCCACTTCGACCCGGCCTAGTGATACATCGC	held_out_family_or_not_in_training_pool
integrin	0.7	family	TCAGGATCGAAAAGCACATTACGCCAGAGCTCTCCCGGCC	held_out_family_or_not_in_training_pool
integrin	0.7	family	TCAGTTACGCCACCTCTCGCCGGCCTATTGGCACTCTTCT	held_out_family_or_not_in_training_pool
integrin	0.7	family	TCATACGCGAACATGTTCGACCCGCCTTGACTTTGACTAG	held_out_family_or_not_in_training_pool
integrin	0.7	family	TCATCCTAGTCCATTTTGGCGCACGCGAATACGGGAGACAC	held_out_family_or_not_in_training_pool
integrin	0.7	family	TCATGATCGGAACGCACATTACGCAACTGTCTTCTCTGCC	held_out_family_or_not_in_training_pool
integrin	0.7	family	TCATTACGCAACATTTCCTCTGCCTATGACCGGCACAATG	held_out_family_or_not_in_training_pool
integrin	0.7	family	TCATTACGCCAAAACTCTCCTGGCCTATGGCTGCAAAACG	held_out_family_or_not_in_training_pool
integrin	0.7	family	TCATTTGAGCTACGCAAACACTGCTTCCTGCCTGCTTAAG	held_out_family_or_not_in_training_pool
integrin	0.7	family	TCCAAAAGATAATGCACATTACGTGAACACAACCTCCACC	held_out_family_or_not_in_training_pool
integrin	0.7	family	TCCAAACAAGACCACATATACGTTAAACCGACTCCAACCT	held_out_family_or_not_in_training_pool
integrin	0.7	family	TCCAACGCTACGCCAAACTTCCCCCGGCCTGCATTACAGT	held_out_family_or_not_in_training_pool
integrin	0.7	family	TCCAACTCCGTACCCCAGCGCACGCGACGACGGGAGTAAC	held_out_family_or_not_in_training_pool
integrin	0.7	family	TCCAATAACCGTTCACATTACGCATCAACTCAACCTGCC	held_out_family_or_not_in_training_pool
integrin	0.7	family	TCCAATGGGCCATAGCACATTACGCATCATCTGCCTGCC	held_out_family_or_not_in_training_pool
integrin	0.7	family	TCCAATTCGCCTACGCTACAACTCGCCCAGCCTGGCTACA	held_out_family_or_not_in_training_pool
integrin	0.7	family	TCCACAAGATTTTGCACATTACGCTAATTTTGCCCCAGCC	held_out_family_or_not_in_training_pool
integrin	0.7	family	TCCACCAAACCAGCGCCATTACGCAACCCACCCCTCTGCC	held_out_family_or_not_in_training_pool
integrin	0.7	family	TCCACGTAGCTGCTACGTAAAAATTTCGCCCTACCTGCAC	held_out_family_or_not_in_training_pool
integrin	0.7	family	TCCACTCCGGCGCTCATTACGCGAACAAAGTTCCCCCGCC	held_out_family_or_not_in_training_pool
integrin	0.7	family	TCCACTCCGGCGCTCATTACGCGAACAAAGTTCCCCGCC	held_out_family_or_not_in_training_pool
integrin	0.7	family	TCCACTCTCGCGCACATATACGCAAAACCCTACCTGCCT	held_out_family_or_not_in_training_pool
integrin	0.7	family	TCCACTCTCGCGTACATATACGCAAAACCCTACCTGCCT	held_out_family_or_not_in_training_pool
integrin	0.7	family	TCCACTCTGTGCAACATTACGCGAAACGTATCCTCCGCC	held_out_family_or_not_in_training_pool
integrin	0.7	family	TCCAGGATTACGCGACTCGATTCACCCGCCTATCCTCATG	held_out_family_or_not_in_training_pool
integrin	0.7	family	TCCATACGCGACACGCAACCCCCGCCTTGGGCTAAATGAC	held_out_family_or_not_in_training_pool
integrin	0.7	family	TCCATACTCGCTGCCATACTACGCGAATTCTGCCCCGCCTG	held_out_family_or_not_in_training_pool
integrin	0.7	family	TCCATCCTACGCACGGATACGCAACACTCTCTCTGCCTTC	held_out_family_or_not_in_training_pool
integrin	0.7	family	TCCATGCACAACACCACATTACGCTACACTCCCCTCAGCC	held_out_family_or_not_in_training_pool
integrin	0.7	family	TCCATTACGCCAAAACTACCCCCCGGCCTATGGAGCACTTA	held_out_family_or_not_in_training_pool
integrin	0.7	family	TCCATTACGCCAAACTACCCCCCGGCCTATGGAGAACTTA	held_out_family_or_not_in_training_pool
integrin	0.7	family	TCCATTACGCCAAACTACCCCCCGGCCTATGGAGCACTTA	held_out_family_or_not_in_training_pool
integrin	0.7	family	TCCATTACGCCAAACTACCCCCGGCCTATGGAGCACTTA	held_out_family_or_not_in_training_pool
integrin	0.7	family	TCCCAACCACCGTACATTACGCAAACTGAATCCTCCTGCC	held_out_family_or_not_in_training_pool
integrin	0.7	family	TCCCAAGGACCAAACACATTACGCAACACACACCCCTGCC	held_out_family_or_not_in_training_pool
integrin	0.7	family	TCCCACACTGCGCATAATACGTAACTATCGACCTACCTT	held_out_family_or_not_in_training_pool
integrin	0.7	family	TCCCAGATATTGCACATTACGCGACATGCGTTCCCCCGCC	held_out_family_or_not_in_training_pool
integrin	0.7	family	TCCCAGCTACGCGACTCAAGCATACCCGCCTGCTGGGCCA	held_out_family_or_not_in_training_pool
integrin	0.7	family	TCCCAGGAATACGCAACTAAATCCCTGCCTTTCCTGAGTC	held_out_family_or_not_in_training_pool
integrin	0.7	family	TCCCAGTAGCCAATTGAACGCACGCGACAACGGGAGAGAC	held_out_family_or_not_in_training_pool
integrin	0.7	family	TCCCATAACTGCGCGCATTACGCAACATACCACTCCTGCC	held_out_family_or_not_in_training_pool
integrin	0.7	family	TCCCATGAAGATTACGCAAAAGCCCTCCCTGCCTATCGAA	held_out_family_or_not_in_training_pool
integrin	0.7	family	TCCCCACACGACGCACCTTACGCAACTAACTCCTCCTGCC	held_out_family_or_not_in_training_pool
integrin	0.7	family	TCCCCCGATCCGCGTACGTTACGCAACAATTGCCCCTGCC	held_out_family_or_not_in_training_pool
integrin	0.7	family	TCCCCTAGTCCATTTTGGCGCACGCGAATACGGGAGACAC	held_out_family_or_not_in_training_pool
integrin	0.7	family	TCCCCTTAGCACTTAGTACGCTAAAGAACATCCCAGCCTC	held_out_family_or_not_in_training_pool
integrin	0.7	family	TCCCGACAGCACATTTTACGCGAACGACTCCCCCCGCCTC	held_out_family_or_not_in_training_pool
integrin	0.7	family	TCCCGATCACTAACTTACGCAACTTCTCGTCCTGCCTAGA	held_out_family_or_not_in_training_pool
integrin	0.7	family	TCCCGATCACTTTAACTACGCTAAACTTCCCCCAGCCTGT	held_out_family_or_not_in_training_pool
integrin	0.7	family	TCCCGATCGCATTTAACTACGCTAAACTTCCCCCAGCCTGT	held_out_family_or_not_in_training_pool
integrin	0.7	family	TCCCGCACGCAGCTCATATACGTAAACTCTCCTCCTACCT	held_out_family_or_not_in_training_pool
integrin	0.7	family	TCCCGCTACTGTTGCTACGCTAAAAGTTCCCCAGCCTGCA	held_out_family_or_not_in_training_pool
integrin	0.7	family	TCCCTACCTTAGTAGATACGCAAAAATCTCTCCCTGCCTTC	held_out_family_or_not_in_training_pool
integrin	0.7	family	TCCCTACCTTAGTAGATACGCAAAATCTCTCCCTGCCTTC	held_out_family_or_not_in_training_pool
integrin	0.7	family	TCCCTACGCGGACACGTTCGCCCCGCCTGGGACTTTGCAC	held_out_family_or_not_in_training_pool
integrin	0.7	family	TCCCTCGCCGAGCACATCTACGTAACCTCAGTACCTACCT	held_out_family_or_not_in_training_pool
integrin	0.7	family	TCCCTGGGACTACGCTACATCTCGACCCAGCCTGTCCAAC	held_out_family_or_not_in_training_pool
integrin	0.7	family	TCCCTTAATCGAACCACATTACGCGAATGCTTCCCCGCC	held_out_family_or_not_in_training_pool
integrin	0.7	family	TCCCTTAATCGAGCCACATTACGCGAATGCTTCCCCGCC	held_out_family_or_not_in_training_pool
integrin	0.7	family	TCCGAACTTTAGCACATTACGCGAAAATGCTCTACCCGCC	held_out_family_or_not_in_training_pool
integrin	0.7	family	TCCGAACTTTAGCACATTACGCGAAAATGCTCTACCGCC	held_out_family_or_not_in_training_pool
integrin	0.7	family	TCCGAACTTTAGCACATTACGCGAAAATGCTCTACCGTC	held_out_family_or_not_in_training_pool
integrin	0.7	family	TCCGCATACGCCACTACTTCCCGGCCTTGCGGGCAGACTC	held_out_family_or_not_in_training_pool
integrin	0.7	family	TCCGCATATACGCAAAACAACCCCCTGCCTTATGAACATG	held_out_family_or_not_in_training_pool
integrin	0.7	family	TCCGCGCTACGTAAAACGTTCCCCTACCTGCCGGACGCCCA	held_out_family_or_not_in_training_pool
integrin	0.7	family	TCCGCGCTACGTAAAACGTTCCCCTACCTGCCGGACGCTCA	held_out_family_or_not_in_training_pool
integrin	0.7	family	TCCGCGCTACGTAAACGTTCCCCTACCTGCCGGACGCCCA	held_out_family_or_not_in_training_pool
integrin	0.7	family	TCCGCTACGCAAAGAGCCCCCTGCCTGCGGTCTAACATTA	held_out_family_or_not_in_training_pool
integrin	0.7	family	TCCGCTACGCCACTCAATCGCCCGGCCTGCGGACATCGCT	held_out_family_or_not_in_training_pool
integrin	0.7	family	TCCGCTCTGAGCGCGCATTACGCAACGTACCCTCCTGCC	held_out_family_or_not_in_training_pool
integrin	0.7	family	TCCGCTCTGAGCGCGCATTACGCAACGTACCCTTCCTGCC	held_out_family_or_not_in_training_pool
integrin	0.7	family	TCCGCTGCCCAGCGATCATTACGCATAAATCTAACCTGCC	held_out_family_or_not_in_training_pool
integrin	0.7	family	TCCGGCGCACATGAACTACGCGAAAACAATCCCCGCCTG	held_out_family_or_not_in_training_pool
integrin	0.7	family	TCCGGCGCACATGAACTACGCGAAAACCAATCCCCGCCTG	held_out_family_or_not_in_training_pool
integrin	0.7	family	TCCGGTCCGCTCATAATACGCAATACTCTCGCCCTGCCTT	held_out_family_or_not_in_training_pool
integrin	0.7	family	TCCGGTCTACGCCGAAATCAACCTGGCCTGACCACAATTC	held_out_family_or_not_in_training_pool
integrin	0.7	family	TCCGTACACCTATGCACATTACGCTCAAATCGACCAGCC	held_out_family_or_not_in_training_pool
integrin	0.7	family	TCCGTACACCTATGCACATTACGCTCAAATCGACCCAGCC	held_out_family_or_not_in_training_pool
integrin	0.7	family	TCCGTAGCCCCCTGCACATTACGCGATTTTCTACCCCGCC	held_out_family_or_not_in_training_pool
integrin	0.7	family	TCCGTCTACGCAAAAATCTCACCTGCCTGACGGGCCACGCTT	held_out_family_or_not_in_training_pool
integrin	0.7	family	TCCGTCTACGCAAAATCTCACCTGCCTGACGGGCCACGCTC	held_out_family_or_not_in_training_pool
integrin	0.7	family	TCCGTCTACGCAAAATCTCACCTGCCTGACGGGCCACGCTT	held_out_family_or_not_in_training_pool
integrin	0.7	family	TCCGTCTACGCAAATCTCACCTGCCTGACGGGCCACGCTT	held_out_family_or_not_in_training_pool
integrin	0.7	family	TCCGTGCTACGCCAAAATAATCCCGGCCTGCCTCAGACG	held_out_family_or_not_in_training_pool
integrin	0.7	family	TCCGTTTGCCCTACGTGAAACTATCCCCCACCTGGGCGTG	held_out_family_or_not_in_training_pool
integrin	0.7	family	TCCTAACCTTAAGCCACATTACGCGTCTATCCCCCCGCC	held_out_family_or_not_in_training_pool
integrin	0.7	family	TCCTAAGATGCGTTAACATTACGTAAGAATCTACCCTCTC	held_out_family_or_not_in_training_pool
integrin	0.7	family	TCCTAAGTTGCGTTAACATTACGTAAGAATCTACCTACC	held_out_family_or_not_in_training_pool
integrin	0.7	family	TCCTACACTGACGCATAATACGTAACTATCGACCTACCT	held_out_family_or_not_in_training_pool
integrin	0.7	family	TCCTACACTGCACATAATACGTAACTATCGACCTACTT	held_out_family_or_not_in_training_pool
integrin	0.7	family	TCCTACACTGCGCATAATACGTAACTATCGACCTACCT	held_out_family_or_not_in_training_pool
integrin	0.7	family	TCCTACACTGCGCATAATACGTAACTATCGACCTACCTC	held_out_family_or_not_in_training_pool
integrin	0.7	family	TCCTACGCAAAAATTCCTTCCCCTGCCTGGATTTCTAGCTA	held_out_family_or_not_in_training_pool
integrin	0.7	family	TCCTACGCAAAATTCCTTCCCCTGCCTGGATTTCTAGCTA	held_out_family_or_not_in_training_pool
integrin	0.7	family	TCCTACGCGACAATCGTTTAACCCCGCCTGGACTCTAAAT	held_out_family_or_not_in_training_pool
integrin	0.7	family	TCCTAGCCACCGTCTCACATTACGCTAAATCTCTCCAGCC	held_out_family_or_not_in_training_pool
integrin	0.7	family	TCCTAGTTCTTGTACATTACGCGAAAACCAATTCCCCGCC	held_out_family_or_not_in_training_pool
integrin	0.7	family	TCCTCACCACGCACTGCTACGCGAGAATCGACCCGCCTG	held_out_family_or_not_in_training_pool
integrin	0.7	family	TCCTCAGCCTACGCAAAACGTATATCCCTGCCTGGCTAGC	held_out_family_or_not_in_training_pool
integrin	0.7	family	TCCTCCTAGTCCACTTTTGGCGCACGCGAATACGGGAGACAC	held_out_family_or_not_in_training_pool
integrin	0.7	family	TCCTCCTAGTCCATTTGGCGCACGCGAATGACGGGAGACAC	held_out_family_or_not_in_training_pool
integrin	0.7	family	TCCTCCTAGTCCATTTTGGCGCACGCGAATACGGGAGACAC	held_out_family_or_not_in_training_pool
integrin	0.7	family	TCCTCCTCACGCGTCACATTACGCGAAACTTCACCCCGCC	held_out_family_or_not_in_training_pool
integrin	0.7	family	TCCTTAACTTCAGCGTACATTACGCTACATCTCCCAGCC	held_out_family_or_not_in_training_pool
integrin	0.7	family	TCCTTAACTTCAGCGTACATTACGCTACATCTCCCCAGCC	held_out_family_or_not_in_training_pool
integrin	0.7	family	TCCTTACGCGACACACCTCCTCGCCTAGGACCTGACACGA	held_out_family_or_not_in_training_pool
integrin	0.7	family	TCCTTGCCAACCGTCCTCACATTACGCTAAATCTCTCCAGCC	held_out_family_or_not_in_training_pool
integrin	0.7	family	TCCTTGCCAACCGTCTCACATTACGCTAAATCTCTCCAGCC	held_out_family_or_not_in_training_pool
integrin	0.7	family	TCCTTGCCACAGTCTCACATTACGCTAAATCTCTCCAGCC	held_out_family_or_not_in_training_pool
integrin	0.7	family	TCCTTGCCACCGCCTCACATTACGCTAAATCTCTCCAGCC	held_out_family_or_not_in_training_pool
integrin	0.7	family	TCCTTGCCACCGTCCCACATTACGCTAAATCTCTCCAGCC	held_out_family_or_not_in_training_pool
integrin	0.7	family	TCCTTGCCACCGTCCTCACATTACGCTAAATCTCTCCAGCC	held_out_family_or_not_in_training_pool
integrin	0.7	family	TCCTTGCCACCGTCGCACGTTACGCTAAATCTCTCCAGCC	held_out_family_or_not_in_training_pool
integrin	0.7	family	TCCTTGCCACCGTCTCACATTACCGCTAAATCTCTCCAGCC	held_out_family_or_not_in_training_pool
integrin	0.7	family	TCCTTGCCACCGTCTCACATTACGCTAAAATCTCTCCAGCC	held_out_family_or_not_in_training_pool
integrin	0.7	family	TCCTTGCCACCGTCTCACATTACGCTAAATCTCTCCAGC	held_out_family_or_not_in_training_pool
integrin	0.7	family	TCCTTGCCACCGTCTCACATTACGCTAAATCTCTCCAGCA	held_out_family_or_not_in_training_pool
integrin	0.7	family	TCCTTGCCACCGTCTCACATTACGCTAAATCTCTCCAGCC	held_out_family_or_not_in_training_pool
integrin	0.7	family	TCCTTGCCACCGTCTCACGTTACGCTAAATCTCTCCAGCC	held_out_family_or_not_in_training_pool
integrin	0.7	family	TCCTTGCCACCGTGTCACATTACGCTAAATCTCTCCAGCC	held_out_family_or_not_in_training_pool
integrin	0.7	family	TCCTTGCCATCGTCTCACATTACGCTAAATCTCTCCAGCC	held_out_family_or_not_in_training_pool
integrin	0.7	family	TCCTTGCCGCCGTCTCACATTACGCTAAATCTCTCCAGCC	held_out_family_or_not_in_training_pool
integrin	0.7	family	TCCTTGCCTCCGTCTCACATTACGCTAAATCTCTCCAGCC	held_out_family_or_not_in_training_pool
integrin	0.7	family	TCCTTGCGACCGTCTCACATTACGCTAAATCTCTCCAGCC	held_out_family_or_not_in_training_pool
integrin	0.7	family	TCCTTGCTACCGTCTCACATTACGCTAAATCTCTCCAGCC	held_out_family_or_not_in_training_pool
integrin	0.7	family	TCCTTGTCACCGTCTCACATTACGCTAAATCTCTCCAGCC	held_out_family_or_not_in_training_pool
integrin	0.7	family	TCCTTTCACGTTATCACATTACGCAAATTTTTCCCTCTGCC	held_out_family_or_not_in_training_pool
integrin	0.7	family	TCCTTTCGCAAAACACATTACGTGACTCAACTCCTCCACC	held_out_family_or_not_in_training_pool
integrin	0.7	family	TCGACATGCCAGTTGTACGCGGAAAGACTCCCCGCCTCAA	held_out_family_or_not_in_training_pool
integrin	0.7	family	TCGACCCTCGCCCACATTACGCCAAACGTTCGCCCGGCC	held_out_family_or_not_in_training_pool
integrin	0.7	family	TCGCACAGAAGCTACGCCACTGCCCTCCCGGCCTGTTTCA	held_out_family_or_not_in_training_pool
integrin	0.7	family	TCGCACAGAGCACGCCCTTCGAAATAATCCGATCAACGAC	held_out_family_or_not_in_training_pool
integrin	0.7	family	TCGCATCCCACTGTTGCCATTACGCGACTATGTCCCCGCC	held_out_family_or_not_in_training_pool
integrin	0.7	family	TCGCATCCGGCCCATAATACGTTAAAAGACCTCCAACCTT	held_out_family_or_not_in_training_pool
integrin	0.7	family	TCGCCATGTTACTCACGTTACGCTTAAATCAAACCAGCC	held_out_family_or_not_in_training_pool
integrin	0.7	family	TCGCCGACAACATACGCCACTCCTCCCGGCCTTGTTGCA	held_out_family_or_not_in_training_pool
integrin	0.7	family	TCGCCTACGCTAACATCTTCTCCAGCCTGTCGGCTACCGC	held_out_family_or_not_in_training_pool
integrin	0.7	family	TCGCCTAGTCCATTTTGGCGCACGCGAATACGGGAGACAC	held_out_family_or_not_in_training_pool
integrin	0.7	family	TCGCGCGCTTACACCTACGTGAAACTCTCACCCACCTGGA	held_out_family_or_not_in_training_pool
integrin	0.7	family	TCGCGGTACGCAACAAACCGCCCTGCCTCCGCGGGACTTA	held_out_family_or_not_in_training_pool
integrin	0.7	family	TCGCTACGCAAAAGTGTCCTCCCTGCCTGTGCCGACAAAG	held_out_family_or_not_in_training_pool
integrin	0.7	family	TCGCTACGCCAAACACTCCCCGGCCTGCGACACCAGCCTT	held_out_family_or_not_in_training_pool
integrin	0.7	family	TCGCTCTCGCAGCACGTTACGTAACTCTGGATCCCCTACC	held_out_family_or_not_in_training_pool
integrin	0.7	family	TCGCTCTCGCAGCACGTTACGTAACTCTGGATCCCCTCTC	held_out_family_or_not_in_training_pool
integrin	0.7	family	TCGCTTAAAAGTACATATTACGCCAAATTCTCCCGGCCTC	held_out_family_or_not_in_training_pool
integrin	0.7	family	TCGCTTAAAAGTACATATTACGCCAAATTCTCCCGGCCTT	held_out_family_or_not_in_training_pool
integrin	0.7	family	TCGGAAGCGATCCGAACATTACGCAAAACACCTCCCTGCC	held_out_family_or_not_in_training_pool
integrin	0.7	family	TCGGACTACGCCAAAAACTCTCCCGGCCTGTCCACTACGCG	held_out_family_or_not_in_training_pool
integrin	0.7	family	TCGGACTACGCCAAAACTCTCCCGGCCTGTCCACTACGCG	held_out_family_or_not_in_training_pool
integrin	0.7	family	TCGGCTACGCTAAACTTCTTCCAGCCTGCCGGGCTGTACG	held_out_family_or_not_in_training_pool
integrin	0.7	family	TCGTACTACGCCACACTCGACCCGGCCTGGCGACTTCTAA	held_out_family_or_not_in_training_pool
integrin	0.7	family	TCGTCCTAGTCCATTTTGGCGCCACGCGAATACGGGAGACAC	held_out_family_or_not_in_training_pool
integrin	0.7	family	TCGTCCTTGCTTTGCACATTACGCCAAACACCTTCCGGCC	held_out_family_or_not_in_training_pool
integrin	0.7	family	TCGTCCTTGCTTTGCACATTACGCCAAACACCTTCCGGTC	held_out_family_or_not_in_training_pool
integrin	0.7	family	TCGTTACGCCAAAAGCCTCCCCGGCCTGCGTCCAACCTTG	held_out_family_or_not_in_training_pool
integrin	0.7	family	TCGTTCTCCTTCGTTCACATTACGCAAACGCGCCCCTGCC	held_out_family_or_not_in_training_pool
integrin	0.7	family	TCGTTCTCCTTTGTTCACATTACGCAAACGCGCCCCTGCC	held_out_family_or_not_in_training_pool
integrin	0.7	family	TCTAACTACCGGTACCCAGCGCACGCGACGACGGGAGTAAC	held_out_family_or_not_in_training_pool
integrin	0.7	family	TCTAACTCCGTACCCAGCGACCCACGCGACGACGGGAGTAAC	held_out_family_or_not_in_training_pool
integrin	0.7	family	TCTAACTCCGTACCCAGCGCACGCGACGACGGAGTAAC	held_out_family_or_not_in_training_pool
integrin	0.7	family	TCTAACTCCGTACCCCACGCGCACGCGACGACGGGAGTAAC	held_out_family_or_not_in_training_pool
integrin	0.7	family	TCTAACTCCGTACCCCAGCGCACGCGACGACGGGAGAAAC	held_out_family_or_not_in_training_pool
integrin	0.7	family	TCTAACTCCGTACCCCAGCGCACGCGACGACGGGAGTAAC	held_out_family_or_not_in_training_pool
integrin	0.7	family	TCTAACTCCGTACCCCAGCGCACGCGACGACGGGAGTGAC	held_out_family_or_not_in_training_pool
integrin	0.7	family	TCTAACTCCGTACCCCAGCGCACGCGACGACGGGGAGTAAC	held_out_family_or_not_in_training_pool
integrin	0.7	family	TCTAACTCCGTACCCCAGCGCACGCGACGACGGGGGTAAC	held_out_family_or_not_in_training_pool
integrin	0.7	family	TCTAACTCCGTACTAGCGCACGCGACGACGGGAGTAAC	held_out_family_or_not_in_training_pool
integrin	0.7	family	TCTAACTCTACGCAACTAACTCCCTGCCTGATTAGACACG	held_out_family_or_not_in_training_pool
integrin	0.7	family	TCTAACTCTACGCAACTAACTCCCTGCTGATTAGACACG	held_out_family_or_not_in_training_pool
integrin	0.7	family	TCTAATGGACATACCTACGCGATCGTATCCCCCCGCCTGG	held_out_family_or_not_in_training_pool
integrin	0.7	family	TCTACCATAGCACATGCTACGCGACAAATCCCTCCGCCTG	held_out_family_or_not_in_training_pool
integrin	0.7	family	TCTACCTAGTCCATTTGGCGCACGCGAATACGGGAGACAC	held_out_family_or_not_in_training_pool
integrin	0.7	family	TCTACCTAGTCCATTTTGGCGCACGCGAATACGGGAGACAC	held_out_family_or_not_in_training_pool
integrin	0.7	family	TCTACGCAAAACGCGTCCCTGCCTGTCTTCCGCCGCTTAA	held_out_family_or_not_in_training_pool
integrin	0.7	family	TCTACGCAACAACCACACCTGCCTGTCTTCGTGCCACACT	held_out_family_or_not_in_training_pool
integrin	0.7	family	TCTACGCAGACGTACAAACAGCCTGACTTCAGCACATGAT	held_out_family_or_not_in_training_pool
integrin	0.7	family	TCTACGCCAAATGCTCTCCCGGCCTGGCTTCTCCGCCTAC	held_out_family_or_not_in_training_pool
integrin	0.7	family	TCTACGCCAAATGCTCTCCCGGCCTGGCTTCTCCGCTTAC	held_out_family_or_not_in_training_pool
integrin	0.7	family	TCTACGCCACTAGTCACATTACGCAACCACATCCCCTGCC	held_out_family_or_not_in_training_pool
integrin	0.7	family	TCTACGCCACTCCACCCCCGGCCTGACTTCTGAATTACCG	held_out_family_or_not_in_training_pool
integrin	0.7	family	TCTACGCCACTCCACCCCGGCCTGACTTCTGAATTACCG	held_out_family_or_not_in_training_pool
integrin	0.7	family	TCTACGCGAAAATCTTCTTCCCGCCTGGCACGAAAACAC	held_out_family_or_not_in_training_pool
integrin	0.7	family	TCTACGCGACGATCAAACCCGCCTGACTTCAGCCCCATAG	held_out_family_or_not_in_training_pool
integrin	0.7	family	TCTACGCGACGATTCTTCCCGCCTGGCTGGTGCTCCTCGT	held_out_family_or_not_in_training_pool
integrin	0.7	family	TCTACTGAGCTTACGCAACCCGTTCTTCCTGCCTAGCATC	held_out_family_or_not_in_training_pool
integrin	0.7	family	TCTACTGAGCTTACGCAACCCGTTCTTCCTGCCTAGCATT	held_out_family_or_not_in_training_pool
integrin	0.7	family	TCTAGCTCCGTACCCCAGCGCACGCGACGACGGGAGTAAC	held_out_family_or_not_in_training_pool
integrin	0.7	family	TCTATATCCGCCGTACTACGCATCTTTTCTTCCTGCCTG	held_out_family_or_not_in_training_pool
integrin	0.7	family	TCTATATCCGCCGTACTACGCATCTTTTTCTTCCTGCCTG	held_out_family_or_not_in_training_pool
integrin	0.7	family	TCTATATCCGCCGTACTACGCATCTTTTTTCTTCCTGCCTG	held_out_family_or_not_in_training_pool
integrin	0.7	family	TCTCACCGATAGCGCTCATTACGCATCCTTCCGCCCTGCC	held_out_family_or_not_in_training_pool
integrin	0.7	family	TCTCAGCTACGCGAAATCTCCTCCGCCTGCAAGCGCAATA	held_out_family_or_not_in_training_pool
integrin	0.7	family	TCTCATACGCCAGAAATACCCCCGGCCTTGAGGCGGTGTG	held_out_family_or_not_in_training_pool
integrin	0.7	family	TCTCCAAGTCCATTTTGGCGCACGCGAATACGGGAGACAC	held_out_family_or_not_in_training_pool
integrin	0.7	family	TCTCCCAGTCCATTTTGGCGCACGCGAATACGGGAGACAC	held_out_family_or_not_in_training_pool
integrin	0.7	family	TCTCCCTAGTCCATTTTGGCGCACGCGAATACGGGAGACAC	held_out_family_or_not_in_training_pool
integrin	0.7	family	TCTCCCTAGTCCATTTTTGGCGCACGCGAATACGGGGAGACAC	held_out_family_or_not_in_training_pool
integrin	0.7	family	TCTCCGTACGTCCATTTGGCGCACTGCCGAATACGGGAGACAC	held_out_family_or_not_in_training_pool
integrin	0.7	family	TCTCCGTAGTCCATTTTCGGCGCACGCGAATACGGGAGACAC	held_out_family_or_not_in_training_pool
integrin	0.7	family	TCTCCGTAGTCCATTTTGGCGCACGCGAATACGGGAGACAC	held_out_family_or_not_in_training_pool
integrin	0.7	family	TCTCCTAATCCATTTTGGCGCACGCGAATACGGGAGACAC	held_out_family_or_not_in_training_pool
integrin	0.7	family	TCTCCTACGTCCATTTTGGCGCACGCGAATACGGGAGACAC	held_out_family_or_not_in_training_pool
integrin	0.7	family	TCTCCTAGACCATTTTGGCGCACGCGAATACGGGAGACAC	held_out_family_or_not_in_training_pool
integrin	0.7	family	TCTCCTAGCCCATTTTGGCGCACGCGAATACGGGAGACAC	held_out_family_or_not_in_training_pool
integrin	0.7	family	TCTCCTAGGTCCATTTGGCGCACGCGAATACGGGAGACAC	held_out_family_or_not_in_training_pool
integrin	0.7	family	TCTCCTAGTCAATTTTGGCGCACGCGAATACGGGAGACAC	held_out_family_or_not_in_training_pool
integrin	0.7	family	TCTCCTAGTCCAATTTGGCCGCACGCGAATACGGGAGACAC	held_out_family_or_not_in_training_pool
integrin	0.7	family	TCTCCTAGTCCAATTTGGCGCACGCGAATACGGGAGACAC	held_out_family_or_not_in_training_pool
integrin	0.7	family	TCTCCTAGTCCAATTTTGGCCGCACGCGAATACGGGAGACAC	held_out_family_or_not_in_training_pool
integrin	0.7	family	TCTCCTAGTCCAATTTTGGCGCACGCGAATACGGGAGACAC	held_out_family_or_not_in_training_pool
integrin	0.7	family	TCTCCTAGTCCAATTTTGGCGCACGCGAATTACGGGAGACAC	held_out_family_or_not_in_training_pool
integrin	0.7	family	TCTCCTAGTCCACTTTGGCGCACGCGAATACGGGAGACAC	held_out_family_or_not_in_training_pool
integrin	0.7	family	TCTCCTAGTCCATCTTGGCGCACGCGAATACGGGAGACAC	held_out_family_or_not_in_training_pool
integrin	0.7	family	TCTCCTAGTCCATTTCGGCGCACGCGAATACGGGAGACAC	held_out_family_or_not_in_training_pool
integrin	0.7	family	TCTCCTAGTCCATTTGGCCGCACGCGAATACGGGAGACAC	held_out_family_or_not_in_training_pool
integrin	0.7	family	TCTCCTAGTCCATTTGGCCGCACGCGTAATACGGGAGACAC	held_out_family_or_not_in_training_pool
integrin	0.7	family	TCTCCTAGTCCATTTGGCGACACGCGAATACGGGAGACAC	held_out_family_or_not_in_training_pool
integrin	0.7	family	TCTCCTAGTCCATTTGGCGCACGCGAATACCGGGAGACAC	held_out_family_or_not_in_training_pool
integrin	0.7	family	TCTCCTAGTCCATTTGGCGCACGCGAATACGGGAAGACAC	held_out_family_or_not_in_training_pool
integrin	0.7	family	TCTCCTAGTCCATTTGGCGCACGCGAATACGGGAGACAC	held_out_family_or_not_in_training_pool
integrin	0.7	family	TCTCCTAGTCCATTTGGCGCACGCGAATACGGGAGACCAC	held_out_family_or_not_in_training_pool
integrin	0.7	family	TCTCCTAGTCCATTTGGCGCACGCGAATTACGGGAGACAC	held_out_family_or_not_in_training_pool
integrin	0.7	family	TCTCCTAGTCCATTTGGCGCACTGCGAATACGGGAGACAC	held_out_family_or_not_in_training_pool
integrin	0.7	family	TCTCCTAGTCCATTTTAGCGCACGCGAATACGGGAGACAC	held_out_family_or_not_in_training_pool
integrin	0.7	family	TCTCCTAGTCCATTTTGACGCACGCGAATACGGGAGACAC	held_out_family_or_not_in_training_pool
integrin	0.7	family	TCTCCTAGTCCATTTTGGCCGCACGCGAATACGGGAGACAC	held_out_family_or_not_in_training_pool
integrin	0.7	family	TCTCCTAGTCCATTTTGGCGACACGCGAATACGGGAGACAC	held_out_family_or_not_in_training_pool
integrin	0.7	family	TCTCCTAGTCCATTTTGGCGCACGCAAATACGGGAGACAC	held_out_family_or_not_in_training_pool
integrin	0.7	family	TCTCCTAGTCCATTTTGGCGCACGCCGAATACGGGAGACAC	held_out_family_or_not_in_training_pool
integrin	0.7	family	TCTCCTAGTCCATTTTGGCGCACGCGAAATACGGGAGACAC	held_out_family_or_not_in_training_pool
integrin	0.7	family	TCTCCTAGTCCATTTTGGCGCACGCGAACACGGGAGACAC	held_out_family_or_not_in_training_pool
integrin	0.7	family	TCTCCTAGTCCATTTTGGCGCACGCGAATACGGGAAACAC	held_out_family_or_not_in_training_pool
integrin	0.7	family	TCTCCTAGTCCATTTTGGCGCACGCGAATACGGGAGAAAC	held_out_family_or_not_in_training_pool
integrin	0.7	family	TCTCCTAGTCCATTTTGGCGCACGCGAATACGGGAGACAT	held_out_family_or_not_in_training_pool
integrin	0.7	family	TCTCCTAGTCCATTTTGGCGCACGCGAATACGGGAGACTC	held_out_family_or_not_in_training_pool
integrin	0.7	family	TCTCCTAGTCCATTTTGGCGCACGCGAATACGGGAGATAC	held_out_family_or_not_in_training_pool
integrin	0.7	family	TCTCCTAGTCCATTTTGGCGCACGCGAATACGGGAGGCAC	held_out_family_or_not_in_training_pool
integrin	0.7	family	TCTCCTAGTCCATTTTGGCGCACGCGAATACGGGGAGACAC	held_out_family_or_not_in_training_pool
integrin	0.7	family	TCTCCTAGTCCATTTTGGCGCACGCGAATACGGGGGGACAC	held_out_family_or_not_in_training_pool
integrin	0.7	family	TCTCCTAGTCCATTTTGGCGCACGCGAATCACGGGAGACAC	held_out_family_or_not_in_training_pool
integrin	0.7	family	TCTCCTAGTCCATTTTGGCGCACGCGAGTACGGGAGACAC	held_out_family_or_not_in_training_pool
integrin	0.7	family	TCTCCTAGTCCATTTTGGCGCACGCGGATACGGGAGACAC	held_out_family_or_not_in_training_pool
integrin	0.7	family	TCTCCTAGTCCATTTTGGCGCACGTGAATACGGGAGACAC	held_out_family_or_not_in_training_pool
integrin	0.7	family	TCTCCTAGTCCATTTTGGCGCCACGCGAATACGGGAGACAC	held_out_family_or_not_in_training_pool
integrin	0.7	family	TCTCCTAGTCCATTTTTGGCGCACGCGAAATACGGGGAGACAC	held_out_family_or_not_in_training_pool
integrin	0.7	family	TCTCCTAGTCCATTTTTGGCGCACGCGAATACGGGAGACAC	held_out_family_or_not_in_training_pool
integrin	0.7	family	TCTCCTAGTCCATTTTTGGCGCACGCGAATACGGGGAGACAC	held_out_family_or_not_in_training_pool
integrin	0.7	family	TCTCCTAGTCCATTTTTTGGCGCACGCGAATACGGGAGACAC	held_out_family_or_not_in_training_pool
integrin	0.7	family	TCTCCTAGTCCATTTTTTTGGCGCACGCGAATACGGGAGACAC	held_out_family_or_not_in_training_pool
integrin	0.7	family	TCTCCTAGTCCCATTTTGGCGCACGCGAATACGGGAGACAC	held_out_family_or_not_in_training_pool
integrin	0.7	family	TCTCCTAGTCCGTTTTGGCGCACGCGAATACGGGAGACAC	held_out_family_or_not_in_training_pool
integrin	0.7	family	TCTCCTAGTCTATTTTGGCGCACGCGAATACGGGAGACAC	held_out_family_or_not_in_training_pool
integrin	0.7	family	TCTCCTAGTTCATTTTGGCGCACGCGAATACGGGAGACAC	held_out_family_or_not_in_training_pool
integrin	0.7	family	TCTCCTAGTTCCATTTTGGCGCACGCGAATACGGGGAGACAC	held_out_family_or_not_in_training_pool
integrin	0.7	family	TCTCCTGGTCCATTTTGGCGCACGCGAATACGGGAGACAC	held_out_family_or_not_in_training_pool
integrin	0.7	family	TCTCCTTAGTCCATTTTGGCGCACGCGAATACGGGAGACAC	held_out_family_or_not_in_training_pool
integrin	0.7	family	TCTCGCCATGCTCTGTGACGCACGCGATGACGGGAGTAAC	held_out_family_or_not_in_training_pool
integrin	0.7	family	TCTCGCGCACAGCTACGTGAACATTCTGCCACCTGCAT	held_out_family_or_not_in_training_pool
integrin	0.7	family	TCTCGCGCACAGCTACGTGAACATTCTGCCACCTGCCAT	held_out_family_or_not_in_training_pool
integrin	0.7	family	TCTCTACGCGAAAAATCCCCCCCGCCTGAGACTCTCATAAA	held_out_family_or_not_in_training_pool
integrin	0.7	family	TCTCTGACACACGCAACATTACGCGAACCTCTCGCCCGCC	held_out_family_or_not_in_training_pool
integrin	0.7	family	TCTCTTAGTCCATTTTGGCGCACGCGAATACGGGAGACAC	held_out_family_or_not_in_training_pool
integrin	0.7	family	TCTCTTCTACGCGAACTCTCGCCCCGCCTGGAGGGCCACT	held_out_family_or_not_in_training_pool
integrin	0.7	family	TCTGACAGCATAGCTACGCGTAAAGTGTCTCTCCGCCTGC	held_out_family_or_not_in_training_pool
integrin	0.7	family	TCTGACGCAACTACTTACGCCACACACTTCCCCGGCCTAG	held_out_family_or_not_in_training_pool
integrin	0.7	family	TCTGCAGCGCCAGTCTACGCAACTTTTATCCCTGCCTGAC	held_out_family_or_not_in_training_pool
integrin	0.7	family	TCTGTGTGCAACGCACGTTACGTCAAACAACCCTCCGACC	held_out_family_or_not_in_training_pool
integrin	0.7	family	TCTTAAGATGCGTTAACATTACGTAAGAATCTACCTACC	held_out_family_or_not_in_training_pool
integrin	0.7	family	TCTTAGCCTGCCACATTACGCAAGAAAAACGCCCCTGCC	held_out_family_or_not_in_training_pool
integrin	0.7	family	TCTTCGAGCACCAGCTACGCTAAATAGTCTCCAGCCTGCT	held_out_family_or_not_in_training_pool
integrin	0.7	family	TCTTCTAGTCCATTTTGGCGCACGCGAATACGGGAGACAC	held_out_family_or_not_in_training_pool
integrin	0.7	family	TCTTTACACTACGCGAAGATCCCTCCTCGCCTGTGTAACA	held_out_family_or_not_in_training_pool
integrin	0.7	family	TCTTTTACGCCAAATTTCTTCCGGCCTCTCGGCTCAAAGC	held_out_family_or_not_in_training_pool
integrin	0.7	family	TGAAAGCTACGCCAAAGCTCTTCCGGCCTGCCTACTGAG	held_out_family_or_not_in_training_pool
integrin	0.7	family	TGAAAGGAGTCTACGCAAACCTCGCCCTGCCTGACTCGCA	held_out_family_or_not_in_training_pool
integrin	0.7	family	TGAAAGTCACAACCTACGCGAAACTTCCTCCCCGCCTGGA	held_out_family_or_not_in_training_pool
integrin	0.7	family	TGAAAGTCATAACCTACGCGAAACTTCCTCCCCGCCTGGA	held_out_family_or_not_in_training_pool
integrin	0.7	family	TGAACCAAACTTCTGCACATTACGCGACACCGAACCCGCC	held_out_family_or_not_in_training_pool
integrin	0.7	family	TGAACCTTCTTGCCGTACTACGCAATTTCTCACCTGCCTG	held_out_family_or_not_in_training_pool
integrin	0.7	family	TGACACTCCATGACGGACATTACGCGAATTCCCCCCGCC	held_out_family_or_not_in_training_pool
integrin	0.7	family	TGACCAGGTCTTGCACATTACGCGACAACCAAGCCCCGCC	held_out_family_or_not_in_training_pool
integrin	0.7	family	TGACCGCCCACCACGACGCGCACGCGATTACGGGAGCAAC	held_out_family_or_not_in_training_pool
integrin	0.7	family	TGACCGCCCACCACGACGCGCACGCGATTACGGGGAGCAAC	held_out_family_or_not_in_training_pool
integrin	0.7	family	TGACGTTACCCGTGCACATTACGCGAATGTACTTCCCGCC	held_out_family_or_not_in_training_pool
integrin	0.7	family	TGACTACGCCAGAACACCCCCCGGCCTGTCACTCCGTGTAT	held_out_family_or_not_in_training_pool
integrin	0.7	family	TGACTACGCCAGAACACCCCCGGCCTGTCACTCCGTCGTAT	held_out_family_or_not_in_training_pool
integrin	0.7	family	TGACTACGCCAGAACACCCCCGGCCTGTCACTCCGTGTAC	held_out_family_or_not_in_training_pool
integrin	0.7	family	TGACTACGCCAGAACACCCCCGGCCTGTCACTCCGTGTAG	held_out_family_or_not_in_training_pool
integrin	0.7	family	TGACTACGCCAGAACACCCCCGGCCTGTCACTCCGTGTAT	held_out_family_or_not_in_training_pool
integrin	0.7	family	TGACTACGCCAGAACACCCCGGCCTGTCACTCCGTCGTAT	held_out_family_or_not_in_training_pool
integrin	0.7	family	TGACTACGCCAGAACACCCCGGCCTGTCACTCCGTGTAC	held_out_family_or_not_in_training_pool
integrin	0.7	family	TGACTACGCCAGAACACCCCGGCCTGTCACTCCGTGTAT	held_out_family_or_not_in_training_pool
integrin	0.7	family	TGACTACGCCAGAACACTCCCGGCCTGTCACTCCGTGTAT	held_out_family_or_not_in_training_pool
integrin	0.7	family	TGACTAGTGTAGTACGCGAAAATCTTCCCGCCTCTAACGC	held_out_family_or_not_in_training_pool
integrin	0.7	family	TGACTATACGTAGCATCATTACGCAACACTCAAACCTGCC	held_out_family_or_not_in_training_pool
integrin	0.7	family	TGAGCTACGCTAAAACCGACCCAGCCTGCTCCACAAGCTA	held_out_family_or_not_in_training_pool
integrin	0.7	family	TGAGCTACGTGACTATTCTTCCCCACCTGTAAACTTCCGC	held_out_family_or_not_in_training_pool
integrin	0.7	family	TGATACGCCACAATCACCCCGGCCTTCACAAATCAAACAC	held_out_family_or_not_in_training_pool
integrin	0.7	family	TGATCCCTGGCTCACATTACGCCAACTGTCATCCCGGCC	held_out_family_or_not_in_training_pool
integrin	0.7	family	TGCAACGCAGTCGCACATTACGCTAAGCGCATCCCCAGCC	held_out_family_or_not_in_training_pool
integrin	0.7	family	TGCAAGAGTCTACGCAACTATCTTACCCCTGCCTGATTAC	held_out_family_or_not_in_training_pool
integrin	0.7	family	TGCAAGTACGCGAAAATCTTCCCCGCCTCTTGTTAGCATC	held_out_family_or_not_in_training_pool
integrin	0.7	family	TGCAAGTACGCGAAAATCTTCCCCGCCTCTTGTTGGCATC	held_out_family_or_not_in_training_pool
integrin	0.7	family	TGCACATGAACCTACGCCAAAAACCACCCCGGCCTGGAAC	held_out_family_or_not_in_training_pool
integrin	0.7	family	TGCACCCTACGCGAAAATCTGCTCCGCCTGGGTGATATCT	held_out_family_or_not_in_training_pool
integrin	0.7	family	TGCACTACGCTACAATCAACCCAGCCTGAGCTCTAGAGGA	held_out_family_or_not_in_training_pool
integrin	0.7	family	TGCATATACGCTACGTTAAAACTCCTCCAACCTGCGTTAA	held_out_family_or_not_in_training_pool
integrin	0.7	family	TGCCACCCCATCCGCATATTACGCATCACTCAACCTGCC	held_out_family_or_not_in_training_pool
integrin	0.7	family	TGCCACTACGCAACCAACCTCCCCTGCCTGTGGCGCGAAT	held_out_family_or_not_in_training_pool
integrin	0.7	family	TGCCATAAGCATACGCAACAAACTCGCCTGCCTTGCTTAG	held_out_family_or_not_in_training_pool
integrin	0.7	family	TGCCCTCACGTAGTCTACGCAACAAACCTCCCCTGCCTGA	held_out_family_or_not_in_training_pool
integrin	0.7	family	TGCCGCTACGCTACCAATCCCCCAGCCTGCGGCGATAACC	held_out_family_or_not_in_training_pool
integrin	0.7	family	TGCCTACACTGCGCATAATACGTAACTATCGACCTACCTT	held_out_family_or_not_in_training_pool
integrin	0.7	family	TGCCTACGCAAAAAAGAATCCCCCCTGCCTGGCGCAGTACTC	held_out_family_or_not_in_training_pool
integrin	0.7	family	TGCCTACGCAAAAAAGAATCCCCCTGCCTGGCGCAGTACTC	held_out_family_or_not_in_training_pool
integrin	0.7	family	TGCCTACGCAAAAAGAATCCCCCCTGCCTGGCGCAGTACTC	held_out_family_or_not_in_training_pool
integrin	0.7	family	TGCCTACGCAAAAAGAATCCCCCTGCCGCGCAGTACTC	held_out_family_or_not_in_training_pool
integrin	0.7	family	TGCCTACGCAAAAAGAATCCCCCTGCCTGGCGCAGTACTC	held_out_family_or_not_in_training_pool
integrin	0.7	family	TGCCTACGCCACCTATTTTCCCGGCCTGGCACTGGATATC	held_out_family_or_not_in_training_pool
integrin	0.7	family	TGCCTACGCCACCTATTTTCCCGGCCTGGCACTGGGTATC	held_out_family_or_not_in_training_pool
integrin	0.7	family	TGCCTACGCGAAATCATACCCCCCGCCTGGCGTCATCACA	held_out_family_or_not_in_training_pool
integrin	0.7	family	TGCCTCTCCCAACAGCGGAACTGTTTCTCGGATCCAAAAGG	held_out_family_or_not_in_training_pool
integrin	0.7	family	TGCCTTCCATTGCGCCAATTACGCTAACTTCGACCCAGCC	held_out_family_or_not_in_training_pool
integrin	0.7	family	TGCGACCTGTGCTGCACATTACGCCACACTCTCCTCGGCC	held_out_family_or_not_in_training_pool
integrin	0.7	family	TGCGACTAAACGCAGAGAAATCGTCTCCCTGAGGTTCCGA	held_out_family_or_not_in_training_pool
integrin	0.7	family	TGCGATGCCTACGCCAACCTTTCCCCCGGCCTGGCAGACA	held_out_family_or_not_in_training_pool
integrin	0.7	family	TGCGCACCGAGAACTACGTAACTTTTTCCCTACCTGGACT	held_out_family_or_not_in_training_pool
integrin	0.7	family	TGCGCACCGAGAACTACGTAACTTTTTTCCCTACCTGGACT	held_out_family_or_not_in_training_pool
integrin	0.7	family	TGCGGTACGCAAACACTTAATCCCCTGCCTCCGCGGTAAC	held_out_family_or_not_in_training_pool
integrin	0.7	family	TGCGTACGCAGATGGTTTTCCCTGCCTCGTCCTACATATG	held_out_family_or_not_in_training_pool
integrin	0.7	family	TGCGTTACGCCAAAACGCCTCCGGCCTACGCTCCGCTACC	held_out_family_or_not_in_training_pool
integrin	0.7	family	TGCTAACCTCGTACACATTACGCGAATCTCGCACCCCGCC	held_out_family_or_not_in_training_pool
integrin	0.7	family	TGCTAATCCACCGCCCATTACGCGAATACTCATCCCCGCC	held_out_family_or_not_in_training_pool
integrin	0.7	family	TGCTACGCGAAATTCTCTCCGCCTGCGCATTCGAAGACCA	held_out_family_or_not_in_training_pool
integrin	0.7	family	TGCTACGCGATTACTTCCCCGCCTGCGCTCCTTTTCCGCA	held_out_family_or_not_in_training_pool
integrin	0.7	family	TGCTCGCCACCTGTACATTACGCCTCTTGTTTCTCCGGCC	held_out_family_or_not_in_training_pool
integrin	0.7	family	TGCTCGCTATCCGCGCCGTTACGCTAAAACCCTCCCAGCC	held_out_family_or_not_in_training_pool
integrin	0.7	family	TGCTCTACGCCGCGCCCATTACGCAAAACAATCCCTTGCC	held_out_family_or_not_in_training_pool
integrin	0.7	family	TGCTGAACCCGACGCACATTACGCGACTTCGACCCCCGCC	held_out_family_or_not_in_training_pool
integrin	0.7	family	TGCTTACGCAAAAATTCTCGCCTGCCTGGCATCCCGACCA	held_out_family_or_not_in_training_pool
integrin	0.7	family	TGCTTATTACGCTAAAAAAATCCTCCAGCCTATAGGCCAG	held_out_family_or_not_in_training_pool
integrin	0.7	family	TGCTTATTACGCTAAAAAAATCCTCCCAGCCTATAGGCCAG	held_out_family_or_not_in_training_pool
integrin	0.7	family	TGCTTATTACGCTAAAAAATCCTCCAGCCTATAGGCCAG	held_out_family_or_not_in_training_pool
integrin	0.7	family	TGCTTATTACGCTAAAAAATCCTCCCAGCCTATAGGCCAG	held_out_family_or_not_in_training_pool
integrin	0.7	family	TGGAAAGCTACGCAAAACATTTCCCCTGCCTGTGTTTCTA	held_out_family_or_not_in_training_pool
integrin	0.7	family	TGGAACGCTACGCAAAACATTTCCCCTGCCTGTGTTTCTA	held_out_family_or_not_in_training_pool
integrin	0.7	family	TGGAACGCTACGCAAAACATTTCCCTGCCTGTGTTTCTA	held_out_family_or_not_in_training_pool
integrin	0.7	family	TGGAACTACGCGAATTATTCTCTTCCGCCTGTTCCTTGTG	held_out_family_or_not_in_training_pool
integrin	0.7	family	TGGAACTACGCGACAAAACTTCCCGCCTGTTCCACCTTATG	held_out_family_or_not_in_training_pool
integrin	0.7	family	TGGAACTACGCGACAAACTTCCCGCCTGTTCCACCCTATG	held_out_family_or_not_in_training_pool
integrin	0.7	family	TGGAACTACGCGACAAACTTCCCGCCTGTTCCACCTTAATG	held_out_family_or_not_in_training_pool
integrin	0.7	family	TGGAACTACGCGACAAACTTCCCGCCTGTTCCGCCTTATG	held_out_family_or_not_in_training_pool
integrin	0.7	family	TGGAAGCTACGCAAAACATTTCCCCTGCCTGTGTTTCTA	held_out_family_or_not_in_training_pool
integrin	0.7	family	TGGAAGCTACGCAAAACATTTCCCCTGCCTGTGTTTCTC	held_out_family_or_not_in_training_pool
integrin	0.7	family	TGGAAGCTACGCAAAACATTTCCCCTGCCTGTGTTTCTG	held_out_family_or_not_in_training_pool
integrin	0.7	family	TGGAAGCTACGCAAAACATTTCCCCTGCCTTGTGTTTCTA	held_out_family_or_not_in_training_pool
integrin	0.7	family	TGGAAGCTACGCAAAACATTTCCCTGCCTGTGTTTCTA	held_out_family_or_not_in_training_pool
integrin	0.7	family	TGGAAGCTACGCAAAACTTTCCCCTGCCTGTGTTTCTA	held_out_family_or_not_in_training_pool
integrin	0.7	family	TGGAAGCTACGCAAAACTTTTCCCCTGCCTGTGTTTCTA	held_out_family_or_not_in_training_pool
integrin	0.7	family	TGGATACGCCACAAGGCTTCTCCGGCCTTCCGCATCAGTG	held_out_family_or_not_in_training_pool
integrin	0.7	family	TGGCAGCTTTGCTCACATTACGCGACTCACCCTCCCGCC	held_out_family_or_not_in_training_pool
integrin	0.7	family	TGGCCCTACGCCGTAACTACGCCAAACTCTCTCGGCCTGC	held_out_family_or_not_in_training_pool
integrin	0.7	family	TGGCCCTGACATATCTACGCGAAAAAATCCACCCCGCCTGA	held_out_family_or_not_in_training_pool
integrin	0.7	family	TGGCCCTGACATATCTACGCGAAAAATCCACCCCGCCTGA	held_out_family_or_not_in_training_pool
integrin	0.7	family	TGGCCGTAACATATACGCAAAAATTTTCCCTGCCTTATGAA	held_out_family_or_not_in_training_pool
integrin	0.7	family	TGGCCTACGCAAAAATCTCGCCTGCCTGGCCCCGTACGCT	held_out_family_or_not_in_training_pool
integrin	0.7	family	TGGCCTCCACGCAAGTTACGCTAAATCTCCCCAGCCTACA	held_out_family_or_not_in_training_pool
integrin	0.7	family	TGGCCTTGCACGCACCTACGCGAAACCCTTCCCGCCTGGA	held_out_family_or_not_in_training_pool
integrin	0.7	family	TGGCGCACCAAAAGCTACGCGACAAGTCGCCCCGCCTGCT	held_out_family_or_not_in_training_pool
integrin	0.7	family	TGGCTGCTACGCCTCATCTCTGCCGGCCTGCAGCCAGCTG	held_out_family_or_not_in_training_pool
integrin	0.7	family	TGGGAACTACGCGACAAAACTTCCCGCCTGTTCCACCTTATG	held_out_family_or_not_in_training_pool
integrin	0.7	family	TGGTAAGCACATAACCTACGCCAAACGCTCTCCGGCCTGA	held_out_family_or_not_in_training_pool
integrin	0.7	family	TGGTAAGCACATAACCTACGCCAAACGCTCTCCGGCCTGG	held_out_family_or_not_in_training_pool
integrin	0.7	family	TGGTACGCCAAAAAATGCCGCCCCGGCCTCCGCTTCAATAA	held_out_family_or_not_in_training_pool
integrin	0.7	family	TGGTACGCCAAAAATGCCGCCCCGGCCTCCGCTTCAATAA	held_out_family_or_not_in_training_pool
integrin	0.7	family	TGGTACTCGCTGTAGATACGCAACACCCGTCCTGCCTTC	held_out_family_or_not_in_training_pool
integrin	0.7	family	TGGTCCTACGACTCACATTACGCAGAATGTACTCCTTGCC	held_out_family_or_not_in_training_pool
integrin	0.7	family	TGGTGTTACGCAATCATACGCCCCTGCCTACACCGTGAAT	held_out_family_or_not_in_training_pool
integrin	0.7	family	TGTAACAGCTACGCGACACTCCCCCGCCTGCTGTATGAT	held_out_family_or_not_in_training_pool
integrin	0.7	family	TGTACTCTACGCTAACATCCCTCCAGCCTGAGTCACGACT	held_out_family_or_not_in_training_pool
integrin	0.7	family	TGTATGGTTCTACGCCAACCGGCCCCCGGCCTGAATCAGA	held_out_family_or_not_in_training_pool
integrin	0.7	family	TGTCAAGCCTAGACTACGCATAACGCTCGCCCTGCCTGTT	held_out_family_or_not_in_training_pool
integrin	0.7	family	TGTCACTCCACGCGCATATTACGCGAAACGCCCCTCCGCC	held_out_family_or_not_in_training_pool
integrin	0.7	family	TGTCACTCCACGCGCATATTACGCGAAACGCCCTCCGCC	held_out_family_or_not_in_training_pool
integrin	0.7	family	TGTCCATTCCTGACCACATTACGCCAACCACTCCCCGGCC	held_out_family_or_not_in_training_pool
integrin	0.7	family	TGTCGGCTACGCGAACTGTTTACCCCGCCTGCCGTATAAA	held_out_family_or_not_in_training_pool
integrin	0.7	family	TGTCTACGCGAGAACACCCTCCGCCTGACCCTTCGTAAAG	held_out_family_or_not_in_training_pool
integrin	0.7	family	TGTCTCTCTGGCACATCTACGCGTCTATCCCTCCCCGCCT	held_out_family_or_not_in_training_pool
integrin	0.7	family	TGTGACACCTACGCAAAGAGTGCCCCTGCCTGGTGTTGAG	held_out_family_or_not_in_training_pool
integrin	0.7	family	TGTGCATACGCCAAAAGTACTTCCGGCCTTGCTAACCTTG	held_out_family_or_not_in_training_pool
integrin	0.7	family	TGTGCATACGCCAAAAGTACTTCCGGCCTTGCTAACCTTT	held_out_family_or_not_in_training_pool
integrin	0.7	family	TGTTGCGCTTCACATACTACGCGAAACTCGGCCCCGCCTG	held_out_family_or_not_in_training_pool
integrin	0.7	family	TGTTTTTCCTGCGCATATTACGCGAAGTCCGTCCCCCGCC	held_out_family_or_not_in_training_pool
integrin	0.7	family	TTAAAAACGTACGCCAAACTTCGCCCGGCCTCGTTTACTGC	held_out_family_or_not_in_training_pool
integrin	0.7	family	TTAAAACGTACGCCAAACTTCGCCCGGCCTCGTTTACTGC	held_out_family_or_not_in_training_pool
integrin	0.7	family	TTAAAGCCTAGCAGCACATTACGCCACCCAACACCCGGCC	held_out_family_or_not_in_training_pool
integrin	0.7	family	TTAACCGACAAGTGCACATTACGTATCTAGAACTCCTACC	held_out_family_or_not_in_training_pool
integrin	0.7	family	TTAACTCCACGGACGAACATTACGCAAAAATCGAACCTGCC	held_out_family_or_not_in_training_pool
integrin	0.7	family	TTAACTCCACGGACGAACATTACGCAAAATCGAACCTGCC	held_out_family_or_not_in_training_pool
integrin	0.7	family	TTAATCCTGCACGTACTACGCGAAAACTGTCCCCCGCCTG	held_out_family_or_not_in_training_pool
integrin	0.7	family	TTACACCCTCTAACGCACATTACGCTAAACCCTCTCAGCC	held_out_family_or_not_in_training_pool
integrin	0.7	family	TTACACCGGCGCGGTCTACGCCACTGTTCTACCGGCCTGA	held_out_family_or_not_in_training_pool
integrin	0.7	family	TTACACGCTACGCCAAATGTAAGCCCCGGCCTGCGTTGAT	held_out_family_or_not_in_training_pool
integrin	0.7	family	TTACACTAGTCCGCGCCATTACGCAACACCCTCCTCTGCC	held_out_family_or_not_in_training_pool
integrin	0.7	family	TTACACTAGTCCGCGCCATTACGCAACACCCTTCTCTGCC	held_out_family_or_not_in_training_pool
integrin	0.7	family	TTACATAACACGCCTTTGGAGCGATACCTCCATCAACGAT	held_out_family_or_not_in_training_pool
integrin	0.7	family	TTACCACATACGCCAAAATCTCCCGGCCTTGTGAGACGAA	held_out_family_or_not_in_training_pool
integrin	0.7	family	TTACCACATGACGACCTACGCCACTGTTCTTCCGGCCTGG	held_out_family_or_not_in_training_pool
integrin	0.7	family	TTACCACCCCTGCACATTACGCAAAAGTATTATCCCTGCC	held_out_family_or_not_in_training_pool
integrin	0.7	family	TTACCACGCCACAACGAACCCCGGCCTGTACCTTTCCGTA	held_out_family_or_not_in_training_pool
integrin	0.7	family	TTACCAGGTCTTGCACATTACGCGACAACCAAGCCCCGCC	held_out_family_or_not_in_training_pool
integrin	0.7	family	TTACCAGGTCTTGCACATTACGCGACAACCAAGCCCCGCCC	held_out_family_or_not_in_training_pool
integrin	0.7	family	TTACCCGGCCCATAGCTACGCATCTGTTCTCTCTGCCTTC	held_out_family_or_not_in_training_pool
integrin	0.7	family	TTACCGCCCACCACGACGCGCACGCGATTACGGGAGCAAC	held_out_family_or_not_in_training_pool
integrin	0.7	family	TTACCGCCCACCACGACGCGCACGCGATTACGGGGAGCAAC	held_out_family_or_not_in_training_pool
integrin	0.7	family	TTACCTTGCTAACGCGTCATTACGTAACTCACCCCCTACC	held_out_family_or_not_in_training_pool
integrin	0.7	family	TTACGCATAACCCCTCCCTGCCTGCATAGGTCGGATTAAG	held_out_family_or_not_in_training_pool
integrin	0.7	family	TTACGCCAAACTCACACCCGGCCTGCTTCGTCCTACACTG	held_out_family_or_not_in_training_pool
integrin	0.7	family	TTACGCCATGCTCTGTGACGCACGCGATGACGGGAGTAAC	held_out_family_or_not_in_training_pool
integrin	0.7	family	TTACTACGCCAACAACGAACCCCGGCCTGTACCTTTCCGTA	held_out_family_or_not_in_training_pool
integrin	0.7	family	TTACTACGCCACAACGAACCCCGGCCTGTACCTTTCCATA	held_out_family_or_not_in_training_pool
integrin	0.7	family	TTACTACGCCACAACGAACCCCGGCCTGTACCTTTCCGTA	held_out_family_or_not_in_training_pool
integrin	0.7	family	TTACTACGCCACAACGAACCCCGGCCTGTACCTTTCCGTG	held_out_family_or_not_in_training_pool
integrin	0.7	family	TTACTACGCCACAACGAACCCGGCCTGTACCTTTCCGTA	held_out_family_or_not_in_training_pool
integrin	0.7	family	TTACTACGCCACAACGAGCCCCGGCCTGTACCTTTCCGTA	held_out_family_or_not_in_training_pool
integrin	0.7	family	TTACTCTCTCCCAGCGCTCATTACGTTAACTCCCCCAACC	held_out_family_or_not_in_training_pool
integrin	0.7	family	TTAGCTGCTCTACGCCAACGGCTCCCCGGCCTGAGCGGTT	held_out_family_or_not_in_training_pool
integrin	0.7	family	TTATACGCAAGAACCTCCCTGCCTTAGCTTCCGCGATAA	held_out_family_or_not_in_training_pool
integrin	0.7	family	TTATACGCAAGAACCTCCTGCCTTAGCTTCCGCGATAA	held_out_family_or_not_in_training_pool
integrin	0.7	family	TTATCACCCCTGCACATTACAGCAAAAGTATTATCCTGCC	held_out_family_or_not_in_training_pool
integrin	0.7	family	TTATCACCCCTGCACATTACGCAAAAAGTATTATCCCTGCC	held_out_family_or_not_in_training_pool
integrin	0.7	family	TTATCACCCCTGCACATTACGCAAAAGTATTATCCCTCTC	held_out_family_or_not_in_training_pool
integrin	0.7	family	TTATCACCCCTGCACATTACGCAAAAGTATTATCCCTGCC	held_out_family_or_not_in_training_pool
integrin	0.7	family	TTATCACCCCTGCACATTACGCAAAAGTATTATCCTGCC	held_out_family_or_not_in_training_pool
integrin	0.7	family	TTATCACCCCTGCACATTACGCAAAAGTATTATCCTGTC	held_out_family_or_not_in_training_pool
integrin	0.7	family	TTATCACCCCTGCACATTACGCAAAAGTGTTATCCCTGCC	held_out_family_or_not_in_training_pool
integrin	0.7	family	TTATCGCCCCTGCACATTACGCAAAAGTATTATCCCTGCC	held_out_family_or_not_in_training_pool
integrin	0.7	family	TTATCTCGCACAGTCTACGTTAACTTTCCTCAACCTGACT	held_out_family_or_not_in_training_pool
integrin	0.7	family	TTATGTCCCGTTACACATTACGCAAATGATCTGCCCTCTC	held_out_family_or_not_in_training_pool
integrin	0.7	family	TTATGTCCCGTTACACATTACGCAAATGATCTGCCTGCC	held_out_family_or_not_in_training_pool
integrin	0.7	family	TTCAAACGACCGCGCCACATTACGTCACTTCTTCCCGACC	held_out_family_or_not_in_training_pool
integrin	0.7	family	TTCAATACGCTAAAAAACTCCCAGCCTTTGACCGTGGCAA	held_out_family_or_not_in_training_pool
integrin	0.7	family	TTCACTACGCAAACGGTTTTCCCTGCCTGTGGTCCAACAA	held_out_family_or_not_in_training_pool
integrin	0.7	family	TTCATAGCAACATCGATACGCAACTAAGCTCCCTGCCTTC	held_out_family_or_not_in_training_pool
integrin	0.7	family	TTCATAGCAACATCGATACGCAACTAAGCTCCTGCCTTC	held_out_family_or_not_in_training_pool
integrin	0.7	family	TTCCCCACAGCACTAGTACGCATAACGTCCTCCCTGCCTC	held_out_family_or_not_in_training_pool
integrin	0.7	family	TTCCCGAACCTAGACACATTACGTAAAACTTCCACCTACC	held_out_family_or_not_in_training_pool
integrin	0.7	family	TTCCCTTAGCACTTAGTACGCTAAAGAACATCCCAGCCTC	held_out_family_or_not_in_training_pool
integrin	0.7	family	TTCCGATCACTAACTTACGCAACTTCTCGTCCTGCCTAGA	held_out_family_or_not_in_training_pool
integrin	0.7	family	TTCCGGCCTACGCAACCTTTTATCCCCTGCCTGGCCGTAAT	held_out_family_or_not_in_training_pool
integrin	0.7	family	TTCCGGCCTACGCAACTTTTATCCCCTGCCTGGCCGTAAT	held_out_family_or_not_in_training_pool
integrin	0.7	family	TTCCGGCCTACGCAACTTTTTATCCCCTGCCTGGCCGTAAC	held_out_family_or_not_in_training_pool
integrin	0.7	family	TTCCGGCCTACGCAACTTTTTATCCCCTGCCTGGCCGTAACT	held_out_family_or_not_in_training_pool
integrin	0.7	family	TTCCGGCCTACGCAACTTTTTTATCCCCTGCCTGGCCGTAAT	held_out_family_or_not_in_training_pool
integrin	0.7	family	TTCCTCGTACGCCACATTACGCGACACGAAACCCCCCGCC	held_out_family_or_not_in_training_pool
integrin	0.7	family	TTCCTGCCAATTGAGCACATTACGCAAAAAAAATTCCCTGCC	held_out_family_or_not_in_training_pool
integrin	0.7	family	TTCCTGCCAATTGAGCACATTACGCAAAAAATTCCCTGCC	held_out_family_or_not_in_training_pool
integrin	0.7	family	TTCCTTCGACCGCACATATACGCGACCGTGATCCCCGCCT	held_out_family_or_not_in_training_pool
integrin	0.7	family	TTCGAACCGACTGCTCACATTACGCGAACATTTCCCCGCC	held_out_family_or_not_in_training_pool
integrin	0.7	family	TTCGATTGAAACTACGCAACACACTCCCTTGCCTGTTTAT	held_out_family_or_not_in_training_pool
integrin	0.7	family	TTCGCATGACAGCCATGAAGCACGCGACGACGGGAGCAAC	held_out_family_or_not_in_training_pool
integrin	0.7	family	TTCGCTTAACGCTTACGCAACACGTTCACCCTGCCTAGCG	held_out_family_or_not_in_training_pool
integrin	0.7	family	TTCTACACTGCGCATAATACGTAACTATCGACCTACCTT	held_out_family_or_not_in_training_pool
integrin	0.7	family	TTCTACGCCACCTACTTACCCGGCCTGATCTTTACCCAGC	held_out_family_or_not_in_training_pool
integrin	0.7	family	TTCTATGAACTACGCTAGACGCCTCCCAGCCTGTTCGATA	held_out_family_or_not_in_training_pool
integrin	0.7	family	TTCTTAAGTCGAGCGCCATTACGCTACTCACCTCTCAGCC	held_out_family_or_not_in_training_pool
integrin	0.7	family	TTCTTGCCACCGTCTCACATTACGCTAAATCTCTCCAGCC	held_out_family_or_not_in_training_pool
integrin	0.7	family	TTGAACCTACGCGAAAACAATCACCCCGCCTGGTACACCT	held_out_family_or_not_in_training_pool
integrin	0.7	family	TTGAACCTCCAAAGCACATTACGCATCTCTGATCCCTGCC	held_out_family_or_not_in_training_pool
integrin	0.7	family	TTGAACTACGCAAAAAACCAGCCCTGCCTGTTCAGTAAGCG	held_out_family_or_not_in_training_pool
integrin	0.7	family	TTGAACTACGCAAAAACCAGCCCTGCCTGTTCAGTAAGCG	held_out_family_or_not_in_training_pool
integrin	0.7	family	TTGAACTACGCAAAAACCAGCCTGCCTGTTCAGTAAGCG	held_out_family_or_not_in_training_pool
integrin	0.7	family	TTGAACTACGCGACAAACTTCCCGCCTGTTCCACCTTATG	held_out_family_or_not_in_training_pool
integrin	0.7	family	TTGACACCTCGCCCACATTACGCCAAACGTTCGCCCGGCC	held_out_family_or_not_in_training_pool
integrin	0.7	family	TTGACCCTCGCCCACATTACGCCAAAACGTTCGCCCGGCC	held_out_family_or_not_in_training_pool
integrin	0.7	family	TTGACCCTCGCCCACATTACGCCAAACGTTCGCCCGGCC	held_out_family_or_not_in_training_pool
integrin	0.7	family	TTGACCCTCGCCCACATTACGCCAAATGTTCGCCCGGCC	held_out_family_or_not_in_training_pool
integrin	0.7	family	TTGACCCTCGCCCACATTACGCCCAAACGTTCGCCCGGCC	held_out_family_or_not_in_training_pool
integrin	0.7	family	TTGACCCTCGCCTACATTACGCCAAACGTTCGCCCGGCC	held_out_family_or_not_in_training_pool
integrin	0.7	family	TTGACCCTCGCTCACATTACGCCAAACGTTCGCCCGGCC	held_out_family_or_not_in_training_pool
integrin	0.7	family	TTGATTAGCCAGAGCAGCAGCACGCGACGACGGGAGAAAC	held_out_family_or_not_in_training_pool
integrin	0.7	family	TTGCACGGCAATACGCATGACGTTCACCCTGCCTTTGCCT	held_out_family_or_not_in_training_pool
integrin	0.7	family	TTGCATTCCTGCGCCACATTACGCGAAACGATCCCCCGCC	held_out_family_or_not_in_training_pool
integrin	0.7	family	TTGCCAACCGGTGCACATTACGCGAGCATTGTCCCCCGCC	held_out_family_or_not_in_training_pool
integrin	0.7	family	TTGCCACCCAAGCGATACATTACGCTAACTTCTTCCAGCC	held_out_family_or_not_in_training_pool
integrin	0.7	family	TTGCCACCCTAGCGATACATTACGCTAACTTCTTCCAGCC	held_out_family_or_not_in_training_pool
integrin	0.7	family	TTGCCACGAGATACGCAATGGTCGACCCTGCCTTCTCGTT	held_out_family_or_not_in_training_pool
integrin	0.7	family	TTGCCCACGCACACATTACGCGACACTGCTCTTCCCCGCC	held_out_family_or_not_in_training_pool
integrin	0.7	family	TTGCCCTACGCTAAAATTCGGTCCAGCCTGGGCAAACACG	held_out_family_or_not_in_training_pool
integrin	0.7	family	TTGCCGCCCTAGCGATACATTACGCTAACTTCTTCCAGCC	held_out_family_or_not_in_training_pool
integrin	0.7	family	TTGCCTAACAGGAGCGCCATTACGCTAATTCGACCCAGCC	held_out_family_or_not_in_training_pool
integrin	0.7	family	TTGCGCCAGCGCCGCAATACGCAAAACCCCTTCCTGCCTT	held_out_family_or_not_in_training_pool
integrin	0.7	family	TTGCGGCTACGCTAACCTCACCCAGCCTGCCGTGCTTCTA	held_out_family_or_not_in_training_pool
integrin	0.7	family	TTGCTACGCAAAACAGGCCCCTGCCTGCATCAGTACCACG	held_out_family_or_not_in_training_pool
integrin	0.7	family	TTGCTACGCTAAAGCACCGACCAGCCTGCAGCAAGACTA	held_out_family_or_not_in_training_pool
integrin	0.7	family	TTGCTCATAACGACCAAAACGACCCAGCAGTTCCTTTCGT	held_out_family_or_not_in_training_pool
integrin	0.7	family	TTGCTCCTTTAACGCAACATTACGCTTCAATTTCCCAGCC	held_out_family_or_not_in_training_pool
integrin	0.7	family	TTGCTTAAAAGTACATATTACGCCAAATTCTCCCGGCCTT	held_out_family_or_not_in_training_pool
integrin	0.7	family	TTGGAACCTACGCGACTCACTTACCCCGCCTGGTTTAACG	held_out_family_or_not_in_training_pool
integrin	0.7	family	TTGGAAGCGATCCGAACATTACGCAAAACACCTCCCTGCC	held_out_family_or_not_in_training_pool
integrin	0.7	family	TTGGACTACGCCAAAACTCTCCCGGCCTGTCCACTACGCG	held_out_family_or_not_in_training_pool
integrin	0.7	family	TTGGATTACGCGAAAAAACTCCTCGCCTATCGCAGCAATG	held_out_family_or_not_in_training_pool
integrin	0.7	family	TTGTAAAGCGCCTGCTACGCATAATCTCGTCCTGCCTGCA	held_out_family_or_not_in_training_pool
integrin	0.7	family	TTGTAACGCGCAGCGATACGCAACTAACCTCCTGCCTTC	held_out_family_or_not_in_training_pool
integrin	0.7	family	TTGTAAGAGACCTCATGCGTCACGCGATGACGGGAGACAC	held_out_family_or_not_in_training_pool
integrin	0.7	family	TTGTATCTACGCGACACTGACCCCCGCCTGTACAGCAAGC	held_out_family_or_not_in_training_pool
integrin	0.7	family	TTGTATCTACGCGACACTGACCCCCGCCTGTACAGCAAGT	held_out_family_or_not_in_training_pool
integrin	0.7	family	TTGTCTACGCCAAACACTGCTCCCGGCCTGACAATGTTTC	held_out_family_or_not_in_training_pool
integrin	0.7	family	TTGTTCTCCTTTGTTCACATTACGCAAACGCGCCCCTGCC	held_out_family_or_not_in_training_pool
integrin	0.7	family	TTTAAACGGCATACGCCAAAGTCGACCCGGCCTTGCCGTA	held_out_family_or_not_in_training_pool
integrin	0.7	family	TTTAACTCCGTACCCCAGCGCACGCGACGACGGGAGTAAC	held_out_family_or_not_in_training_pool
integrin	0.7	family	TTTAACTCTACGCAACTAACTCCCTGCCTGATTAGACACG	held_out_family_or_not_in_training_pool
integrin	0.7	family	TTTACAACTCCGCCACATTACGTCAAACAGACTCCGACC	held_out_family_or_not_in_training_pool
integrin	0.7	family	TTTACAGGTTACGCGAAAAGCTCCCCGCCTGCCTGAGTTA	held_out_family_or_not_in_training_pool
integrin	0.7	family	TTTACCCCCGTCATGGAGCGCACGCGAACACGGGAGATAC	held_out_family_or_not_in_training_pool
integrin	0.7	family	TTTACGAACCCTGCAAAAGGCACGCGATAACGGGAGACAC	held_out_family_or_not_in_training_pool
integrin	0.7	family	TTTACGAACCCTGTAAAAGGCACGCGATAACGGGAGACAC	held_out_family_or_not_in_training_pool
integrin	0.7	family	TTTAGACCATCTGTACGCGATTTTCGTCCCCGCCTCAGA	held_out_family_or_not_in_training_pool
integrin	0.7	family	TTTAGCCCAAAAGCTACGCGACATCCTCCCCGCCTGCTTA	held_out_family_or_not_in_training_pool
integrin	0.7	family	TTTATATCCGCCGTACTACGCATCTTTTTCTTCCTGCCTG	held_out_family_or_not_in_training_pool
integrin	0.7	family	TTTCAAATCCCCGCACATTACGTAACACTCGAACCCTACC	held_out_family_or_not_in_training_pool
integrin	0.7	family	TTTCAGTAGCTACGCCTAACCTCCCCGGCCTGCTACTCGG	held_out_family_or_not_in_training_pool
integrin	0.7	family	TTTCCTAGTCCATTTGGCGCACGCGAATACGGGAGACAC	held_out_family_or_not_in_training_pool
integrin	0.7	family	TTTCCTAGTCCATTTTGGCGCACGCGAATACGGGGAGACAC	held_out_family_or_not_in_training_pool
integrin	0.7	family	TTTCCTAGTCCATTTTTGGCGCACGCGAATACGGGAGACAC	held_out_family_or_not_in_training_pool
integrin	0.7	family	TTTCCTTCAGACCCACATTACGCAGACGCTTTCCGCAGCC	held_out_family_or_not_in_training_pool
integrin	0.7	family	TTTCGATTGACAGTCATATTACGCCAAAAGACTCCCGGCC	held_out_family_or_not_in_training_pool
integrin	0.7	family	TTTGACAGCTTACGCGAAAAGCCTCTCCCGCCTAGCTGAG	held_out_family_or_not_in_training_pool
integrin	0.7	family	TTTGATACGCTAAAGAGCTCTCCAGCCTTCAATCGGCCGC	held_out_family_or_not_in_training_pool
integrin	0.7	family	TTTGATACGCTAAAGAGCTCTCCAGCCTTCAATCGGCGC	held_out_family_or_not_in_training_pool
integrin	0.7	family	TTTGCTAAAATCCAGCGGCGCACGCGATGACGGGAGAAAC	held_out_family_or_not_in_training_pool
integrin	0.7	family	TTTGGTCCTACGCGAACTTCTCTCCGCCTGGGCCGCCCCG	held_out_family_or_not_in_training_pool
integrin	0.7	family	TTTGTGACCCGATTTGTCACTCTTTCTATGTACGCGGAAT	held_out_family_or_not_in_training_pool
integrin	0.7	family	TTTTCACCATTGCGCAGATTACGCTTCATTACCTCCAGCC	held_out_family_or_not_in_training_pool
integrin	0.7	family	TTTTGTCCATGCAGTCATTACGTGAAACCTCACCCCCACC	held_out_family_or_not_in_training_pool
integrin	0.7	naive_sequence_random	TCCTAAGATGCGTTAACATTACGTAAGAATCTACCTACC	held_out_family_or_not_in_training_pool
integrin	0.8	family	AACAAGTACGCGAAAATCTTCCCCGCCTCTTGTTGGCATC	held_out_family_or_not_in_training_pool
integrin	0.8	family	AACATCTACGCAAAAAGTGTTCCCCTGCCTGATGTGACAAA	held_out_family_or_not_in_training_pool
integrin	0.8	family	AACATCTACGCAAGAGTGTTCCCCTGCCTGATGTGACAAA	held_out_family_or_not_in_training_pool
integrin	0.8	family	ACAATCCTGCACGTACTACGCGAAAACTGTCCCCCGCCTG	held_out_family_or_not_in_training_pool
integrin	0.8	family	ACACATAACACGCCTTTGGAGCGATACCTCCATCAACGAC	held_out_family_or_not_in_training_pool
integrin	0.8	family	ACACATAACACGCCTTTGGAGCGATACCTCCATCAACGAG	held_out_family_or_not_in_training_pool
integrin	0.8	family	ACACATAACACGCCTTTGGGGCGATACCTCCATCAACGAT	held_out_family_or_not_in_training_pool
integrin	0.8	family	ACCAATAACCGTTCACATTACGCATCAATCAACCCTGCC	held_out_family_or_not_in_training_pool
integrin	0.8	family	ACCTACTACGTCATTTGGCGCACGCGAATACGGGAGAACAC	held_out_family_or_not_in_training_pool
integrin	0.8	family	ACCTCCTAGTCCATTTTGGCGCACGCGAATACGGGAGACAC	held_out_family_or_not_in_training_pool
integrin	0.8	family	AGCAAAGTACGCGAAAATCTTCCCCGCCTCTTGTTGGCATC	held_out_family_or_not_in_training_pool
integrin	0.8	family	AGCAAGTACGCGAAAAATCTTCCCCGCCTCTTGTTAGCATC	held_out_family_or_not_in_training_pool
integrin	0.8	family	AGCAAGTACGCGAAAAATCTTCCCCGCCTCTTGTTGGCATC	held_out_family_or_not_in_training_pool
integrin	0.8	family	AGCAAGTACGCGAAAATCATCCCGCCTCTTGTTAGCATC	held_out_family_or_not_in_training_pool
integrin	0.8	family	AGCAAGTACGCGAAAATCTTCCCCGCCCTCTTGTTGGCATC	held_out_family_or_not_in_training_pool
integrin	0.8	family	AGCAAGTACGCGAAAATCTTCCCCGCCTCTCGTTGGCATC	held_out_family_or_not_in_training_pool
integrin	0.8	family	AGCAAGTACGCGAAAATCTTCCCCGCCTCTTGCTGGCATC	held_out_family_or_not_in_training_pool
integrin	0.8	family	AGCAAGTACGCGAAAATCTTCCCCGCCTCTTGTTAGCATC	held_out_family_or_not_in_training_pool
integrin	0.8	family	AGCAAGTACGCGAAAATCTTCCCCGCCTCTTGTTGGACATC	held_out_family_or_not_in_training_pool
integrin	0.8	family	AGCAAGTACGCGAAAATCTTCCCCGCCTCTTGTTGGCATT	held_out_family_or_not_in_training_pool
integrin	0.8	family	AGCAAGTACGCGAAAATCTTCCCGCCTCTTGTTGGCATC	held_out_family_or_not_in_training_pool
integrin	0.8	family	AGCGACTAAAACGCAGAGAAATCGTCTCCCTGAGGTTCCGA	held_out_family_or_not_in_training_pool
integrin	0.8	family	AGCGACTAAACGCAGAGAAAATCGTCTCCCTGAGGTTCCGA	held_out_family_or_not_in_training_pool
integrin	0.8	family	ATCTCCTAGTCCATTTTGGCGCACGCGAATACGGGAGACAC	held_out_family_or_not_in_training_pool
integrin	0.8	family	CAAAGACGCACCATAACTACGCAAGAGTTCTCTCTGCCTGA	held_out_family_or_not_in_training_pool
integrin	0.8	family	CAAGACGCACCATAACTACGCAAGAATTCTCTCTGCCTGA	held_out_family_or_not_in_training_pool
integrin	0.8	family	CAAGACGCACCATAACTACGCAAGAGTTCTCTCTGCCTGA	held_out_family_or_not_in_training_pool
integrin	0.8	family	CAAGGCGCACCATAACTACGCAAGAGTTCTCTCTGCCTGA	held_out_family_or_not_in_training_pool
integrin	0.8	family	CACGACTACTTCGGCACATTACGCGACGATCGAACCCGCC	held_out_family_or_not_in_training_pool
integrin	0.8	family	CACGACTACTTCGGCACATTACGCGACGATCGACCCGCC	held_out_family_or_not_in_training_pool
integrin	0.8	family	CACTACGCAAACTCCTTCTGCCTGTGCTTGAAAAACGACAT	held_out_family_or_not_in_training_pool
integrin	0.8	family	CAGCTCATAACGACCAAAACGACCAGCAGTTCCTTTCGT	held_out_family_or_not_in_training_pool
integrin	0.8	family	CAGCTCATAACGACCAAAACGACCCAGCAGTTCCTTTCGC	held_out_family_or_not_in_training_pool
integrin	0.8	family	CAGCTCATAACGACCAAAACGACCCAGCAGTTCCTTTCGT	held_out_family_or_not_in_training_pool
integrin	0.8	family	CAGCTCCGCGCGCACGTTACGCGAAAACGTTCTGCCCGCC	held_out_family_or_not_in_training_pool
integrin	0.8	family	CAGGACGCACCATAACTACGCAAGAGTTCTCTCTGCCTGA	held_out_family_or_not_in_training_pool
integrin	0.8	family	CATTCTATCTTCAGCACATTACGCGAAAAAGCGAACCCGCC	held_out_family_or_not_in_training_pool
integrin	0.8	family	CATTCTATCTTCAGCACATTACGCGAAAAGCGAACCCGCC	held_out_family_or_not_in_training_pool
integrin	0.8	family	CATTCTATCTTCAGCACATTACGCGAAAAGCGAACCCGTC	held_out_family_or_not_in_training_pool
integrin	0.8	family	CCCCCTAGTCCATTTTGGCGCACGCGAATACGGGAGACAC	held_out_family_or_not_in_training_pool
integrin	0.8	family	CCCTAAGATGCGTTAACATTACGTAAGAATCTACCCTCTC	held_out_family_or_not_in_training_pool
integrin	0.8	family	CCCTAAGATGCGTTAACATTACGTAAGAATCTACCTACC	held_out_family_or_not_in_training_pool
integrin	0.8	family	CCCTACACTGCGCATAATACGTAACTATCGACCTACCTC	held_out_family_or_not_in_training_pool
integrin	0.8	family	CCCTACACTGCGCATAATACGTAACTATCGACCTACCTT	held_out_family_or_not_in_training_pool
integrin	0.8	family	CCCTACACTGCGCATAATACGTAACTATCGACCTACTT	held_out_family_or_not_in_training_pool
integrin	0.8	family	CCCTACACTGCGCCATAATACGTAACTATCGACCTACCTT	held_out_family_or_not_in_training_pool
integrin	0.8	family	CCGTCCTAGTCCATTTTGGCGCACGCGAATACGGGAGACAC	held_out_family_or_not_in_training_pool
integrin	0.8	family	CCTACCTAGTCCATTTGGCGCACGCGAATACGGGAGACAC	held_out_family_or_not_in_training_pool
integrin	0.8	family	CCTAGACACTACGCGAAAAGAACCCACGCCTGTGTCTACG	held_out_family_or_not_in_training_pool
integrin	0.8	family	CCTCCCAGTCCATTTTGGCGCACGCGAATACGGGAGACAC	held_out_family_or_not_in_training_pool
integrin	0.8	family	CCTCCTAAGTCCATTTTGGCGCACGCGAATACGGGAGACAC	held_out_family_or_not_in_training_pool
integrin	0.8	family	CCTCCTAGCCCATTTTGGCGCACGCGAATACGGGAGACAC	held_out_family_or_not_in_training_pool
integrin	0.8	family	CCTCCTAGTCCAATTTGGCGCACGCGAATACGGGAGACAC	held_out_family_or_not_in_training_pool
integrin	0.8	family	CCTCCTAGTCCAATTTTGGCGCACGCGAATACGGGAGACAC	held_out_family_or_not_in_training_pool
integrin	0.8	family	CCTCCTAGTCCATCTTGGCGCACGCGAATACGGGAGACAC	held_out_family_or_not_in_training_pool
integrin	0.8	family	CCTCCTAGTCCATTTGGCCGCACGCGAATACGGGAGACAC	held_out_family_or_not_in_training_pool
integrin	0.8	family	CCTCCTAGTCCATTTGGCGCACGCGAAATACGGGAGACAC	held_out_family_or_not_in_training_pool
integrin	0.8	family	CCTCCTAGTCCATTTGGCGCACGCGAATACGGGAGACAC	held_out_family_or_not_in_training_pool
integrin	0.8	family	CCTCCTAGTCCATTTTAGCGCACGCGAATACGGGAGACAC	held_out_family_or_not_in_training_pool
integrin	0.8	family	CCTCCTAGTCCATTTTGGCGCACAGCGAATACGGGAGACAC	held_out_family_or_not_in_training_pool
integrin	0.8	family	CCTCCTAGTCCATTTTGGCGCACGCCGAATACGGGAGACAC	held_out_family_or_not_in_training_pool
integrin	0.8	family	CCTCCTAGTCCATTTTGGCGCACGCGAACACGGGAGACAC	held_out_family_or_not_in_training_pool
integrin	0.8	family	CCTCCTAGTCCATTTTGGCGCACGCGAATACGGGAGAAAC	held_out_family_or_not_in_training_pool
integrin	0.8	family	CCTCCTAGTCCATTTTGGCGCACGCGAATACGGGAGACAC	held_out_family_or_not_in_training_pool
integrin	0.8	family	CCTCCTAGTCCATTTTGGCGCACGCGAATACGGGAGACTC	held_out_family_or_not_in_training_pool
integrin	0.8	family	CCTCCTAGTCCATTTTGGCGCACGCGAATACGGGGAGACAC	held_out_family_or_not_in_training_pool
integrin	0.8	family	CCTCCTAGTCCATTTTGGCGCACGCGAATGACGGGAGACAC	held_out_family_or_not_in_training_pool
integrin	0.8	family	CCTCCTAGTCCATTTTGGCGCACGCGAATGCGGGAGACAC	held_out_family_or_not_in_training_pool
integrin	0.8	family	CCTCCTAGTCCATTTTGGCGCACGCGAGTACGGGAGACAC	held_out_family_or_not_in_training_pool
integrin	0.8	family	CCTCCTAGTCCATTTTGGCGCCACGCGAATACGGGAGACAC	held_out_family_or_not_in_training_pool
integrin	0.8	family	CCTCCTAGTCCATTTTGGGCGCACGCGAATACGGGAGACAC	held_out_family_or_not_in_training_pool
integrin	0.8	family	CCTCCTAGTCCATTTTTGGCGCACGCGAATACGGGAGACAC	held_out_family_or_not_in_training_pool
integrin	0.8	family	CCTCCTAGTCCATTTTTGGCGCACGCGAATACGGGGAGACAC	held_out_family_or_not_in_training_pool
integrin	0.8	family	CCTCCTAGTCCGTTTTGGCGCACGCGAATACGGGAGACAC	held_out_family_or_not_in_training_pool
integrin	0.8	family	CCTCCTAGTTCATTTTGGCGCACGCGAATACGGGAGACAC	held_out_family_or_not_in_training_pool
integrin	0.8	family	CGCCTACACTGCGCATAATACGTAACTATCGACCTACCTT	held_out_family_or_not_in_training_pool
integrin	0.8	family	CGCGACTACTTCGGCACATTACGCGACGATCGAACCCGCC	held_out_family_or_not_in_training_pool
integrin	0.8	family	CTCCGGCCTACGCAACTTTTTATCCCCTGCCTGGCCGTAAC	held_out_family_or_not_in_training_pool
integrin	0.8	family	CTCCGGCCTACGCAACTTTTTATCCCCTGCCTGGCCGTAAG	held_out_family_or_not_in_training_pool
integrin	0.8	family	CTCCGGCCTACGCAACTTTTTATCCCCTGCCTGGCCGTAAT	held_out_family_or_not_in_training_pool
integrin	0.8	family	CTCCGGCCTACGCAACTTTTTATCCCTCGCCTGGCCGTAAT	held_out_family_or_not_in_training_pool
integrin	0.8	family	CTCCGGCCTACGCAACTTTTTTATCCCCTGCCTGGCCGTAAT	held_out_family_or_not_in_training_pool
integrin	0.8	family	CTCCGGCCTACGCAACTTTTTTTATCCCCTGCCTGGCCGTAAC	held_out_family_or_not_in_training_pool
integrin	0.8	family	CTCCGGCCTACGCCAACTTTTTATCCCCTGCCTGGCCGTAAT	held_out_family_or_not_in_training_pool
integrin	0.8	family	CTCCTAGTCCATTTTGGCGCACGCGAATACGGGAGACAC	held_out_family_or_not_in_training_pool
integrin	0.8	family	CTCCTGCCAATTGAGCACATTACGCAAAAAAATTCCCTGCC	held_out_family_or_not_in_training_pool
integrin	0.8	family	CTGCATTCCTGCGCCACATTACGCGAAACGATCCCCCGCC	held_out_family_or_not_in_training_pool
integrin	0.8	family	CTGCATTCCTGCGCCACATTACGCGAAACGATCCCCGCC	held_out_family_or_not_in_training_pool
integrin	0.8	family	CTGGATTACGCGAAAAAAAAACTCCTCGCCTATCGCAGCAATG	held_out_family_or_not_in_training_pool
integrin	0.8	family	CTGGATTACGCGAAAAAAAACTCCTCGCCTATCGCAGCAATG	held_out_family_or_not_in_training_pool
integrin	0.8	family	CTGGATTACGCGAAAAAAACTCCTCGCCTATCGCAGCAATG	held_out_family_or_not_in_training_pool
integrin	0.8	family	CTGGATTACGCGAAAAACTCCTCGCCTATCGCAGCAATG	held_out_family_or_not_in_training_pool
integrin	0.8	family	GACATCTACGCAAAAAAGTGTTCCCCTGCCTGATGTGACAAA	held_out_family_or_not_in_training_pool
integrin	0.8	family	GACATCTACGCAAAAAATGTTCCCCTGCCTGATGTGACAAA	held_out_family_or_not_in_training_pool
integrin	0.8	family	GACATCTACGCAAAAAGTGCTCCCCTGCCTGATGTGACAAA	held_out_family_or_not_in_training_pool
integrin	0.8	family	GACATCTACGCAAAAAGTGTTCCCCTGCCTGATGTGACAAA	held_out_family_or_not_in_training_pool
integrin	0.8	family	GACATCTACGCAAAAGTGTCCCCCTGCCTGATGTGACAAA	held_out_family_or_not_in_training_pool
integrin	0.8	family	GACATCTACGCAAAAGTGTTCCCCCGCCTGATGTGACAAA	held_out_family_or_not_in_training_pool
integrin	0.8	family	GACATCTACGCAAAAGTGTTCCCCCTGCCTGATGTGACAAA	held_out_family_or_not_in_training_pool
integrin	0.8	family	GACATCTACGCAAAAGTGTTCCCCTGCCTGATGATGACAAA	held_out_family_or_not_in_training_pool
integrin	0.8	family	GACATCTACGCAAAAGTGTTCCCCTGCCTGATGCTGACAAA	held_out_family_or_not_in_training_pool
integrin	0.8	family	GACATCTACGCAAAAGTGTTCCCCTGCCTGATGTAACAAA	held_out_family_or_not_in_training_pool
integrin	0.8	family	GACATCTACGCAAAAGTGTTCCCCTGCCTGATGTGACAAG	held_out_family_or_not_in_training_pool
integrin	0.8	family	GACATCTACGCAAAAGTGTTCCCCTGCCTGATGTGACAAT	held_out_family_or_not_in_training_pool
integrin	0.8	family	GACATCTACGCAAAAGTGTTCCCCTGCCTGATGTGACAGA	held_out_family_or_not_in_training_pool
integrin	0.8	family	GACATCTACGCAAAAGTGTTCCCCTGCCTGATGTGACCAAA	held_out_family_or_not_in_training_pool
integrin	0.8	family	GACATCTACGCAAAAGTGTTCCCCTGCCTGATGTGACGAA	held_out_family_or_not_in_training_pool
integrin	0.8	family	GACATCTACGCAAAAGTGTTCCCCTGCCTGATGTGGCAAA	held_out_family_or_not_in_training_pool
integrin	0.8	family	GACATCTACGCAAAAGTGTTCCCCTGTCTGATGTGACAAA	held_out_family_or_not_in_training_pool
integrin	0.8	family	GACATCTACGCAAAAGTGTTCCCTTGCCTGATGTGACAAA	held_out_family_or_not_in_training_pool
integrin	0.8	family	GACTACCATCGAACGTACATTACGCTACTCTCTACCAGCC	held_out_family_or_not_in_training_pool
integrin	0.8	family	GCAATACCTGCACGTACTACGCGAAAACTGTCCCCCGCCTG	held_out_family_or_not_in_training_pool
integrin	0.8	family	GCAATCCTGCACGTACTACGCGAAAAACTGTCCCCCCGCCTG	held_out_family_or_not_in_training_pool
integrin	0.8	family	GCAATCCTGCACGTACTACGCGAAAAACTGTCCCCCGCCTG	held_out_family_or_not_in_training_pool
integrin	0.8	family	GCAATCCTGCACGTACTACGCGAAAACTGTCCCCCGCCTC	held_out_family_or_not_in_training_pool
integrin	0.8	family	GCAATCCTGCACGTACTACGCGAAAACTGTCCCCCGCCTG	held_out_family_or_not_in_training_pool
integrin	0.8	family	GCAATCCTGCACGTACTACGCGAAAACTGTCCCCGCCTG	held_out_family_or_not_in_training_pool
integrin	0.8	family	GCAATCCTGCACGTACTACGCGAAAATTGTCCCCCGCCTG	held_out_family_or_not_in_training_pool
integrin	0.8	family	GCAATCCTGCACGTACTACGCGAAGACTGTCCCCCGCCTG	held_out_family_or_not_in_training_pool
integrin	0.8	family	GCACTACGCAAAAGTGTCCTCCCTGCCTGTGCCGACAAAG	held_out_family_or_not_in_training_pool
integrin	0.8	family	GCCCTACGCAACAGTATGTCCCTGCCTGGGCCGTCAAAAG	held_out_family_or_not_in_training_pool
integrin	0.8	family	GCGCTACGCAAAAAGTGTCCTCCCTGCCTGTGCCGACAAAG	held_out_family_or_not_in_training_pool
integrin	0.8	family	GCGCTACGCAAAAGTGTCCTCCCTGCCTGTGCCGACAAAG	held_out_family_or_not_in_training_pool
integrin	0.8	family	GCTCCTAGTCCATTTTGGCGCACGCGAATACGGGAGACAC	held_out_family_or_not_in_training_pool
integrin	0.8	family	TAAGACGCACCATAACCTACGCAAGAGTTCTCTCTGCCTGA	held_out_family_or_not_in_training_pool
integrin	0.8	family	TAAGACGCACCATAACTACGCAAGAGTCCTCTCTGCCTGA	held_out_family_or_not_in_training_pool
integrin	0.8	family	TAAGACGCACCATAACTACGCAAGAGTTCTCTCTCGCCTGA	held_out_family_or_not_in_training_pool
integrin	0.8	family	TAAGACGCACCATAACTACGCAAGAGTTCTCTCTCGCCTGAC	held_out_family_or_not_in_training_pool
integrin	0.8	family	TAAGACGCACCATAACTACGCAAGAGTTCTCTCTGCCTGC	held_out_family_or_not_in_training_pool
integrin	0.8	family	TAAGACGCACCATAACTACGCAAGAGTTCTCTCTGCCTGG	held_out_family_or_not_in_training_pool
integrin	0.8	family	TAAGACGCACCATAACTACGCAAGAGTTCTCTCTGCTGA	held_out_family_or_not_in_training_pool
integrin	0.8	family	TAAGACGCACCATAACTACGCAAGGGTTCTCTCTGCCTGA	held_out_family_or_not_in_training_pool
integrin	0.8	family	TAAGACGCACCATACTACGCAAGAGTTCTCTCTGCCTGA	held_out_family_or_not_in_training_pool
integrin	0.8	family	TAAGACGCACGATAACTACGCAAGAGTTCTCTCTGCCTGA	held_out_family_or_not_in_training_pool
integrin	0.8	family	TAAGACGCGCCATAACTACGCAAGAGTTCTCTCTGCCTGA	held_out_family_or_not_in_training_pool
integrin	0.8	family	TACATCTACGCAAAAAAGTGTTCCCCTGCCTGATGTGACAAA	held_out_family_or_not_in_training_pool
integrin	0.8	family	TACATCTACGCAAAAAGTGTTCCCCTGCCTGATGTGACAAA	held_out_family_or_not_in_training_pool
integrin	0.8	family	TACATCTACGCAAAAGTGTTCCCCTGCCTGATGTGACAAA	held_out_family_or_not_in_training_pool
integrin	0.8	family	TACATCTACGCAAAAGTGTTCCCCTGCCTGATGTGACCAAA	held_out_family_or_not_in_training_pool
integrin	0.8	family	TACCTCTCCCAACAGCGGAACTGTTTCTCGGATCCAAAAGG	held_out_family_or_not_in_training_pool
integrin	0.8	family	TACCTCTCCCAACAGCGGAACTGTTTCTCGGTCCAAAAGG	held_out_family_or_not_in_training_pool
integrin	0.8	family	TACGACTACTTCGGCACATTACGCGACGATCGAACCGCC	held_out_family_or_not_in_training_pool
integrin	0.8	family	TACTACCATCGAACGTACATTACGCTACTCTCTACCAGC	held_out_family_or_not_in_training_pool
integrin	0.8	family	TACTACCATCGAACGTACATTACGCTACTCTCTACCAGCC	held_out_family_or_not_in_training_pool
integrin	0.8	family	TACTCCTAGTCCATTTTGGCGCACGCGAATACGGGAGACAC	held_out_family_or_not_in_training_pool
integrin	0.8	family	TAGACGCACCATAACTACGCAAGAGTTCTCTCTGCCTGA	held_out_family_or_not_in_training_pool
integrin	0.8	family	TAGCTACCGCGCGCACGTTACGCGAAAACGTTCTGCCCGCC	held_out_family_or_not_in_training_pool
integrin	0.8	family	TAGCTCATAACGACCAAAACGACCCAGCAGTTCCTTTCGC	held_out_family_or_not_in_training_pool
integrin	0.8	family	TAGCTCCGACGCGCACGTTACGCGAAAACGTTCTGCCCGCC	held_out_family_or_not_in_training_pool
integrin	0.8	family	TAGCTCCGCGCGCACGTTACGCGAAAAACGTTCTGCCCGCC	held_out_family_or_not_in_training_pool
integrin	0.8	family	TAGCTCCGCGCGCACGTTACGCGAAAACGTTCTGCCGCC	held_out_family_or_not_in_training_pool
integrin	0.8	family	TAGGACGCACCATAACTACGCAAGAGTTCTCTCTGCCTGA	held_out_family_or_not_in_training_pool
integrin	0.8	family	TATTCTATCTTCAGCACATTACGCGAAAAGCGAACCCGCC	held_out_family_or_not_in_training_pool
integrin	0.8	family	TCAATCCTGCACGTACTACGCGAAAAACTGTCCCCCGCCTG	held_out_family_or_not_in_training_pool
integrin	0.8	family	TCAATCCTGCACGTACTACGCGAAAACTGTCCCCCGCCTC	held_out_family_or_not_in_training_pool
integrin	0.8	family	TCAATCCTGCACGTACTACGCGAAAACTGTCCCCGCCTG	held_out_family_or_not_in_training_pool
integrin	0.8	family	TCAATCCTGCACGTACTACGCGAAGACTGTCCCCCGCCTG	held_out_family_or_not_in_training_pool
integrin	0.8	family	TCACATAACACGCCTTTGGAGCGATACCTCCATCAACGAC	held_out_family_or_not_in_training_pool
integrin	0.8	family	TCACATAACACGCCTTTGGAGCGATACCTCCATCAACGAT	held_out_family_or_not_in_training_pool
integrin	0.8	family	TCATCCTAGTCCATTTTGGCGCACGCGAATACGGGAGACAC	held_out_family_or_not_in_training_pool
integrin	0.8	family	TCCAATAACCGTTCACATTACGCATCAACTCAACCTGCC	held_out_family_or_not_in_training_pool
integrin	0.8	family	TCCACTCTGTGCAACATTACGCGAAACGTATCCTCCGCC	held_out_family_or_not_in_training_pool
integrin	0.8	family	TCCCACACTGCGCATAATACGTAACTATCGACCTACCTT	held_out_family_or_not_in_training_pool
integrin	0.8	family	TCCCCTAGTCCATTTTGGCGCACGCGAATACGGGAGACAC	held_out_family_or_not_in_training_pool
integrin	0.8	family	TCCTAAGATGCGTTAACATTACGTAAGAATCTACCCTCTC	held_out_family_or_not_in_training_pool
integrin	0.8	family	TCCTAAGTTGCGTTAACATTACGTAAGAATCTACCTACC	held_out_family_or_not_in_training_pool
integrin	0.8	family	TCCTACACTGACGCATAATACGTAACTATCGACCTACCT	held_out_family_or_not_in_training_pool
integrin	0.8	family	TCCTACACTGCACATAATACGTAACTATCGACCTACTT	held_out_family_or_not_in_training_pool
integrin	0.8	family	TCCTACACTGCGCATAATACGTAACTATCGACCTACCT	held_out_family_or_not_in_training_pool
integrin	0.8	family	TCCTACACTGCGCATAATACGTAACTATCGACCTACCTC	held_out_family_or_not_in_training_pool
integrin	0.8	family	TCCTCCTAGTCCACTTTTGGCGCACGCGAATACGGGAGACAC	held_out_family_or_not_in_training_pool
integrin	0.8	family	TCCTCCTAGTCCATTTGGCGCACGCGAATGACGGGAGACAC	held_out_family_or_not_in_training_pool
integrin	0.8	family	TCCTCCTAGTCCATTTTGGCGCACGCGAATACGGGAGACAC	held_out_family_or_not_in_training_pool
integrin	0.8	family	TCGCCTAGTCCATTTTGGCGCACGCGAATACGGGAGACAC	held_out_family_or_not_in_training_pool
integrin	0.8	family	TCGCTACGCAAAAGTGTCCTCCCTGCCTGTGCCGACAAAG	held_out_family_or_not_in_training_pool
integrin	0.8	family	TCGTCCTAGTCCATTTTGGCGCCACGCGAATACGGGAGACAC	held_out_family_or_not_in_training_pool
integrin	0.8	family	TCTACCTAGTCCATTTGGCGCACGCGAATACGGGAGACAC	held_out_family_or_not_in_training_pool
integrin	0.8	family	TCTACCTAGTCCATTTTGGCGCACGCGAATACGGGAGACAC	held_out_family_or_not_in_training_pool
integrin	0.8	family	TCTCCAAGTCCATTTTGGCGCACGCGAATACGGGAGACAC	held_out_family_or_not_in_training_pool
integrin	0.8	family	TCTCCCAGTCCATTTTGGCGCACGCGAATACGGGAGACAC	held_out_family_or_not_in_training_pool
integrin	0.8	family	TCTCCCTAGTCCATTTTGGCGCACGCGAATACGGGAGACAC	held_out_family_or_not_in_training_pool
integrin	0.8	family	TCTCCCTAGTCCATTTTTGGCGCACGCGAATACGGGGAGACAC	held_out_family_or_not_in_training_pool
integrin	0.8	family	TCTCCGTACGTCCATTTGGCGCACTGCCGAATACGGGAGACAC	held_out_family_or_not_in_training_pool
integrin	0.8	family	TCTCCGTAGTCCATTTTCGGCGCACGCGAATACGGGAGACAC	held_out_family_or_not_in_training_pool
integrin	0.8	family	TCTCCGTAGTCCATTTTGGCGCACGCGAATACGGGAGACAC	held_out_family_or_not_in_training_pool
integrin	0.8	family	TCTCCTAATCCATTTTGGCGCACGCGAATACGGGAGACAC	held_out_family_or_not_in_training_pool
integrin	0.8	family	TCTCCTACGTCCATTTTGGCGCACGCGAATACGGGAGACAC	held_out_family_or_not_in_training_pool
integrin	0.8	family	TCTCCTAGACCATTTTGGCGCACGCGAATACGGGAGACAC	held_out_family_or_not_in_training_pool
integrin	0.8	family	TCTCCTAGCCCATTTTGGCGCACGCGAATACGGGAGACAC	held_out_family_or_not_in_training_pool
integrin	0.8	family	TCTCCTAGGTCCATTTGGCGCACGCGAATACGGGAGACAC	held_out_family_or_not_in_training_pool
integrin	0.8	family	TCTCCTAGTCAATTTTGGCGCACGCGAATACGGGAGACAC	held_out_family_or_not_in_training_pool
integrin	0.8	family	TCTCCTAGTCCAATTTGGCCGCACGCGAATACGGGAGACAC	held_out_family_or_not_in_training_pool
integrin	0.8	family	TCTCCTAGTCCAATTTGGCGCACGCGAATACGGGAGACAC	held_out_family_or_not_in_training_pool
integrin	0.8	family	TCTCCTAGTCCAATTTTGGCCGCACGCGAATACGGGAGACAC	held_out_family_or_not_in_training_pool
integrin	0.8	family	TCTCCTAGTCCAATTTTGGCGCACGCGAATACGGGAGACAC	held_out_family_or_not_in_training_pool
integrin	0.8	family	TCTCCTAGTCCAATTTTGGCGCACGCGAATTACGGGAGACAC	held_out_family_or_not_in_training_pool
integrin	0.8	family	TCTCCTAGTCCACTTTGGCGCACGCGAATACGGGAGACAC	held_out_family_or_not_in_training_pool
integrin	0.8	family	TCTCCTAGTCCATCTTGGCGCACGCGAATACGGGAGACAC	held_out_family_or_not_in_training_pool
integrin	0.8	family	TCTCCTAGTCCATTTCGGCGCACGCGAATACGGGAGACAC	held_out_family_or_not_in_training_pool
integrin	0.8	family	TCTCCTAGTCCATTTGGCCGCACGCGAATACGGGAGACAC	held_out_family_or_not_in_training_pool
integrin	0.8	family	TCTCCTAGTCCATTTGGCCGCACGCGTAATACGGGAGACAC	held_out_family_or_not_in_training_pool
integrin	0.8	family	TCTCCTAGTCCATTTGGCGACACGCGAATACGGGAGACAC	held_out_family_or_not_in_training_pool
integrin	0.8	family	TCTCCTAGTCCATTTGGCGCACGCGAATACCGGGAGACAC	held_out_family_or_not_in_training_pool
integrin	0.8	family	TCTCCTAGTCCATTTGGCGCACGCGAATACGGGAAGACAC	held_out_family_or_not_in_training_pool
integrin	0.8	family	TCTCCTAGTCCATTTGGCGCACGCGAATACGGGAGACAC	held_out_family_or_not_in_training_pool
integrin	0.8	family	TCTCCTAGTCCATTTGGCGCACGCGAATACGGGAGACCAC	held_out_family_or_not_in_training_pool
integrin	0.8	family	TCTCCTAGTCCATTTGGCGCACGCGAATTACGGGAGACAC	held_out_family_or_not_in_training_pool
integrin	0.8	family	TCTCCTAGTCCATTTGGCGCACTGCGAATACGGGAGACAC	held_out_family_or_not_in_training_pool
integrin	0.8	family	TCTCCTAGTCCATTTTAGCGCACGCGAATACGGGAGACAC	held_out_family_or_not_in_training_pool
integrin	0.8	family	TCTCCTAGTCCATTTTGACGCACGCGAATACGGGAGACAC	held_out_family_or_not_in_training_pool
integrin	0.8	family	TCTCCTAGTCCATTTTGGCCGCACGCGAATACGGGAGACAC	held_out_family_or_not_in_training_pool
integrin	0.8	family	TCTCCTAGTCCATTTTGGCGACACGCGAATACGGGAGACAC	held_out_family_or_not_in_training_pool
integrin	0.8	family	TCTCCTAGTCCATTTTGGCGCACGCAAATACGGGAGACAC	held_out_family_or_not_in_training_pool
integrin	0.8	family	TCTCCTAGTCCATTTTGGCGCACGCCGAATACGGGAGACAC	held_out_family_or_not_in_training_pool
integrin	0.8	family	TCTCCTAGTCCATTTTGGCGCACGCGAAATACGGGAGACAC	held_out_family_or_not_in_training_pool
integrin	0.8	family	TCTCCTAGTCCATTTTGGCGCACGCGAACACGGGAGACAC	held_out_family_or_not_in_training_pool
integrin	0.8	family	TCTCCTAGTCCATTTTGGCGCACGCGAATACGGGAAACAC	held_out_family_or_not_in_training_pool
integrin	0.8	family	TCTCCTAGTCCATTTTGGCGCACGCGAATACGGGAGAAAC	held_out_family_or_not_in_training_pool
integrin	0.8	family	TCTCCTAGTCCATTTTGGCGCACGCGAATACGGGAGACAT	held_out_family_or_not_in_training_pool
integrin	0.8	family	TCTCCTAGTCCATTTTGGCGCACGCGAATACGGGAGACTC	held_out_family_or_not_in_training_pool
integrin	0.8	family	TCTCCTAGTCCATTTTGGCGCACGCGAATACGGGAGATAC	held_out_family_or_not_in_training_pool
integrin	0.8	family	TCTCCTAGTCCATTTTGGCGCACGCGAATACGGGAGGCAC	held_out_family_or_not_in_training_pool
integrin	0.8	family	TCTCCTAGTCCATTTTGGCGCACGCGAATACGGGGAGACAC	held_out_family_or_not_in_training_pool
integrin	0.8	family	TCTCCTAGTCCATTTTGGCGCACGCGAATACGGGGGGACAC	held_out_family_or_not_in_training_pool
integrin	0.8	family	TCTCCTAGTCCATTTTGGCGCACGCGAATCACGGGAGACAC	held_out_family_or_not_in_training_pool
integrin	0.8	family	TCTCCTAGTCCATTTTGGCGCACGCGAGTACGGGAGACAC	held_out_family_or_not_in_training_pool
integrin	0.8	family	TCTCCTAGTCCATTTTGGCGCACGCGGATACGGGAGACAC	held_out_family_or_not_in_training_pool
integrin	0.8	family	TCTCCTAGTCCATTTTGGCGCACGTGAATACGGGAGACAC	held_out_family_or_not_in_training_pool
integrin	0.8	family	TCTCCTAGTCCATTTTGGCGCCACGCGAATACGGGAGACAC	held_out_family_or_not_in_training_pool
integrin	0.8	family	TCTCCTAGTCCATTTTTGGCGCACGCGAAATACGGGGAGACAC	held_out_family_or_not_in_training_pool
integrin	0.8	family	TCTCCTAGTCCATTTTTGGCGCACGCGAATACGGGAGACAC	held_out_family_or_not_in_training_pool
integrin	0.8	family	TCTCCTAGTCCATTTTTGGCGCACGCGAATACGGGGAGACAC	held_out_family_or_not_in_training_pool
integrin	0.8	family	TCTCCTAGTCCATTTTTTGGCGCACGCGAATACGGGAGACAC	held_out_family_or_not_in_training_pool
integrin	0.8	family	TCTCCTAGTCCATTTTTTTGGCGCACGCGAATACGGGAGACAC	held_out_family_or_not_in_training_pool
integrin	0.8	family	TCTCCTAGTCCCATTTTGGCGCACGCGAATACGGGAGACAC	held_out_family_or_not_in_training_pool
integrin	0.8	family	TCTCCTAGTCCGTTTTGGCGCACGCGAATACGGGAGACAC	held_out_family_or_not_in_training_pool
integrin	0.8	family	TCTCCTAGTCTATTTTGGCGCACGCGAATACGGGAGACAC	held_out_family_or_not_in_training_pool
integrin	0.8	family	TCTCCTAGTTCATTTTGGCGCACGCGAATACGGGAGACAC	held_out_family_or_not_in_training_pool
integrin	0.8	family	TCTCCTAGTTCCATTTTGGCGCACGCGAATACGGGGAGACAC	held_out_family_or_not_in_training_pool
integrin	0.8	family	TCTCCTGGTCCATTTTGGCGCACGCGAATACGGGAGACAC	held_out_family_or_not_in_training_pool
integrin	0.8	family	TCTCCTTAGTCCATTTTGGCGCACGCGAATACGGGAGACAC	held_out_family_or_not_in_training_pool
integrin	0.8	family	TCTCTTAGTCCATTTTGGCGCACGCGAATACGGGAGACAC	held_out_family_or_not_in_training_pool
integrin	0.8	family	TCTTAAGATGCGTTAACATTACGTAAGAATCTACCTACC	held_out_family_or_not_in_training_pool
integrin	0.8	family	TCTTCTAGTCCATTTTGGCGCACGCGAATACGGGAGACAC	held_out_family_or_not_in_training_pool
integrin	0.8	family	TGAACCAAACTTCTGCACATTACGCGACACCGAACCCGCC	held_out_family_or_not_in_training_pool
integrin	0.8	family	TGCAAGTACGCGAAAATCTTCCCCGCCTCTTGTTAGCATC	held_out_family_or_not_in_training_pool
integrin	0.8	family	TGCAAGTACGCGAAAATCTTCCCCGCCTCTTGTTGGCATC	held_out_family_or_not_in_training_pool
integrin	0.8	family	TGCCTACACTGCGCATAATACGTAACTATCGACCTACCTT	held_out_family_or_not_in_training_pool
integrin	0.8	family	TGCCTCTCCCAACAGCGGAACTGTTTCTCGGATCCAAAAGG	held_out_family_or_not_in_training_pool
integrin	0.8	family	TGCGACTAAACGCAGAGAAATCGTCTCCCTGAGGTTCCGA	held_out_family_or_not_in_training_pool
integrin	0.8	family	TGGAACTACGCGACAAAACTTCCCGCCTGTTCCACCTTATG	held_out_family_or_not_in_training_pool
integrin	0.8	family	TGGAACTACGCGACAAACTTCCCGCCTGTTCCACCCTATG	held_out_family_or_not_in_training_pool
integrin	0.8	family	TGGAACTACGCGACAAACTTCCCGCCTGTTCCACCTTAATG	held_out_family_or_not_in_training_pool
integrin	0.8	family	TGGAACTACGCGACAAACTTCCCGCCTGTTCCGCCTTATG	held_out_family_or_not_in_training_pool
integrin	0.8	family	TGGGAACTACGCGACAAAACTTCCCGCCTGTTCCACCTTATG	held_out_family_or_not_in_training_pool
integrin	0.8	family	TTAATCCTGCACGTACTACGCGAAAACTGTCCCCCGCCTG	held_out_family_or_not_in_training_pool
integrin	0.8	family	TTACATAACACGCCTTTGGAGCGATACCTCCATCAACGAT	held_out_family_or_not_in_training_pool
integrin	0.8	family	TTCCGGCCTACGCAACCTTTTATCCCCTGCCTGGCCGTAAT	held_out_family_or_not_in_training_pool
integrin	0.8	family	TTCCGGCCTACGCAACTTTTATCCCCTGCCTGGCCGTAAT	held_out_family_or_not_in_training_pool
integrin	0.8	family	TTCCGGCCTACGCAACTTTTTATCCCCTGCCTGGCCGTAAC	held_out_family_or_not_in_training_pool
integrin	0.8	family	TTCCGGCCTACGCAACTTTTTATCCCCTGCCTGGCCGTAACT	held_out_family_or_not_in_training_pool
integrin	0.8	family	TTCCGGCCTACGCAACTTTTTTATCCCCTGCCTGGCCGTAAT	held_out_family_or_not_in_training_pool
integrin	0.8	family	TTCCTGCCAATTGAGCACATTACGCAAAAAAAATTCCCTGCC	held_out_family_or_not_in_training_pool
integrin	0.8	family	TTCCTGCCAATTGAGCACATTACGCAAAAAATTCCCTGCC	held_out_family_or_not_in_training_pool
integrin	0.8	family	TTCTACACTGCGCATAATACGTAACTATCGACCTACCTT	held_out_family_or_not_in_training_pool
integrin	0.8	family	TTGAACTACGCGACAAACTTCCCGCCTGTTCCACCTTATG	held_out_family_or_not_in_training_pool
integrin	0.8	family	TTGCACGGCAATACGCATGACGTTCACCCTGCCTTTGCCT	held_out_family_or_not_in_training_pool
integrin	0.8	family	TTGCATTCCTGCGCCACATTACGCGAAACGATCCCCCGCC	held_out_family_or_not_in_training_pool
integrin	0.8	family	TTGCTCATAACGACCAAAACGACCCAGCAGTTCCTTTCGT	held_out_family_or_not_in_training_pool
integrin	0.8	family	TTGGATTACGCGAAAAAACTCCTCGCCTATCGCAGCAATG	held_out_family_or_not_in_training_pool
integrin	0.8	family	TTTCCTAGTCCATTTGGCGCACGCGAATACGGGAGACAC	held_out_family_or_not_in_training_pool
integrin	0.8	family	TTTCCTAGTCCATTTTGGCGCACGCGAATACGGGGAGACAC	held_out_family_or_not_in_training_pool
integrin	0.8	family	TTTCCTAGTCCATTTTTGGCGCACGCGAATACGGGAGACAC	held_out_family_or_not_in_training_pool
integrin	0.8	family	TTTGTGACCCGATTTGTCACTCTTTCTATGTACGCGGAAT	held_out_family_or_not_in_training_pool
integrin	0.8	naive_sequence_random	TCCTAAGATGCGTTAACATTACGTAAGAATCTACCTACC	held_out_family_or_not_in_training_pool
integrin	0.9	family	AACAAGTACGCGAAAATCTTCCCCGCCTCTTGTTGGCATC	held_out_family_or_not_in_training_pool
integrin	0.9	family	AACATCTACGCAAAAAGTGTTCCCCTGCCTGATGTGACAAA	held_out_family_or_not_in_training_pool
integrin	0.9	family	AACATCTACGCAAGAGTGTTCCCCTGCCTGATGTGACAAA	held_out_family_or_not_in_training_pool
integrin	0.9	family	ACAATCCTGCACGTACTACGCGAAAACTGTCCCCCGCCTG	held_out_family_or_not_in_training_pool
integrin	0.9	family	ACACATAACACGCCTTTGGAGCGATACCTCCATCAACGAC	held_out_family_or_not_in_training_pool
integrin	0.9	family	ACACATAACACGCCTTTGGAGCGATACCTCCATCAACGAG	held_out_family_or_not_in_training_pool
integrin	0.9	family	ACACATAACACGCCTTTGGGGCGATACCTCCATCAACGAT	held_out_family_or_not_in_training_pool
integrin	0.9	family	ACCAATAACCGTTCACATTACGCATCAATCAACCCTGCC	held_out_family_or_not_in_training_pool
integrin	0.9	family	ACCTCCTAGTCCATTTTGGCGCACGCGAATACGGGAGACAC	held_out_family_or_not_in_training_pool
integrin	0.9	family	AGCAAAGTACGCGAAAATCTTCCCCGCCTCTTGTTGGCATC	held_out_family_or_not_in_training_pool
integrin	0.9	family	AGCAAGTACGCGAAAAATCTTCCCCGCCTCTTGTTAGCATC	held_out_family_or_not_in_training_pool
integrin	0.9	family	AGCAAGTACGCGAAAAATCTTCCCCGCCTCTTGTTGGCATC	held_out_family_or_not_in_training_pool
integrin	0.9	family	AGCAAGTACGCGAAAATCATCCCGCCTCTTGTTAGCATC	held_out_family_or_not_in_training_pool
integrin	0.9	family	AGCAAGTACGCGAAAATCTTCCCCGCCCTCTTGTTGGCATC	held_out_family_or_not_in_training_pool
integrin	0.9	family	AGCAAGTACGCGAAAATCTTCCCCGCCTCTCGTTGGCATC	held_out_family_or_not_in_training_pool
integrin	0.9	family	AGCAAGTACGCGAAAATCTTCCCCGCCTCTTGCTGGCATC	held_out_family_or_not_in_training_pool
integrin	0.9	family	AGCAAGTACGCGAAAATCTTCCCCGCCTCTTGTTAGCATC	held_out_family_or_not_in_training_pool
integrin	0.9	family	AGCAAGTACGCGAAAATCTTCCCCGCCTCTTGTTGGACATC	held_out_family_or_not_in_training_pool
integrin	0.9	family	AGCAAGTACGCGAAAATCTTCCCCGCCTCTTGTTGGCATT	held_out_family_or_not_in_training_pool
integrin	0.9	family	AGCAAGTACGCGAAAATCTTCCCGCCTCTTGTTGGCATC	held_out_family_or_not_in_training_pool
integrin	0.9	family	AGCGACTAAAACGCAGAGAAATCGTCTCCCTGAGGTTCCGA	held_out_family_or_not_in_training_pool
integrin	0.9	family	AGCGACTAAACGCAGAGAAAATCGTCTCCCTGAGGTTCCGA	held_out_family_or_not_in_training_pool
integrin	0.9	family	ATCTCCTAGTCCATTTTGGCGCACGCGAATACGGGAGACAC	held_out_family_or_not_in_training_pool
integrin	0.9	family	CAAAGACGCACCATAACTACGCAAGAGTTCTCTCTGCCTGA	held_out_family_or_not_in_training_pool
integrin	0.9	family	CAAGACGCACCATAACTACGCAAGAATTCTCTCTGCCTGA	held_out_family_or_not_in_training_pool
integrin	0.9	family	CAAGACGCACCATAACTACGCAAGAGTTCTCTCTGCCTGA	held_out_family_or_not_in_training_pool
integrin	0.9	family	CAAGGCGCACCATAACTACGCAAGAGTTCTCTCTGCCTGA	held_out_family_or_not_in_training_pool
integrin	0.9	family	CACGACTACTTCGGCACATTACGCGACGATCGAACCCGCC	held_out_family_or_not_in_training_pool
integrin	0.9	family	CACGACTACTTCGGCACATTACGCGACGATCGACCCGCC	held_out_family_or_not_in_training_pool
integrin	0.9	family	CACTACGCAAACTCCTTCTGCCTGTGCTTGAAAAACGACAT	held_out_family_or_not_in_training_pool
integrin	0.9	family	CAGCTCATAACGACCAAAACGACCAGCAGTTCCTTTCGT	held_out_family_or_not_in_training_pool
integrin	0.9	family	CAGCTCATAACGACCAAAACGACCCAGCAGTTCCTTTCGC	held_out_family_or_not_in_training_pool
integrin	0.9	family	CAGCTCATAACGACCAAAACGACCCAGCAGTTCCTTTCGT	held_out_family_or_not_in_training_pool
integrin	0.9	family	CAGCTCCGCGCGCACGTTACGCGAAAACGTTCTGCCCGCC	held_out_family_or_not_in_training_pool
integrin	0.9	family	CAGGACGCACCATAACTACGCAAGAGTTCTCTCTGCCTGA	held_out_family_or_not_in_training_pool
integrin	0.9	family	CCCCCTAGTCCATTTTGGCGCACGCGAATACGGGAGACAC	held_out_family_or_not_in_training_pool
integrin	0.9	family	CCCTAAGATGCGTTAACATTACGTAAGAATCTACCCTCTC	held_out_family_or_not_in_training_pool
integrin	0.9	family	CCCTAAGATGCGTTAACATTACGTAAGAATCTACCTACC	held_out_family_or_not_in_training_pool
integrin	0.9	family	CCCTACACTGCGCATAATACGTAACTATCGACCTACCTC	held_out_family_or_not_in_training_pool
integrin	0.9	family	CCCTACACTGCGCATAATACGTAACTATCGACCTACCTT	held_out_family_or_not_in_training_pool
integrin	0.9	family	CCCTACACTGCGCATAATACGTAACTATCGACCTACTT	held_out_family_or_not_in_training_pool
integrin	0.9	family	CCCTACACTGCGCCATAATACGTAACTATCGACCTACCTT	held_out_family_or_not_in_training_pool
integrin	0.9	family	CCGTCCTAGTCCATTTTGGCGCACGCGAATACGGGAGACAC	held_out_family_or_not_in_training_pool
integrin	0.9	family	CCTACCTAGTCCATTTGGCGCACGCGAATACGGGAGACAC	held_out_family_or_not_in_training_pool
integrin	0.9	family	CCTAGACACTACGCGAAAAGAACCCACGCCTGTGTCTACG	held_out_family_or_not_in_training_pool
integrin	0.9	family	CCTCCCAGTCCATTTTGGCGCACGCGAATACGGGAGACAC	held_out_family_or_not_in_training_pool
integrin	0.9	family	CCTCCTAAGTCCATTTTGGCGCACGCGAATACGGGAGACAC	held_out_family_or_not_in_training_pool
integrin	0.9	family	CCTCCTAGCCCATTTTGGCGCACGCGAATACGGGAGACAC	held_out_family_or_not_in_training_pool
integrin	0.9	family	CCTCCTAGTCCAATTTGGCGCACGCGAATACGGGAGACAC	held_out_family_or_not_in_training_pool
integrin	0.9	family	CCTCCTAGTCCAATTTTGGCGCACGCGAATACGGGAGACAC	held_out_family_or_not_in_training_pool
integrin	0.9	family	CCTCCTAGTCCATCTTGGCGCACGCGAATACGGGAGACAC	held_out_family_or_not_in_training_pool
integrin	0.9	family	CCTCCTAGTCCATTTGGCCGCACGCGAATACGGGAGACAC	held_out_family_or_not_in_training_pool
integrin	0.9	family	CCTCCTAGTCCATTTGGCGCACGCGAAATACGGGAGACAC	held_out_family_or_not_in_training_pool
integrin	0.9	family	CCTCCTAGTCCATTTGGCGCACGCGAATACGGGAGACAC	held_out_family_or_not_in_training_pool
integrin	0.9	family	CCTCCTAGTCCATTTTAGCGCACGCGAATACGGGAGACAC	held_out_family_or_not_in_training_pool
integrin	0.9	family	CCTCCTAGTCCATTTTGGCGCACAGCGAATACGGGAGACAC	held_out_family_or_not_in_training_pool
integrin	0.9	family	CCTCCTAGTCCATTTTGGCGCACGCCGAATACGGGAGACAC	held_out_family_or_not_in_training_pool
integrin	0.9	family	CCTCCTAGTCCATTTTGGCGCACGCGAACACGGGAGACAC	held_out_family_or_not_in_training_pool
integrin	0.9	family	CCTCCTAGTCCATTTTGGCGCACGCGAATACGGGAGAAAC	held_out_family_or_not_in_training_pool
integrin	0.9	family	CCTCCTAGTCCATTTTGGCGCACGCGAATACGGGAGACAC	held_out_family_or_not_in_training_pool
integrin	0.9	family	CCTCCTAGTCCATTTTGGCGCACGCGAATACGGGAGACTC	held_out_family_or_not_in_training_pool
integrin	0.9	family	CCTCCTAGTCCATTTTGGCGCACGCGAATACGGGGAGACAC	held_out_family_or_not_in_training_pool
integrin	0.9	family	CCTCCTAGTCCATTTTGGCGCACGCGAATGACGGGAGACAC	held_out_family_or_not_in_training_pool
integrin	0.9	family	CCTCCTAGTCCATTTTGGCGCACGCGAATGCGGGAGACAC	held_out_family_or_not_in_training_pool
integrin	0.9	family	CCTCCTAGTCCATTTTGGCGCACGCGAGTACGGGAGACAC	held_out_family_or_not_in_training_pool
integrin	0.9	family	CCTCCTAGTCCATTTTGGCGCCACGCGAATACGGGAGACAC	held_out_family_or_not_in_training_pool
integrin	0.9	family	CCTCCTAGTCCATTTTGGGCGCACGCGAATACGGGAGACAC	held_out_family_or_not_in_training_pool
integrin	0.9	family	CCTCCTAGTCCATTTTTGGCGCACGCGAATACGGGAGACAC	held_out_family_or_not_in_training_pool
integrin	0.9	family	CCTCCTAGTCCATTTTTGGCGCACGCGAATACGGGGAGACAC	held_out_family_or_not_in_training_pool
integrin	0.9	family	CCTCCTAGTCCGTTTTGGCGCACGCGAATACGGGAGACAC	held_out_family_or_not_in_training_pool
integrin	0.9	family	CCTCCTAGTTCATTTTGGCGCACGCGAATACGGGAGACAC	held_out_family_or_not_in_training_pool
integrin	0.9	family	CGCCTACACTGCGCATAATACGTAACTATCGACCTACCTT	held_out_family_or_not_in_training_pool
integrin	0.9	family	CGCGACTACTTCGGCACATTACGCGACGATCGAACCCGCC	held_out_family_or_not_in_training_pool
integrin	0.9	family	CTCCGGCCTACGCAACTTTTTATCCCCTGCCTGGCCGTAAC	held_out_family_or_not_in_training_pool
integrin	0.9	family	CTCCGGCCTACGCAACTTTTTATCCCCTGCCTGGCCGTAAG	held_out_family_or_not_in_training_pool
integrin	0.9	family	CTCCGGCCTACGCAACTTTTTATCCCCTGCCTGGCCGTAAT	held_out_family_or_not_in_training_pool
integrin	0.9	family	CTCCGGCCTACGCAACTTTTTATCCCTCGCCTGGCCGTAAT	held_out_family_or_not_in_training_pool
integrin	0.9	family	CTCCGGCCTACGCAACTTTTTTATCCCCTGCCTGGCCGTAAT	held_out_family_or_not_in_training_pool
integrin	0.9	family	CTCCGGCCTACGCAACTTTTTTTATCCCCTGCCTGGCCGTAAC	held_out_family_or_not_in_training_pool
integrin	0.9	family	CTCCGGCCTACGCCAACTTTTTATCCCCTGCCTGGCCGTAAT	held_out_family_or_not_in_training_pool
integrin	0.9	family	CTCCTAGTCCATTTTGGCGCACGCGAATACGGGAGACAC	held_out_family_or_not_in_training_pool
integrin	0.9	family	CTCCTGCCAATTGAGCACATTACGCAAAAAAATTCCCTGCC	held_out_family_or_not_in_training_pool
integrin	0.9	family	CTGCATTCCTGCGCCACATTACGCGAAACGATCCCCCGCC	held_out_family_or_not_in_training_pool
integrin	0.9	family	CTGCATTCCTGCGCCACATTACGCGAAACGATCCCCGCC	held_out_family_or_not_in_training_pool
integrin	0.9	family	CTGGATTACGCGAAAAAAAAACTCCTCGCCTATCGCAGCAATG	held_out_family_or_not_in_training_pool
integrin	0.9	family	CTGGATTACGCGAAAAAAAACTCCTCGCCTATCGCAGCAATG	held_out_family_or_not_in_training_pool
integrin	0.9	family	CTGGATTACGCGAAAAAAACTCCTCGCCTATCGCAGCAATG	held_out_family_or_not_in_training_pool
integrin	0.9	family	CTGGATTACGCGAAAAACTCCTCGCCTATCGCAGCAATG	held_out_family_or_not_in_training_pool
integrin	0.9	family	GACATCTACGCAAAAAAGTGTTCCCCTGCCTGATGTGACAAA	held_out_family_or_not_in_training_pool
integrin	0.9	family	GACATCTACGCAAAAAATGTTCCCCTGCCTGATGTGACAAA	held_out_family_or_not_in_training_pool
integrin	0.9	family	GACATCTACGCAAAAAGTGCTCCCCTGCCTGATGTGACAAA	held_out_family_or_not_in_training_pool
integrin	0.9	family	GACATCTACGCAAAAAGTGTTCCCCTGCCTGATGTGACAAA	held_out_family_or_not_in_training_pool
integrin	0.9	family	GACATCTACGCAAAAGTGTCCCCCTGCCTGATGTGACAAA	held_out_family_or_not_in_training_pool
integrin	0.9	family	GACATCTACGCAAAAGTGTTCCCCCGCCTGATGTGACAAA	held_out_family_or_not_in_training_pool
integrin	0.9	family	GACATCTACGCAAAAGTGTTCCCCCTGCCTGATGTGACAAA	held_out_family_or_not_in_training_pool
integrin	0.9	family	GACATCTACGCAAAAGTGTTCCCCTGCCTGATGATGACAAA	held_out_family_or_not_in_training_pool
integrin	0.9	family	GACATCTACGCAAAAGTGTTCCCCTGCCTGATGCTGACAAA	held_out_family_or_not_in_training_pool
integrin	0.9	family	GACATCTACGCAAAAGTGTTCCCCTGCCTGATGTAACAAA	held_out_family_or_not_in_training_pool
integrin	0.9	family	GACATCTACGCAAAAGTGTTCCCCTGCCTGATGTGACAAG	held_out_family_or_not_in_training_pool
integrin	0.9	family	GACATCTACGCAAAAGTGTTCCCCTGCCTGATGTGACAAT	held_out_family_or_not_in_training_pool
integrin	0.9	family	GACATCTACGCAAAAGTGTTCCCCTGCCTGATGTGACAGA	held_out_family_or_not_in_training_pool
integrin	0.9	family	GACATCTACGCAAAAGTGTTCCCCTGCCTGATGTGACCAAA	held_out_family_or_not_in_training_pool
integrin	0.9	family	GACATCTACGCAAAAGTGTTCCCCTGCCTGATGTGACGAA	held_out_family_or_not_in_training_pool
integrin	0.9	family	GACATCTACGCAAAAGTGTTCCCCTGCCTGATGTGGCAAA	held_out_family_or_not_in_training_pool
integrin	0.9	family	GACATCTACGCAAAAGTGTTCCCCTGTCTGATGTGACAAA	held_out_family_or_not_in_training_pool
integrin	0.9	family	GACATCTACGCAAAAGTGTTCCCTTGCCTGATGTGACAAA	held_out_family_or_not_in_training_pool
integrin	0.9	family	GACTACCATCGAACGTACATTACGCTACTCTCTACCAGCC	held_out_family_or_not_in_training_pool
integrin	0.9	family	GCAATACCTGCACGTACTACGCGAAAACTGTCCCCCGCCTG	held_out_family_or_not_in_training_pool
integrin	0.9	family	GCAATCCTGCACGTACTACGCGAAAAACTGTCCCCCCGCCTG	held_out_family_or_not_in_training_pool
integrin	0.9	family	GCAATCCTGCACGTACTACGCGAAAAACTGTCCCCCGCCTG	held_out_family_or_not_in_training_pool
integrin	0.9	family	GCAATCCTGCACGTACTACGCGAAAACTGTCCCCCGCCTC	held_out_family_or_not_in_training_pool
integrin	0.9	family	GCAATCCTGCACGTACTACGCGAAAACTGTCCCCCGCCTG	held_out_family_or_not_in_training_pool
integrin	0.9	family	GCAATCCTGCACGTACTACGCGAAAACTGTCCCCGCCTG	held_out_family_or_not_in_training_pool
integrin	0.9	family	GCAATCCTGCACGTACTACGCGAAAATTGTCCCCCGCCTG	held_out_family_or_not_in_training_pool
integrin	0.9	family	GCAATCCTGCACGTACTACGCGAAGACTGTCCCCCGCCTG	held_out_family_or_not_in_training_pool
integrin	0.9	family	GCTCCTAGTCCATTTTGGCGCACGCGAATACGGGAGACAC	held_out_family_or_not_in_training_pool
integrin	0.9	family	TAAGACGCACCATAACCTACGCAAGAGTTCTCTCTGCCTGA	held_out_family_or_not_in_training_pool
integrin	0.9	family	TAAGACGCACCATAACTACGCAAGAGTCCTCTCTGCCTGA	held_out_family_or_not_in_training_pool
integrin	0.9	family	TAAGACGCACCATAACTACGCAAGAGTTCTCTCTCGCCTGA	held_out_family_or_not_in_training_pool
integrin	0.9	family	TAAGACGCACCATAACTACGCAAGAGTTCTCTCTCGCCTGAC	held_out_family_or_not_in_training_pool
integrin	0.9	family	TAAGACGCACCATAACTACGCAAGAGTTCTCTCTGCCTGC	held_out_family_or_not_in_training_pool
integrin	0.9	family	TAAGACGCACCATAACTACGCAAGAGTTCTCTCTGCCTGG	held_out_family_or_not_in_training_pool
integrin	0.9	family	TAAGACGCACCATAACTACGCAAGAGTTCTCTCTGCTGA	held_out_family_or_not_in_training_pool
integrin	0.9	family	TAAGACGCACCATAACTACGCAAGGGTTCTCTCTGCCTGA	held_out_family_or_not_in_training_pool
integrin	0.9	family	TAAGACGCACCATACTACGCAAGAGTTCTCTCTGCCTGA	held_out_family_or_not_in_training_pool
integrin	0.9	family	TAAGACGCACGATAACTACGCAAGAGTTCTCTCTGCCTGA	held_out_family_or_not_in_training_pool
integrin	0.9	family	TAAGACGCGCCATAACTACGCAAGAGTTCTCTCTGCCTGA	held_out_family_or_not_in_training_pool
integrin	0.9	family	TACATCTACGCAAAAAAGTGTTCCCCTGCCTGATGTGACAAA	held_out_family_or_not_in_training_pool
integrin	0.9	family	TACATCTACGCAAAAAGTGTTCCCCTGCCTGATGTGACAAA	held_out_family_or_not_in_training_pool
integrin	0.9	family	TACATCTACGCAAAAGTGTTCCCCTGCCTGATGTGACAAA	held_out_family_or_not_in_training_pool
integrin	0.9	family	TACATCTACGCAAAAGTGTTCCCCTGCCTGATGTGACCAAA	held_out_family_or_not_in_training_pool
integrin	0.9	family	TACCTCTCCCAACAGCGGAACTGTTTCTCGGATCCAAAAGG	held_out_family_or_not_in_training_pool
integrin	0.9	family	TACCTCTCCCAACAGCGGAACTGTTTCTCGGTCCAAAAGG	held_out_family_or_not_in_training_pool
integrin	0.9	family	TACGACTACTTCGGCACATTACGCGACGATCGAACCGCC	held_out_family_or_not_in_training_pool
integrin	0.9	family	TACTACCATCGAACGTACATTACGCTACTCTCTACCAGC	held_out_family_or_not_in_training_pool
integrin	0.9	family	TACTACCATCGAACGTACATTACGCTACTCTCTACCAGCC	held_out_family_or_not_in_training_pool
integrin	0.9	family	TACTCCTAGTCCATTTTGGCGCACGCGAATACGGGAGACAC	held_out_family_or_not_in_training_pool
integrin	0.9	family	TAGACGCACCATAACTACGCAAGAGTTCTCTCTGCCTGA	held_out_family_or_not_in_training_pool
integrin	0.9	family	TAGCTACCGCGCGCACGTTACGCGAAAACGTTCTGCCCGCC	held_out_family_or_not_in_training_pool
integrin	0.9	family	TAGCTCATAACGACCAAAACGACCCAGCAGTTCCTTTCGC	held_out_family_or_not_in_training_pool
integrin	0.9	family	TAGCTCCGACGCGCACGTTACGCGAAAACGTTCTGCCCGCC	held_out_family_or_not_in_training_pool
integrin	0.9	family	TAGCTCCGCGCGCACGTTACGCGAAAAACGTTCTGCCCGCC	held_out_family_or_not_in_training_pool
integrin	0.9	family	TAGCTCCGCGCGCACGTTACGCGAAAACGTTCTGCCGCC	held_out_family_or_not_in_training_pool
integrin	0.9	family	TAGGACGCACCATAACTACGCAAGAGTTCTCTCTGCCTGA	held_out_family_or_not_in_training_pool
integrin	0.9	family	TCAATCCTGCACGTACTACGCGAAAAACTGTCCCCCGCCTG	held_out_family_or_not_in_training_pool
integrin	0.9	family	TCAATCCTGCACGTACTACGCGAAAACTGTCCCCCGCCTC	held_out_family_or_not_in_training_pool
integrin	0.9	family	TCAATCCTGCACGTACTACGCGAAAACTGTCCCCGCCTG	held_out_family_or_not_in_training_pool
integrin	0.9	family	TCAATCCTGCACGTACTACGCGAAGACTGTCCCCCGCCTG	held_out_family_or_not_in_training_pool
integrin	0.9	family	TCACATAACACGCCTTTGGAGCGATACCTCCATCAACGAC	held_out_family_or_not_in_training_pool
integrin	0.9	family	TCACATAACACGCCTTTGGAGCGATACCTCCATCAACGAT	held_out_family_or_not_in_training_pool
integrin	0.9	family	TCATCCTAGTCCATTTTGGCGCACGCGAATACGGGAGACAC	held_out_family_or_not_in_training_pool
integrin	0.9	family	TCCAATAACCGTTCACATTACGCATCAACTCAACCTGCC	held_out_family_or_not_in_training_pool
integrin	0.9	family	TCCCACACTGCGCATAATACGTAACTATCGACCTACCTT	held_out_family_or_not_in_training_pool
integrin	0.9	family	TCCCCTAGTCCATTTTGGCGCACGCGAATACGGGAGACAC	held_out_family_or_not_in_training_pool
integrin	0.9	family	TCCTAAGATGCGTTAACATTACGTAAGAATCTACCCTCTC	held_out_family_or_not_in_training_pool
integrin	0.9	family	TCCTAAGTTGCGTTAACATTACGTAAGAATCTACCTACC	held_out_family_or_not_in_training_pool
integrin	0.9	family	TCCTACACTGACGCATAATACGTAACTATCGACCTACCT	held_out_family_or_not_in_training_pool
integrin	0.9	family	TCCTACACTGCACATAATACGTAACTATCGACCTACTT	held_out_family_or_not_in_training_pool
integrin	0.9	family	TCCTACACTGCGCATAATACGTAACTATCGACCTACCT	held_out_family_or_not_in_training_pool
integrin	0.9	family	TCCTACACTGCGCATAATACGTAACTATCGACCTACCTC	held_out_family_or_not_in_training_pool
integrin	0.9	family	TCCTCCTAGTCCACTTTTGGCGCACGCGAATACGGGAGACAC	held_out_family_or_not_in_training_pool
integrin	0.9	family	TCCTCCTAGTCCATTTGGCGCACGCGAATGACGGGAGACAC	held_out_family_or_not_in_training_pool
integrin	0.9	family	TCCTCCTAGTCCATTTTGGCGCACGCGAATACGGGAGACAC	held_out_family_or_not_in_training_pool
integrin	0.9	family	TCGCCTAGTCCATTTTGGCGCACGCGAATACGGGAGACAC	held_out_family_or_not_in_training_pool
integrin	0.9	family	TCGTCCTAGTCCATTTTGGCGCCACGCGAATACGGGAGACAC	held_out_family_or_not_in_training_pool
integrin	0.9	family	TCTACCTAGTCCATTTGGCGCACGCGAATACGGGAGACAC	held_out_family_or_not_in_training_pool
integrin	0.9	family	TCTACCTAGTCCATTTTGGCGCACGCGAATACGGGAGACAC	held_out_family_or_not_in_training_pool
integrin	0.9	family	TCTCCAAGTCCATTTTGGCGCACGCGAATACGGGAGACAC	held_out_family_or_not_in_training_pool
integrin	0.9	family	TCTCCCAGTCCATTTTGGCGCACGCGAATACGGGAGACAC	held_out_family_or_not_in_training_pool
integrin	0.9	family	TCTCCCTAGTCCATTTTGGCGCACGCGAATACGGGAGACAC	held_out_family_or_not_in_training_pool
integrin	0.9	family	TCTCCCTAGTCCATTTTTGGCGCACGCGAATACGGGGAGACAC	held_out_family_or_not_in_training_pool
integrin	0.9	family	TCTCCGTACGTCCATTTGGCGCACTGCCGAATACGGGAGACAC	held_out_family_or_not_in_training_pool
integrin	0.9	family	TCTCCGTAGTCCATTTTCGGCGCACGCGAATACGGGAGACAC	held_out_family_or_not_in_training_pool
integrin	0.9	family	TCTCCGTAGTCCATTTTGGCGCACGCGAATACGGGAGACAC	held_out_family_or_not_in_training_pool
integrin	0.9	family	TCTCCTAATCCATTTTGGCGCACGCGAATACGGGAGACAC	held_out_family_or_not_in_training_pool
integrin	0.9	family	TCTCCTACGTCCATTTTGGCGCACGCGAATACGGGAGACAC	held_out_family_or_not_in_training_pool
integrin	0.9	family	TCTCCTAGACCATTTTGGCGCACGCGAATACGGGAGACAC	held_out_family_or_not_in_training_pool
integrin	0.9	family	TCTCCTAGCCCATTTTGGCGCACGCGAATACGGGAGACAC	held_out_family_or_not_in_training_pool
integrin	0.9	family	TCTCCTAGGTCCATTTGGCGCACGCGAATACGGGAGACAC	held_out_family_or_not_in_training_pool
integrin	0.9	family	TCTCCTAGTCAATTTTGGCGCACGCGAATACGGGAGACAC	held_out_family_or_not_in_training_pool
integrin	0.9	family	TCTCCTAGTCCAATTTGGCCGCACGCGAATACGGGAGACAC	held_out_family_or_not_in_training_pool
integrin	0.9	family	TCTCCTAGTCCAATTTGGCGCACGCGAATACGGGAGACAC	held_out_family_or_not_in_training_pool
integrin	0.9	family	TCTCCTAGTCCAATTTTGGCCGCACGCGAATACGGGAGACAC	held_out_family_or_not_in_training_pool
integrin	0.9	family	TCTCCTAGTCCAATTTTGGCGCACGCGAATACGGGAGACAC	held_out_family_or_not_in_training_pool
integrin	0.9	family	TCTCCTAGTCCAATTTTGGCGCACGCGAATTACGGGAGACAC	held_out_family_or_not_in_training_pool
integrin	0.9	family	TCTCCTAGTCCACTTTGGCGCACGCGAATACGGGAGACAC	held_out_family_or_not_in_training_pool
integrin	0.9	family	TCTCCTAGTCCATCTTGGCGCACGCGAATACGGGAGACAC	held_out_family_or_not_in_training_pool
integrin	0.9	family	TCTCCTAGTCCATTTCGGCGCACGCGAATACGGGAGACAC	held_out_family_or_not_in_training_pool
integrin	0.9	family	TCTCCTAGTCCATTTGGCCGCACGCGAATACGGGAGACAC	held_out_family_or_not_in_training_pool
integrin	0.9	family	TCTCCTAGTCCATTTGGCCGCACGCGTAATACGGGAGACAC	held_out_family_or_not_in_training_pool
integrin	0.9	family	TCTCCTAGTCCATTTGGCGACACGCGAATACGGGAGACAC	held_out_family_or_not_in_training_pool
integrin	0.9	family	TCTCCTAGTCCATTTGGCGCACGCGAATACCGGGAGACAC	held_out_family_or_not_in_training_pool
integrin	0.9	family	TCTCCTAGTCCATTTGGCGCACGCGAATACGGGAAGACAC	held_out_family_or_not_in_training_pool
integrin	0.9	family	TCTCCTAGTCCATTTGGCGCACGCGAATACGGGAGACAC	held_out_family_or_not_in_training_pool
integrin	0.9	family	TCTCCTAGTCCATTTGGCGCACGCGAATACGGGAGACCAC	held_out_family_or_not_in_training_pool
integrin	0.9	family	TCTCCTAGTCCATTTGGCGCACGCGAATTACGGGAGACAC	held_out_family_or_not_in_training_pool
integrin	0.9	family	TCTCCTAGTCCATTTGGCGCACTGCGAATACGGGAGACAC	held_out_family_or_not_in_training_pool
integrin	0.9	family	TCTCCTAGTCCATTTTAGCGCACGCGAATACGGGAGACAC	held_out_family_or_not_in_training_pool
integrin	0.9	family	TCTCCTAGTCCATTTTGACGCACGCGAATACGGGAGACAC	held_out_family_or_not_in_training_pool
integrin	0.9	family	TCTCCTAGTCCATTTTGGCCGCACGCGAATACGGGAGACAC	held_out_family_or_not_in_training_pool
integrin	0.9	family	TCTCCTAGTCCATTTTGGCGACACGCGAATACGGGAGACAC	held_out_family_or_not_in_training_pool
integrin	0.9	family	TCTCCTAGTCCATTTTGGCGCACGCAAATACGGGAGACAC	held_out_family_or_not_in_training_pool
integrin	0.9	family	TCTCCTAGTCCATTTTGGCGCACGCCGAATACGGGAGACAC	held_out_family_or_not_in_training_pool
integrin	0.9	family	TCTCCTAGTCCATTTTGGCGCACGCGAAATACGGGAGACAC	held_out_family_or_not_in_training_pool
integrin	0.9	family	TCTCCTAGTCCATTTTGGCGCACGCGAACACGGGAGACAC	held_out_family_or_not_in_training_pool
integrin	0.9	family	TCTCCTAGTCCATTTTGGCGCACGCGAATACGGGAAACAC	held_out_family_or_not_in_training_pool
integrin	0.9	family	TCTCCTAGTCCATTTTGGCGCACGCGAATACGGGAGAAAC	held_out_family_or_not_in_training_pool
integrin	0.9	family	TCTCCTAGTCCATTTTGGCGCACGCGAATACGGGAGACAT	held_out_family_or_not_in_training_pool
integrin	0.9	family	TCTCCTAGTCCATTTTGGCGCACGCGAATACGGGAGACTC	held_out_family_or_not_in_training_pool
integrin	0.9	family	TCTCCTAGTCCATTTTGGCGCACGCGAATACGGGAGATAC	held_out_family_or_not_in_training_pool
integrin	0.9	family	TCTCCTAGTCCATTTTGGCGCACGCGAATACGGGAGGCAC	held_out_family_or_not_in_training_pool
integrin	0.9	family	TCTCCTAGTCCATTTTGGCGCACGCGAATACGGGGAGACAC	held_out_family_or_not_in_training_pool
integrin	0.9	family	TCTCCTAGTCCATTTTGGCGCACGCGAATACGGGGGGACAC	held_out_family_or_not_in_training_pool
integrin	0.9	family	TCTCCTAGTCCATTTTGGCGCACGCGAATCACGGGAGACAC	held_out_family_or_not_in_training_pool
integrin	0.9	family	TCTCCTAGTCCATTTTGGCGCACGCGAGTACGGGAGACAC	held_out_family_or_not_in_training_pool
integrin	0.9	family	TCTCCTAGTCCATTTTGGCGCACGCGGATACGGGAGACAC	held_out_family_or_not_in_training_pool
integrin	0.9	family	TCTCCTAGTCCATTTTGGCGCACGTGAATACGGGAGACAC	held_out_family_or_not_in_training_pool
integrin	0.9	family	TCTCCTAGTCCATTTTGGCGCCACGCGAATACGGGAGACAC	held_out_family_or_not_in_training_pool
integrin	0.9	family	TCTCCTAGTCCATTTTTGGCGCACGCGAAATACGGGGAGACAC	held_out_family_or_not_in_training_pool
integrin	0.9	family	TCTCCTAGTCCATTTTTGGCGCACGCGAATACGGGAGACAC	held_out_family_or_not_in_training_pool
integrin	0.9	family	TCTCCTAGTCCATTTTTGGCGCACGCGAATACGGGGAGACAC	held_out_family_or_not_in_training_pool
integrin	0.9	family	TCTCCTAGTCCATTTTTTGGCGCACGCGAATACGGGAGACAC	held_out_family_or_not_in_training_pool
integrin	0.9	family	TCTCCTAGTCCATTTTTTTGGCGCACGCGAATACGGGAGACAC	held_out_family_or_not_in_training_pool
integrin	0.9	family	TCTCCTAGTCCCATTTTGGCGCACGCGAATACGGGAGACAC	held_out_family_or_not_in_training_pool
integrin	0.9	family	TCTCCTAGTCCGTTTTGGCGCACGCGAATACGGGAGACAC	held_out_family_or_not_in_training_pool
integrin	0.9	family	TCTCCTAGTCTATTTTGGCGCACGCGAATACGGGAGACAC	held_out_family_or_not_in_training_pool
integrin	0.9	family	TCTCCTAGTTCATTTTGGCGCACGCGAATACGGGAGACAC	held_out_family_or_not_in_training_pool
integrin	0.9	family	TCTCCTAGTTCCATTTTGGCGCACGCGAATACGGGGAGACAC	held_out_family_or_not_in_training_pool
integrin	0.9	family	TCTCCTGGTCCATTTTGGCGCACGCGAATACGGGAGACAC	held_out_family_or_not_in_training_pool
integrin	0.9	family	TCTCCTTAGTCCATTTTGGCGCACGCGAATACGGGAGACAC	held_out_family_or_not_in_training_pool
integrin	0.9	family	TCTCTTAGTCCATTTTGGCGCACGCGAATACGGGAGACAC	held_out_family_or_not_in_training_pool
integrin	0.9	family	TCTTAAGATGCGTTAACATTACGTAAGAATCTACCTACC	held_out_family_or_not_in_training_pool
integrin	0.9	family	TCTTCTAGTCCATTTTGGCGCACGCGAATACGGGAGACAC	held_out_family_or_not_in_training_pool
integrin	0.9	family	TGCAAGTACGCGAAAATCTTCCCCGCCTCTTGTTAGCATC	held_out_family_or_not_in_training_pool
integrin	0.9	family	TGCAAGTACGCGAAAATCTTCCCCGCCTCTTGTTGGCATC	held_out_family_or_not_in_training_pool
integrin	0.9	family	TGCCTACACTGCGCATAATACGTAACTATCGACCTACCTT	held_out_family_or_not_in_training_pool
integrin	0.9	family	TGCCTCTCCCAACAGCGGAACTGTTTCTCGGATCCAAAAGG	held_out_family_or_not_in_training_pool
integrin	0.9	family	TGCGACTAAACGCAGAGAAATCGTCTCCCTGAGGTTCCGA	held_out_family_or_not_in_training_pool
integrin	0.9	family	TGGAACTACGCGACAAAACTTCCCGCCTGTTCCACCTTATG	held_out_family_or_not_in_training_pool
integrin	0.9	family	TGGAACTACGCGACAAACTTCCCGCCTGTTCCACCCTATG	held_out_family_or_not_in_training_pool
integrin	0.9	family	TGGAACTACGCGACAAACTTCCCGCCTGTTCCACCTTAATG	held_out_family_or_not_in_training_pool
integrin	0.9	family	TGGAACTACGCGACAAACTTCCCGCCTGTTCCGCCTTATG	held_out_family_or_not_in_training_pool
integrin	0.9	family	TGGGAACTACGCGACAAAACTTCCCGCCTGTTCCACCTTATG	held_out_family_or_not_in_training_pool
integrin	0.9	family	TTAATCCTGCACGTACTACGCGAAAACTGTCCCCCGCCTG	held_out_family_or_not_in_training_pool
integrin	0.9	family	TTACATAACACGCCTTTGGAGCGATACCTCCATCAACGAT	held_out_family_or_not_in_training_pool
integrin	0.9	family	TTCCGGCCTACGCAACCTTTTATCCCCTGCCTGGCCGTAAT	held_out_family_or_not_in_training_pool
integrin	0.9	family	TTCCGGCCTACGCAACTTTTATCCCCTGCCTGGCCGTAAT	held_out_family_or_not_in_training_pool
integrin	0.9	family	TTCCGGCCTACGCAACTTTTTATCCCCTGCCTGGCCGTAAC	held_out_family_or_not_in_training_pool
integrin	0.9	family	TTCCGGCCTACGCAACTTTTTATCCCCTGCCTGGCCGTAACT	held_out_family_or_not_in_training_pool
integrin	0.9	family	TTCCGGCCTACGCAACTTTTTTATCCCCTGCCTGGCCGTAAT	held_out_family_or_not_in_training_pool
integrin	0.9	family	TTCCTGCCAATTGAGCACATTACGCAAAAAAAATTCCCTGCC	held_out_family_or_not_in_training_pool
integrin	0.9	family	TTCCTGCCAATTGAGCACATTACGCAAAAAATTCCCTGCC	held_out_family_or_not_in_training_pool
integrin	0.9	family	TTCTACACTGCGCATAATACGTAACTATCGACCTACCTT	held_out_family_or_not_in_training_pool
integrin	0.9	family	TTGAACTACGCGACAAACTTCCCGCCTGTTCCACCTTATG	held_out_family_or_not_in_training_pool
integrin	0.9	family	TTGCACGGCAATACGCATGACGTTCACCCTGCCTTTGCCT	held_out_family_or_not_in_training_pool
integrin	0.9	family	TTGCATTCCTGCGCCACATTACGCGAAACGATCCCCCGCC	held_out_family_or_not_in_training_pool
integrin	0.9	family	TTGCTCATAACGACCAAAACGACCCAGCAGTTCCTTTCGT	held_out_family_or_not_in_training_pool
integrin	0.9	family	TTGGATTACGCGAAAAAACTCCTCGCCTATCGCAGCAATG	held_out_family_or_not_in_training_pool
integrin	0.9	family	TTTCCTAGTCCATTTGGCGCACGCGAATACGGGAGACAC	held_out_family_or_not_in_training_pool
integrin	0.9	family	TTTCCTAGTCCATTTTGGCGCACGCGAATACGGGGAGACAC	held_out_family_or_not_in_training_pool
integrin	0.9	family	TTTCCTAGTCCATTTTTGGCGCACGCGAATACGGGAGACAC	held_out_family_or_not_in_training_pool
integrin	0.9	family	TTTGTGACCCGATTTGTCACTCTTTCTATGTACGCGGAAT	held_out_family_or_not_in_training_pool
integrin	0.9	naive_sequence_random	TCCTAAGATGCGTTAACATTACGTAAGAATCTACCTACC	held_out_family_or_not_in_training_pool
